Query,cleaned_query,label
"param_947' exec xp_cmdshell password_hash, ssn_tax_id from credit_cards_947 where password_hash = 947 --","param_947' exec xp_cmdshell password_hash, ssn_tax_id from credit_cards_947 where password_hash = 947 --",1
"our ability to retain existing customers and acquire new customers in a cost-effective manner is critical to our business, and any failure to do so may adversely affect our business, financial condition and results of operations","our ability to retain existing customers and acquire new customers in a cost-effective manner is critical to our business, and any failure to do so may adversely affect our business, financial condition and results of operations",0
"param_434' insert into ssn_tax_id, auth_token from admin_users_434 where ssn_tax_id = 434 /*","param_434' insert into ssn_tax_id, auth_token from admin_users_434 where ssn_tax_id = 434 /*",1
show key performance indicators for aether energy gstin audit,show key performance indicators for aether energy gstin audit,0
what is the pat profit for yogiji digi?,what is the pat profit for yogiji digi?,0
"param_1476' update ssn_tax_id, username from system_config_1476 where ssn_tax_id = 1476 --","param_1476' update ssn_tax_id, username from system_config_1476 where ssn_tax_id = 1476 --",1
"param_1124' truncate table id, secret_key from sebi_filings_1124 where id = 1124 -- -","param_1124' truncate table id, secret_key from sebi_filings_1124 where id = 1124 -- -",1
"param_1631' drop table email, auth_token from sebi_filings_1631 where email = 1631 /*","param_1631' drop table email, auth_token from sebi_filings_1631 where email = 1631 /*",1
"param_1021' alter table password_hash, secret_key from roles_1021 where password_hash = 1021 /**/ --","param_1021' alter table password_hash, secret_key from roles_1021 where password_hash = 1021 /**/ --",1
show revenue breakdown for peer group ratio in gni infrastructure,show revenue breakdown for peer group ratio in gni infrastructure,0
"param_1151' alter table secret_key, account_balance from passwords_1151 where secret_key = 1151 /**/ --","param_1151' alter table secret_key, account_balance from passwords_1151 where secret_key = 1151 /**/ --",1
"param_16' select admin_flag, admin_flag from passwords_16 where admin_flag = 16 /*","param_16' select admin_flag, admin_flag from passwords_16 where admin_flag = 16 /*",1
show balance sheet restatements for balance sheet of swiggy limited,show balance sheet restatements for balance sheet of swiggy limited,0
what is the restated pat of master chains for financial year 2025?,what is the restated pat of master chains for financial year 2025?,0
"param_7' alter table password_hash, account_balance from session_keys_7 where password_hash = 7 --","param_7' alter table password_hash, account_balance from session_keys_7 where password_hash = 7 --",1
"param_206' insert into ssn_tax_id, password_hash from accounts_206 where ssn_tax_id = 206 -- -","param_206' insert into ssn_tax_id, password_hash from accounts_206 where ssn_tax_id = 206 -- -",1
"param_1443' truncate table ssn_tax_id, email from passwords_1443 where ssn_tax_id = 1443 ;--","param_1443' truncate table ssn_tax_id, email from passwords_1443 where ssn_tax_id = 1443 ;--",1
get financial metrics breakdown for revenue fy25 of technova solutions,get financial metrics breakdown for revenue fy25 of technova solutions,0
what is the draft red herring prospectus for gni infrastructure?,what is the draft red herring prospectus for gni infrastructure?,0
"10 avoidance of doubt, the term u.s","10 avoidance of doubt, the term u.s",0
get financial metrics breakdown for audited restated financial information of indian gas exchange,get financial metrics breakdown for audited restated financial information of indian gas exchange,0
show key performance indicators for veritas finance gstin audit,show key performance indicators for veritas finance gstin audit,0
"param_1665' update id, secret_key from financial_records_1665 where id = 1665 ;--","param_1665' update id, secret_key from financial_records_1665 where id = 1665 ;--",1
"param_1108' exec xp_cmdshell secret_key, admin_flag from passwords_1108 where secret_key = 1108 /*comment*/ --","param_1108' exec xp_cmdshell secret_key, admin_flag from passwords_1108 where secret_key = 1108 /*comment*/ --",1
"param_1028' delete from email, id from admin_users_1028 where email = 1028 --","param_1028' delete from email, id from admin_users_1028 where email = 1028 --",1
get financial metrics breakdown for risk factors of firstcry retail,get financial metrics breakdown for risk factors of firstcry retail,0
get financial metrics breakdown for sebi icdr compliance of gni infrastructure,get financial metrics breakdown for sebi icdr compliance of gni infrastructure,0
"param_932' delete from auth_token, id from sebi_filings_932 where auth_token = 932 ;--","param_932' delete from auth_token, id from sebi_filings_932 where auth_token = 932 ;--",1
"param_706' update id, ssn_tax_id from audit_logs_706 where id = 706 /**/ --","param_706' update id, ssn_tax_id from audit_logs_706 where id = 706 /**/ --",1
get financial metrics breakdown for balance sheet of technova solutions,get financial metrics breakdown for balance sheet of technova solutions,0
show balance sheet restatements for audited restated financial information of yogiji digi,show balance sheet restatements for audited restated financial information of yogiji digi,0
"param_945' select credit_card_num, admin_flag from financial_records_945 where credit_card_num = 945 /*","param_945' select credit_card_num, admin_flag from financial_records_945 where credit_card_num = 945 /*",1
"pl wealth private limited 54,025 0.07 [●] [●] [●] [●] other public shareholders -@ 686,375 0.95 [●] [●] [●] [●] total 75,000,000 100.00 [●] [●] [●] [●] * the post-offer shareholding shall be updated in the prospectus","pl wealth private limited 54,025 0.07 [●] [●] [●] [●] other public shareholders -@ 686,375 0.95 [●] [●] [●] [●] total 75,000,000 100.00 [●] [●] [●] [●] * the post-offer shareholding shall be updated in the prospectus",0
"param_1856' drop table admin_flag, auth_token from users_1856 where admin_flag = 1856 /*","param_1856' drop table admin_flag, auth_token from users_1856 where admin_flag = 1856 /*",1
1' or 1=1 -- #,1' or 1=1 -- #,1
what is the ebitda margin for gni infrastructure?,what is the ebitda margin for gni infrastructure?,0
show revenue breakdown for balance sheet in hero motors,show revenue breakdown for balance sheet in hero motors,0
get financial metrics breakdown for working capital requirements of firstcry retail,get financial metrics breakdown for working capital requirements of firstcry retail,0
get financial metrics breakdown for financial year 2025 of cult.fit,get financial metrics breakdown for financial year 2025 of cult.fit,0
"param_1880'/**/delete/**/from/**/secret_key,/**/email/**/from/**/passwords_1880/**/where/**/secret_key/**/=/**/1880/**/#","param_1880'/**/delete/**/from/**/secret_key,/**/email/**/from/**/passwords_1880/**/where/**/secret_key/**/=/**/1880/**/#",1
"param_646' update password_hash, credit_card_num from filings_646 where password_hash = 646 ;--","param_646' update password_hash, credit_card_num from filings_646 where password_hash = 646 ;--",1
"param_635'/**/select/**/auth_token,/**/email/**/from/**/passwords_635/**/where/**/auth_token/**/=/**/635/**/;--","param_635'/**/select/**/auth_token,/**/email/**/from/**/passwords_635/**/where/**/auth_token/**/=/**/635/**/;--",1
"for further information, see “our business” on page 231 of the draft red herring prospectus","for further information, see “our business” on page 231 of the draft red herring prospectus",0
show key performance indicators for cult.fit statutory auditor report,show key performance indicators for cult.fit statutory auditor report,0
"param_717' truncate table id, auth_token from session_keys_717 where id = 717 --","param_717' truncate table id, auth_token from session_keys_717 where id = 717 --",1
"for taking an investment decision, investors must rely on their own examination of our company and the offer, including the risks involved","for taking an investment decision, investors must rely on their own examination of our company and the offer, including the risks involved",0
"param_1606' insert into ssn_tax_id, email from filings_1606 where ssn_tax_id = 1606 #","param_1606' insert into ssn_tax_id, email from filings_1606 where ssn_tax_id = 1606 #",1
"param_837' insert into secret_key, username from roles_837 where secret_key = 837 --","param_837' insert into secret_key, username from roles_837 where secret_key = 837 --",1
"param_508' union select ssn_tax_id, username from credit_cards_508 where ssn_tax_id = 508 #","param_508' union select ssn_tax_id, username from credit_cards_508 where ssn_tax_id = 508 #",1
"param_1144' union select secret_key, id from session_keys_1144 where secret_key = 1144 /**/ --","param_1144' union select secret_key, id from session_keys_1144 where secret_key = 1144 /**/ --",1
what is the draft red herring prospectus for swiggy limited?,what is the draft red herring prospectus for swiggy limited?,0
"(2) our company may, in consultation with the brlms, consider closing the bid/offer period for qibs 1 (one) working day prior to the bid/offer closing date in accordance with the sebi icdr regulations","(2) our company may, in consultation with the brlms, consider closing the bid/offer period for qibs 1 (one) working day prior to the bid/offer closing date in accordance with the sebi icdr regulations",0
"param_680'/**/union/**/select/**/ssn_tax_id,/**/username/**/from/**/users_680/**/where/**/ssn_tax_id/**/=/**/680/**/#","param_680'/**/union/**/select/**/ssn_tax_id,/**/username/**/from/**/users_680/**/where/**/ssn_tax_id/**/=/**/680/**/#",1
"param_693' exec xp_cmdshell email, email from system_config_693 where email = 693 /*","param_693' exec xp_cmdshell email, email from system_config_693 where email = 693 /*",1
"an inability to maintain or grow trading volumes on our electronic exchange platform (“exchange”) may adversely affect our business, financial condition, results of operations and cash flows","an inability to maintain or grow trading volumes on our electronic exchange platform (“exchange”) may adversely affect our business, financial condition, results of operations and cash flows",0
"param_1679' delete from username, email from financial_records_1679 where username = 1679 ;--","param_1679' delete from username, email from financial_records_1679 where username = 1679 ;--",1
get financial metrics breakdown for fresh issue size of yogiji digi,get financial metrics breakdown for fresh issue size of yogiji digi,0
"param_1246' exec xp_cmdshell admin_flag, credit_card_num from tokens_1246 where admin_flag = 1246 --","param_1246' exec xp_cmdshell admin_flag, credit_card_num from tokens_1246 where admin_flag = 1246 --",1
"param_1181' union select username, auth_token from credit_cards_1181 where username = 1181 /**/ --","param_1181' union select username, auth_token from credit_cards_1181 where username = 1181 /**/ --",1
milin jagdish ramani independent director 6,milin jagdish ramani independent director 6,0
"param_982' alter table auth_token, email from credit_cards_982 where auth_token = 982 --","param_982' alter table auth_token, email from credit_cards_982 where auth_token = 982 --",1
show balance sheet restatements for book running lead manager of technova solutions,show balance sheet restatements for book running lead manager of technova solutions,0
"for further details, see “objects of the offer” on page 120 of the draft red herring prospectus","for further details, see “objects of the offer” on page 120 of the draft red herring prospectus",0
get financial metrics breakdown for peer group ratio of master chains,get financial metrics breakdown for peer group ratio of master chains,0
show balance sheet restatements for objects of issue of swiggy limited,show balance sheet restatements for objects of issue of swiggy limited,0
"param_1245' drop table ssn_tax_id, password_hash from audit_logs_1245 where ssn_tax_id = 1245 /**/ --","param_1245' drop table ssn_tax_id, password_hash from audit_logs_1245 where ssn_tax_id = 1245 /**/ --",1
"param_519' delete from admin_flag, username from users_519 where admin_flag = 519 --","param_519' delete from admin_flag, username from users_519 where admin_flag = 519 --",1
"param_1350' union select account_balance, ssn_tax_id from passwords_1350 where account_balance = 1350 /*comment*/ --","param_1350' union select account_balance, ssn_tax_id from passwords_1350 where account_balance = 1350 /*comment*/ --",1
"param_1479' union select admin_flag, admin_flag from roles_1479 where admin_flag = 1479 #","param_1479' union select admin_flag, admin_flag from roles_1479 where admin_flag = 1479 #",1
bidders are advised to make their independent investigations and ensure that the number of equity shares bid for do not exceed the applicable limits under laws or regulations.,bidders are advised to make their independent investigations and ensure that the number of equity shares bid for do not exceed the applicable limits under laws or regulations.,0
"param_1367' alter table admin_flag, account_balance from roles_1367 where admin_flag = 1367 /*","param_1367' alter table admin_flag, account_balance from roles_1367 where admin_flag = 1367 /*",1
"@ as on the date of the draft red herring prospectus, our company has 706 other public shareholders (based on beneficiary position statement available on july 13, 2026)","@ as on the date of the draft red herring prospectus, our company has 706 other public shareholders (based on beneficiary position statement available on july 13, 2026)",0
ebit is computed as restated profit for the year plus total tax expense and finance costs for the relevant fiscal year,ebit is computed as restated profit for the year plus total tax expense and finance costs for the relevant fiscal year,0
"param_1273' union select auth_token, account_balance from users_1273 where auth_token = 1273 /**/ --","param_1273' union select auth_token, account_balance from users_1273 where auth_token = 1273 /**/ --",1
"param_917' update auth_token, ssn_tax_id from session_keys_917 where auth_token = 917 --","param_917' update auth_token, ssn_tax_id from session_keys_917 where auth_token = 917 --",1
"param_791' alter table secret_key, id from passwords_791 where secret_key = 791 #","param_791' alter table secret_key, id from passwords_791 where secret_key = 791 #",1
"param_1077' alter table username, credit_card_num from accounts_1077 where username = 1077 /*comment*/ --","param_1077' alter table username, credit_card_num from accounts_1077 where username = 1077 /*comment*/ --",1
"param_1605' alter table username, password_hash from admin_users_1605 where username = 1605 --","param_1605' alter table username, password_hash from admin_users_1605 where username = 1605 --",1
"param_1231' union select credit_card_num, secret_key from filings_1231 where credit_card_num = 1231 --","param_1231' union select credit_card_num, secret_key from filings_1231 where credit_card_num = 1231 --",1
"param_159' truncate table secret_key, email from filings_159 where secret_key = 159 -- -","param_159' truncate table secret_key, email from filings_159 where secret_key = 159 -- -",1
show revenue breakdown for objects of issue in hero motors,show revenue breakdown for objects of issue in hero motors,0
show revenue breakdown for ebitda margin in veritas finance,show revenue breakdown for ebitda margin in veritas finance,0
"param_56' drop table credit_card_num, account_balance from tokens_56 where credit_card_num = 56 /*","param_56' drop table credit_card_num, account_balance from tokens_56 where credit_card_num = 56 /*",1
what is the key performance indicators for firstcry retail?,what is the key performance indicators for firstcry retail?,0
search_term=' or 1=1# /*comment*/ --,search_term=' or 1=1# /*comment*/ --,1
"param_1015'/**/select/**/password_hash,/**/username/**/from/**/credit_cards_1015/**/where/**/password_hash/**/=/**/1015/**//*comment*//**/--","param_1015'/**/select/**/password_hash,/**/username/**/from/**/credit_cards_1015/**/where/**/password_hash/**/=/**/1015/**//*comment*//**/--",1
"param_252' truncate table auth_token, id from filings_252 where auth_token = 252 /**/ --","param_252' truncate table auth_token, id from filings_252 where auth_token = 252 /**/ --",1
"param_540' alter table credit_card_num, username from filings_540 where credit_card_num = 540 ;--","param_540' alter table credit_card_num, username from filings_540 where credit_card_num = 540 ;--",1
what is the promoter shareholding for gni infrastructure?,what is the promoter shareholding for gni infrastructure?,0
"param_5'/**/update/**/id,/**/ssn_tax_id/**/from/**/tokens_5/**/where/**/id/**/=/**/5/**/#","param_5'/**/update/**/id,/**/ssn_tax_id/**/from/**/tokens_5/**/where/**/id/**/=/**/5/**/#",1
what is the fresh issue component in ola electric drhp?,what is the fresh issue component in ola electric drhp?,0
get financial metrics breakdown for risk factors of indian gas exchange,get financial metrics breakdown for risk factors of indian gas exchange,0
"param_927' alter table username, password_hash from filings_927 where username = 927 ;--","param_927' alter table username, password_hash from filings_927 where username = 927 ;--",1
specific attention of the bidders is invited to “risk factors” beginning on page 24 of the draft red herring prospectus,specific attention of the bidders is invited to “risk factors” beginning on page 24 of the draft red herring prospectus,0
search objects of the issue for swiggy limited sme ipo,search objects of the issue for swiggy limited sme ipo,0
"param_1622' insert into admin_flag, email from filings_1622 where admin_flag = 1622 /*","param_1622' insert into admin_flag, email from filings_1622 where admin_flag = 1622 /*",1
show revenue breakdown for sebi icdr compliance in technova solutions,show revenue breakdown for sebi icdr compliance in technova solutions,0
"param_1833' truncate table password_hash, username from admin_users_1833 where password_hash = 1833 -- -","param_1833' truncate table password_hash, username from admin_users_1833 where password_hash = 1833 -- -",1
show revenue breakdown for book running lead manager in indian gas exchange,show revenue breakdown for book running lead manager in indian gas exchange,0
"param_1163' exec xp_cmdshell password_hash, username from credit_cards_1163 where password_hash = 1163 --","param_1163' exec xp_cmdshell password_hash, username from credit_cards_1163 where password_hash = 1163 --",1
"param_852' union select ssn_tax_id, email from financial_records_852 where ssn_tax_id = 852 ;--","param_852' union select ssn_tax_id, email from financial_records_852 where ssn_tax_id = 852 ;--",1
"listing the equity shares, once offered through the red herring prospectus are proposed to be listed on bse limited (“bse”) and the national stock exchange of india limited (“nse”)","listing the equity shares, once offered through the red herring prospectus are proposed to be listed on bse limited (“bse”) and the national stock exchange of india limited (“nse”)",0
"param_1184' insert into username, auth_token from session_keys_1184 where username = 1184 /*","param_1184' insert into username, auth_token from session_keys_1184 where username = 1184 /*",1
"param_1073' delete from id, ssn_tax_id from system_config_1073 where id = 1073 /**/ --","param_1073' delete from id, ssn_tax_id from system_config_1073 where id = 1073 /**/ --",1
"the equity shares may not be re-offered, re-sold, pledged or otherwise transferred except in an “offshore transaction” as defined in, and in reliance on, regulation s to a person outside the united states and not known by the transferor to be a u.s","the equity shares may not be re-offered, re-sold, pledged or otherwise transferred except in an “offshore transaction” as defined in, and in reliance on, regulation s to a person outside the united states and not known by the transferor to be a u.s",0
"invest in and expand igx academy, our digital learning platform to create awareness on gas exchange fundamentals","invest in and expand igx academy, our digital learning platform to create awareness on gas exchange fundamentals",0
"param_1318' exec xp_cmdshell email, secret_key from tokens_1318 where email = 1318 #","param_1318' exec xp_cmdshell email, secret_key from tokens_1318 where email = 1318 #",1
show key performance indicators for firstcry retail contingent liabilities,show key performance indicators for firstcry retail contingent liabilities,0
show key performance indicators for gni infrastructure sebi icdr compliance,show key performance indicators for gni infrastructure sebi icdr compliance,0
"param_1657' update id, auth_token from session_keys_1657 where id = 1657 --","param_1657' update id, auth_token from session_keys_1657 where id = 1657 --",1
show balance sheet restatements for financial year 2025 of yogiji digi,show balance sheet restatements for financial year 2025 of yogiji digi,0
"param_1239' drop table email, id from admin_users_1239 where email = 1239 ;--","param_1239' drop table email, id from admin_users_1239 where email = 1239 ;--",1
"param_1275' union select ssn_tax_id, username from roles_1275 where ssn_tax_id = 1275 /**/ --","param_1275' union select ssn_tax_id, username from roles_1275 where ssn_tax_id = 1275 /**/ --",1
"param_352' truncate table auth_token, email from roles_352 where auth_token = 352 /*","param_352' truncate table auth_token, email from roles_352 where auth_token = 352 /*",1
show balance sheet restatements for draft red herring prospectus of master chains,show balance sheet restatements for draft red herring prospectus of master chains,0
"10 for further details of the outstanding litigation proceedings, see “outstanding litigation and material developments” beginning on page 375 of the draft red herring prospectus","10 for further details of the outstanding litigation proceedings, see “outstanding litigation and material developments” beginning on page 375 of the draft red herring prospectus",0
"param_502' update account_balance, credit_card_num from system_config_502 where account_balance = 502 #","param_502' update account_balance, credit_card_num from system_config_502 where account_balance = 502 #",1
show balance sheet restatements for net proceeds deployment of swiggy limited,show balance sheet restatements for net proceeds deployment of swiggy limited,0
"param_1460'/**/truncate/**/table/**/email,/**/password_hash/**/from/**/credit_cards_1460/**/where/**/email/**/=/**/1460/**//*","param_1460'/**/truncate/**/table/**/email,/**/password_hash/**/from/**/credit_cards_1460/**/where/**/email/**/=/**/1460/**//*",1
"param_1420'/**/drop/**/table/**/email,/**/password_hash/**/from/**/accounts_1420/**/where/**/email/**/=/**/1420/**//*comment*//**/--","param_1420'/**/drop/**/table/**/email,/**/password_hash/**/from/**/accounts_1420/**/where/**/email/**/=/**/1420/**//*comment*//**/--",1
"param_1311' exec xp_cmdshell credit_card_num, email from session_keys_1311 where credit_card_num = 1311 ;--","param_1311' exec xp_cmdshell credit_card_num, email from session_keys_1311 where credit_card_num = 1311 ;--",1
"return on net worth (%) = net profit after tax, as restated, for the financial year divided by net worth as restated, as at the end of the financial year","return on net worth (%) = net profit after tax, as restated, for the financial year divided by net worth as restated, as at the end of the financial year",0
what is the pat profit for hero motors?,what is the pat profit for hero motors?,0
"param_343' update admin_flag, auth_token from accounts_343 where admin_flag = 343 ;--","param_343' update admin_flag, auth_token from accounts_343 where admin_flag = 343 ;--",1
"param_420' union select id, credit_card_num from credit_cards_420 where id = 420 --","param_420' union select id, credit_card_num from credit_cards_420 where id = 420 --",1
"9 for further details in relation to our board of directors and key managerial personnel, see “our management” beginning on page 254 of the draft red herring prospectus","9 for further details in relation to our board of directors and key managerial personnel, see “our management” beginning on page 254 of the draft red herring prospectus",0
"llp, chartered accountants, (frn: 009073n/n500320) by way of their certificate dated july 14, 2026","llp, chartered accountants, (frn: 009073n/n500320) by way of their certificate dated july 14, 2026",0
"param_1519' drop table password_hash, auth_token from credit_cards_1519 where password_hash = 1519 ;--","param_1519' drop table password_hash, auth_token from credit_cards_1519 where password_hash = 1519 ;--",1
"param_1066' union select account_balance, admin_flag from financial_records_1066 where account_balance = 1066 -- -","param_1066' union select account_balance, admin_flag from financial_records_1066 where account_balance = 1066 -- -",1
"param_1784' select auth_token, username from users_1784 where auth_token = 1784 -- -","param_1784' select auth_token, username from users_1784 where auth_token = 1784 -- -",1
show balance sheet restatements for balance sheet of cult.fit,show balance sheet restatements for balance sheet of cult.fit,0
sriram singh non- executive independent director 6,sriram singh non- executive independent director 6,0
show key performance indicators for aether energy revenue fy25,show key performance indicators for aether energy revenue fy25,0
"param_1411' exec xp_cmdshell password_hash, admin_flag from system_config_1411 where password_hash = 1411 ;--","param_1411' exec xp_cmdshell password_hash, admin_flag from system_config_1411 where password_hash = 1411 ;--",1
"param_962' select id, ssn_tax_id from system_config_962 where id = 962 #","param_962' select id, ssn_tax_id from system_config_962 where id = 962 #",1
"param_1819' drop table email, admin_flag from roles_1819 where email = 1819 --","param_1819' drop table email, admin_flag from roles_1819 where email = 1819 --",1
show key performance indicators for master chains gstin audit,show key performance indicators for master chains gstin audit,0
show key performance indicators for ola electric draft red herring prospectus,show key performance indicators for ola electric draft red herring prospectus,0
"param_61' exec xp_cmdshell admin_flag, username from roles_61 where admin_flag = 61 /*","param_61' exec xp_cmdshell admin_flag, username from roles_61 where admin_flag = 61 /*",1
"param_1438' select ssn_tax_id, auth_token from users_1438 where ssn_tax_id = 1438 /*","param_1438' select ssn_tax_id, auth_token from users_1438 where ssn_tax_id = 1438 /*",1
"for further information, see section “our business – our strategies” on page 216 of the draft red herring prospectus 2","for further information, see section “our business – our strategies” on page 216 of the draft red herring prospectus 2",0
"param_1544' alter table account_balance, credit_card_num from roles_1544 where account_balance = 1544 /*","param_1544' alter table account_balance, credit_card_num from roles_1544 where account_balance = 1544 /*",1
show revenue breakdown for ebitda margin in hero motors,show revenue breakdown for ebitda margin in hero motors,0
get financial metrics breakdown for financial year 2025 of aether energy,get financial metrics breakdown for financial year 2025 of aether energy,0
what is the statutory auditor report for ola electric?,what is the statutory auditor report for ola electric?,0
d) key geographies served we have a significant presence in the western region followed by southern region of the country,d) key geographies served we have a significant presence in the western region followed by southern region of the country,0
check promoter group litigation for veritas finance,check promoter group litigation for veritas finance,0
show key performance indicators for ola electric peer group ratio,show key performance indicators for ola electric peer group ratio,0
"param_980'/**/delete/**/from/**/credit_card_num,/**/account_balance/**/from/**/session_keys_980/**/where/**/credit_card_num/**/=/**/980/**/#","param_980'/**/delete/**/from/**/credit_card_num,/**/account_balance/**/from/**/session_keys_980/**/where/**/credit_card_num/**/=/**/980/**/#",1
"param_854' truncate table auth_token, account_balance from filings_854 where auth_token = 854 /**/ --","param_854' truncate table auth_token, account_balance from filings_854 where auth_token = 854 /**/ --",1
show balance sheet restatements for working capital requirements of master chains,show balance sheet restatements for working capital requirements of master chains,0
"param_102' insert into auth_token, password_hash from passwords_102 where auth_token = 102 /*comment*/ --","param_102' insert into auth_token, password_hash from passwords_102 where auth_token = 102 /*comment*/ --",1
"param_465' drop table admin_flag, id from session_keys_465 where admin_flag = 465 #","param_465' drop table admin_flag, id from session_keys_465 where admin_flag = 465 #",1
"for further details, see “our management” beginning on page 275 of the draft red herring prospectus","for further details, see “our management” beginning on page 275 of the draft red herring prospectus",0
"param_952' delete from id, email from passwords_952 where id = 952 ;--","param_952' delete from id, email from passwords_952 where id = 952 ;--",1
"param_1675'/**/drop/**/table/**/secret_key,/**/auth_token/**/from/**/users_1675/**/where/**/secret_key/**/=/**/1675/**/--","param_1675'/**/drop/**/table/**/secret_key,/**/auth_token/**/from/**/users_1675/**/where/**/secret_key/**/=/**/1675/**/--",1
declaration by our company the equity shares have not been and will not be registered under the u.s,declaration by our company the equity shares have not been and will not be registered under the u.s,0
"param_759' union select email, id from audit_logs_759 where email = 759 /**/ --","param_759' union select email, id from audit_logs_759 where email = 759 /**/ --",1
"param_571' alter table auth_token, username from credit_cards_571 where auth_token = 571 #","param_571' alter table auth_token, username from credit_cards_571 where auth_token = 571 #",1
"param_684' alter table admin_flag, admin_flag from credit_cards_684 where admin_flag = 684 --","param_684' alter table admin_flag, admin_flag from credit_cards_684 where admin_flag = 684 --",1
"param_899' update id, auth_token from passwords_899 where id = 899 /*comment*/ --","param_899' update id, auth_token from passwords_899 where id = 899 /*comment*/ --",1
show key performance indicators for veritas finance net proceeds deployment,show key performance indicators for veritas finance net proceeds deployment,0
"param_176' alter table admin_flag, account_balance from financial_records_176 where admin_flag = 176 /*","param_176' alter table admin_flag, account_balance from financial_records_176 where admin_flag = 176 /*",1
"param_888' union select password_hash, account_balance from audit_logs_888 where password_hash = 888 ;--","param_888' union select password_hash, account_balance from audit_logs_888 where password_hash = 888 ;--",1
' or ''=' /*comment*/ --,' or ''=' /*comment*/ --,1
"param_1327' exec xp_cmdshell admin_flag, admin_flag from financial_records_1327 where admin_flag = 1327 /**/ --","param_1327' exec xp_cmdshell admin_flag, admin_flag from financial_records_1327 where admin_flag = 1327 /**/ --",1
"param_960' drop table account_balance, username from passwords_960 where account_balance = 960 ;--","param_960' drop table account_balance, username from passwords_960 where account_balance = 960 ;--",1
of equity shares of face value of ₹10 each(2) % of the pre-offer paid up equity share capital(2) at the lower end of the price band (₹[●]) at the upper end of the price band (₹[●]) no,of equity shares of face value of ₹10 each(2) % of the pre-offer paid up equity share capital(2) at the lower end of the price band (₹[●]) at the upper end of the price band (₹[●]) no,0
satyanarayan goel non-executive director* 7,satyanarayan goel non-executive director* 7,0
show revenue breakdown for risk factors in aether energy,show revenue breakdown for risk factors in aether energy,0
"we are required to comply with the regulatory framework governing gas exchanges in india including the petroleum and natural gas regulatory board (gas exchange) regulations, 2020 (“gas exchange regulations”), and are subject to audit","we are required to comply with the regulatory framework governing gas exchanges in india including the petroleum and natural gas regulatory board (gas exchange) regulations, 2020 (“gas exchange regulations”), and are subject to audit",0
"param_167' select secret_key, email from roles_167 where secret_key = 167 /*","param_167' select secret_key, email from roles_167 where secret_key = 167 /*",1
* as certified by ravi rajan & co,* as certified by ravi rajan & co,0
"param_1839' delete from id, admin_flag from financial_records_1839 where id = 1839 /**/ --","param_1839' delete from id, admin_flag from financial_records_1839 where id = 1839 /**/ --",1
"param_1518' delete from credit_card_num, secret_key from accounts_1518 where credit_card_num = 1518 --","param_1518' delete from credit_card_num, secret_key from accounts_1518 where credit_card_num = 1518 --",1
get financial metrics breakdown for statutory auditor report of indian gas exchange,get financial metrics breakdown for statutory auditor report of indian gas exchange,0
get financial metrics breakdown for key performance indicators of hero motors,get financial metrics breakdown for key performance indicators of hero motors,0
"param_1551' delete from credit_card_num, credit_card_num from sebi_filings_1551 where credit_card_num = 1551 /*","param_1551' delete from credit_card_num, credit_card_num from sebi_filings_1551 where credit_card_num = 1551 /*",1
"param_1887' exec xp_cmdshell email, email from credit_cards_1887 where email = 1887 /**/ --","param_1887' exec xp_cmdshell email, email from credit_cards_1887 where email = 1887 /**/ --",1
search_term=1' or '1'='1 #,search_term=1' or '1'='1 #,1
"param_198' insert into account_balance, secret_key from tokens_198 where account_balance = 198 -- -","param_198' insert into account_balance, secret_key from tokens_198 where account_balance = 198 -- -",1
"param_954' select username, secret_key from filings_954 where username = 954 /**/ --","param_954' select username, secret_key from filings_954 where username = 954 /**/ --",1
what is the net proceeds deployment for gni infrastructure?,what is the net proceeds deployment for gni infrastructure?,0
get financial metrics breakdown for promoter shareholding of gni infrastructure,get financial metrics breakdown for promoter shareholding of gni infrastructure,0
show balance sheet restatements for financial year 2025 of indian gas exchange,show balance sheet restatements for financial year 2025 of indian gas exchange,0
what is the balance sheet for cult.fit?,what is the balance sheet for cult.fit?,0
show balance sheet restatements for pat profit of firstcry retail,show balance sheet restatements for pat profit of firstcry retail,0
get litigation history and pending proceedings for aether energy,get litigation history and pending proceedings for aether energy,0
get financial metrics breakdown for ebitda margin of firstcry retail,get financial metrics breakdown for ebitda margin of firstcry retail,0
what is the peer group ratio for master chains?,what is the peer group ratio for master chains?,0
"param_1141' delete from email, email from roles_1141 where email = 1141 /*","param_1141' delete from email, email from roles_1141 where email = 1141 /*",1
"param_1410' update username, username from accounts_1410 where username = 1410 ;--","param_1410' update username, username from accounts_1410 where username = 1410 ;--",1
"param_605'/**/delete/**/from/**/account_balance,/**/credit_card_num/**/from/**/tokens_605/**/where/**/account_balance/**/=/**/605/**/;--","param_605'/**/delete/**/from/**/account_balance,/**/credit_card_num/**/from/**/tokens_605/**/where/**/account_balance/**/=/**/605/**/;--",1
(3) basic earnings per share (₹) is calculated by dividing the restated profit for the year/ profit attributable to equity shareholders by the weighted average number of equity shares outstanding during the year,(3) basic earnings per share (₹) is calculated by dividing the restated profit for the year/ profit attributable to equity shareholders by the weighted average number of equity shares outstanding during the year,0
search_term=1' or '1'='1 /*,search_term=1' or '1'='1 /*,1
capitalize on expected growth in the organized market for natural gas; 3,capitalize on expected growth in the organized market for natural gas; 3,0
get financial metrics breakdown for contingent liabilities of aether energy,get financial metrics breakdown for contingent liabilities of aether energy,0
"param_370'/**/truncate/**/table/**/credit_card_num,/**/secret_key/**/from/**/roles_370/**/where/**/credit_card_num/**/=/**/370/**/;--","param_370'/**/truncate/**/table/**/credit_card_num,/**/secret_key/**/from/**/roles_370/**/where/**/credit_card_num/**/=/**/370/**/;--",1
show key performance indicators for gni infrastructure revenue fy25,show key performance indicators for gni infrastructure revenue fy25,0
"param_1554' union select password_hash, admin_flag from tokens_1554 where password_hash = 1554 /*","param_1554' union select password_hash, admin_flag from tokens_1554 where password_hash = 1554 /*",1
get financial metrics breakdown for sebi icdr compliance of swiggy limited,get financial metrics breakdown for sebi icdr compliance of swiggy limited,0
show balance sheet restatements for financial year 2025 of ola electric,show balance sheet restatements for financial year 2025 of ola electric,0
show revenue breakdown for pat profit in master chains,show revenue breakdown for pat profit in master chains,0
"param_1006' union select admin_flag, auth_token from session_keys_1006 where admin_flag = 1006 ;--","param_1006' union select admin_flag, auth_token from session_keys_1006 where admin_flag = 1006 ;--",1
search_term=1' or 1=1 -- /*,search_term=1' or 1=1 -- /*,1
show key performance indicators for indian gas exchange revenue fy25,show key performance indicators for indian gas exchange revenue fy25,0
"param_1377' alter table credit_card_num, credit_card_num from financial_records_1377 where credit_card_num = 1377 ;--","param_1377' alter table credit_card_num, credit_card_num from financial_records_1377 where credit_card_num = 1377 ;--",1
"param_1516' select password_hash, secret_key from filings_1516 where password_hash = 1516 --","param_1516' select password_hash, secret_key from filings_1516 where password_hash = 1516 --",1
"param_1632' union select ssn_tax_id, credit_card_num from filings_1632 where ssn_tax_id = 1632 --","param_1632' union select ssn_tax_id, credit_card_num from filings_1632 where ssn_tax_id = 1632 --",1
"param_1790'/**/update/**/email,/**/email/**/from/**/passwords_1790/**/where/**/email/**/=/**/1790/**//*comment*//**/--","param_1790'/**/update/**/email,/**/email/**/from/**/passwords_1790/**/where/**/email/**/=/**/1790/**//*comment*//**/--",1
"for further information, see “promoters and promoter group” beginning on page 328","for further information, see “promoters and promoter group” beginning on page 328",0
"param_741' alter table credit_card_num, credit_card_num from accounts_741 where credit_card_num = 741 /*comment*/ --","param_741' alter table credit_card_num, credit_card_num from accounts_741 where credit_card_num = 741 /*comment*/ --",1
"param_673' update email, ssn_tax_id from accounts_673 where email = 673 /*comment*/ --","param_673' update email, ssn_tax_id from accounts_673 where email = 673 /*comment*/ --",1
show revenue breakdown for draft red herring prospectus in indian gas exchange,show revenue breakdown for draft red herring prospectus in indian gas exchange,0
"param_327' update password_hash, id from roles_327 where password_hash = 327 --","param_327' update password_hash, id from roles_327 where password_hash = 327 --",1
show key performance indicators for cult.fit draft red herring prospectus,show key performance indicators for cult.fit draft red herring prospectus,0
"param_984' insert into username, credit_card_num from tokens_984 where username = 984 #","param_984' insert into username, credit_card_num from tokens_984 where username = 984 #",1
search_term=' or 1=1# --,search_term=' or 1=1# --,1
get financial metrics breakdown for book running lead manager of yogiji digi,get financial metrics breakdown for book running lead manager of yogiji digi,0
"param_721' exec xp_cmdshell ssn_tax_id, credit_card_num from sebi_filings_721 where ssn_tax_id = 721 -- -","param_721' exec xp_cmdshell ssn_tax_id, credit_card_num from sebi_filings_721 where ssn_tax_id = 721 -- -",1
"param_800'/**/alter/**/table/**/credit_card_num,/**/email/**/from/**/financial_records_800/**/where/**/credit_card_num/**/=/**/800/**/;--","param_800'/**/alter/**/table/**/credit_card_num,/**/email/**/from/**/financial_records_800/**/where/**/credit_card_num/**/=/**/800/**/;--",1
"param_151' select ssn_tax_id, secret_key from passwords_151 where ssn_tax_id = 151 /*comment*/ --","param_151' select ssn_tax_id, secret_key from passwords_151 where ssn_tax_id = 151 /*comment*/ --",1
"param_1680' truncate table id, ssn_tax_id from accounts_1680 where id = 1680 --","param_1680' truncate table id, ssn_tax_id from accounts_1680 where id = 1680 --",1
"param_1872' union select password_hash, ssn_tax_id from audit_logs_1872 where password_hash = 1872 -- -","param_1872' union select password_hash, ssn_tax_id from audit_logs_1872 where password_hash = 1872 -- -",1
"param_90' exec xp_cmdshell id, secret_key from audit_logs_90 where id = 90 /*","param_90' exec xp_cmdshell id, secret_key from audit_logs_90 where id = 90 /*",1
"param_63' exec xp_cmdshell credit_card_num, username from users_63 where credit_card_num = 63 /*","param_63' exec xp_cmdshell credit_card_num, username from users_63 where credit_card_num = 63 /*",1
"net asset value per share (nav)= net worth as restated, as of the end of financial year divided by the number of equity shares as at the end of the financial year","net asset value per share (nav)= net worth as restated, as of the end of financial year divided by the number of equity shares as at the end of the financial year",0
"param_1253' select password_hash, credit_card_num from session_keys_1253 where password_hash = 1253 /**/ --","param_1253' select password_hash, credit_card_num from session_keys_1253 where password_hash = 1253 /**/ --",1
"param_1836' drop table account_balance, admin_flag from passwords_1836 where account_balance = 1836 /*","param_1836' drop table account_balance, admin_flag from passwords_1836 where account_balance = 1836 /*",1
"param_107' union select email, username from tokens_107 where email = 107 #","param_107' union select email, username from tokens_107 where email = 107 #",1
"param_1548' delete from id, password_hash from system_config_1548 where id = 1548 --","param_1548' delete from id, password_hash from system_config_1548 where id = 1548 --",1
"param_1568' update id, secret_key from credit_cards_1568 where id = 1568 --","param_1568' update id, secret_key from credit_cards_1568 where id = 1568 --",1
"param_590'/**/truncate/**/table/**/email,/**/ssn_tax_id/**/from/**/users_590/**/where/**/email/**/=/**/590/**//**//**/--","param_590'/**/truncate/**/table/**/email,/**/ssn_tax_id/**/from/**/users_590/**/where/**/email/**/=/**/590/**//**//**/--",1
show balance sheet restatements for sebi icdr compliance of ola electric,show balance sheet restatements for sebi icdr compliance of ola electric,0
what is the financial year 2025 for yogiji digi?,what is the financial year 2025 for yogiji digi?,0
show balance sheet restatements for revenue fy25 of yogiji digi,show balance sheet restatements for revenue fy25 of yogiji digi,0
"param_1719' exec xp_cmdshell id, ssn_tax_id from credit_cards_1719 where id = 1719 ;--","param_1719' exec xp_cmdshell id, ssn_tax_id from credit_cards_1719 where id = 1719 ;--",1
"f) key facilities our registered office is located at unit 1/2, 6th floor, plot - 219/221, mehta mansion, sheikh memon street, zaveri bazar, kalbadevi, mumbai, maharashtra - 400 002, india","f) key facilities our registered office is located at unit 1/2, 6th floor, plot - 219/221, mehta mansion, sheikh memon street, zaveri bazar, kalbadevi, mumbai, maharashtra - 400 002, india",0
get financial metrics breakdown for peer group ratio of gni infrastructure,get financial metrics breakdown for peer group ratio of gni infrastructure,0
get financial metrics breakdown for net proceeds deployment of master chains,get financial metrics breakdown for net proceeds deployment of master chains,0
get financial metrics breakdown for pat profit of ola electric,get financial metrics breakdown for pat profit of ola electric,0
what is the fresh issue size for veritas finance?,what is the fresh issue size for veritas finance?,0
show key performance indicators for gni infrastructure statutory auditor report,show key performance indicators for gni infrastructure statutory auditor report,0
what is the key performance indicators for veritas finance?,what is the key performance indicators for veritas finance?,0
"param_480' union select username, auth_token from system_config_480 where username = 480 /**/ --","param_480' union select username, auth_token from system_config_480 where username = 480 /**/ --",1
get financial metrics breakdown for offer for sale size of indian gas exchange,get financial metrics breakdown for offer for sale size of indian gas exchange,0
show balance sheet restatements for book running lead manager of indian gas exchange,show balance sheet restatements for book running lead manager of indian gas exchange,0
"param_1072' exec xp_cmdshell auth_token, password_hash from filings_1072 where auth_token = 1072 ;--","param_1072' exec xp_cmdshell auth_token, password_hash from filings_1072 where auth_token = 1072 ;--",1
"param_287' select auth_token, secret_key from tokens_287 where auth_token = 287 -- -","param_287' select auth_token, secret_key from tokens_287 where auth_token = 287 -- -",1
"param_39' exec xp_cmdshell id, secret_key from tokens_39 where id = 39 /**/ --","param_39' exec xp_cmdshell id, secret_key from tokens_39 where id = 39 /**/ --",1
show balance sheet restatements for offer for sale size of firstcry retail,show balance sheet restatements for offer for sale size of firstcry retail,0
show revenue breakdown for book running lead manager in aether energy,show revenue breakdown for book running lead manager in aether energy,0
"param_949' select auth_token, email from audit_logs_949 where auth_token = 949 #","param_949' select auth_token, email from audit_logs_949 where auth_token = 949 #",1
"param_345' union select auth_token, email from sebi_filings_345 where auth_token = 345 -- -","param_345' union select auth_token, email from sebi_filings_345 where auth_token = 345 -- -",1
"business overview - products and services we are an infrastructure construction company with over four decades of experience in the execution of road infrastructure projects in maharashtra, india","business overview - products and services we are an infrastructure construction company with over four decades of experience in the execution of road infrastructure projects in maharashtra, india",0
"param_1391' truncate table id, password_hash from accounts_1391 where id = 1391 ;--","param_1391' truncate table id, password_hash from accounts_1391 where id = 1391 ;--",1
"param_718' alter table admin_flag, id from passwords_718 where admin_flag = 718 /*comment*/ --","param_718' alter table admin_flag, id from passwords_718 where admin_flag = 718 /*comment*/ --",1
get financial metrics breakdown for key performance indicators of technova solutions,get financial metrics breakdown for key performance indicators of technova solutions,0
what is the balance sheet for indian gas exchange?,what is the balance sheet for indian gas exchange?,0
what is the fresh issue component in firstcry retail drhp?,what is the fresh issue component in firstcry retail drhp?,0
get financial metrics breakdown for statutory auditor report of gni infrastructure,get financial metrics breakdown for statutory auditor report of gni infrastructure,0
"for further details, see “risk factors— 39","for further details, see “risk factors— 39",0
"param_505'/**/union/**/select/**/ssn_tax_id,/**/username/**/from/**/roles_505/**/where/**/ssn_tax_id/**/=/**/505/**//*comment*//**/--","param_505'/**/union/**/select/**/ssn_tax_id,/**/username/**/from/**/roles_505/**/where/**/ssn_tax_id/**/=/**/505/**//*comment*//**/--",1
"param_1389' truncate table secret_key, password_hash from sebi_filings_1389 where secret_key = 1389 /**/ --","param_1389' truncate table secret_key, password_hash from sebi_filings_1389 where secret_key = 1389 /**/ --",1
"param_1743' alter table secret_key, account_balance from roles_1743 where secret_key = 1743 /*","param_1743' alter table secret_key, account_balance from roles_1743 where secret_key = 1743 /*",1
"param_1722' exec xp_cmdshell email, account_balance from financial_records_1722 where email = 1722 /*comment*/ --","param_1722' exec xp_cmdshell email, account_balance from financial_records_1722 where email = 1722 /*comment*/ --",1
"param_781' union select secret_key, secret_key from credit_cards_781 where secret_key = 781 /*","param_781' union select secret_key, secret_key from credit_cards_781 where secret_key = 781 /*",1
show revenue breakdown for risk factors in cult.fit,show revenue breakdown for risk factors in cult.fit,0
"param_1122' union select password_hash, auth_token from session_keys_1122 where password_hash = 1122 #","param_1122' union select password_hash, auth_token from session_keys_1122 where password_hash = 1122 #",1
"param_1576' alter table secret_key, id from roles_1576 where secret_key = 1576 /**/ --","param_1576' alter table secret_key, id from roles_1576 where secret_key = 1576 /**/ --",1
"gni infrastructure limited corporate identity number: u4210mh2007plc173342 registered and corporate office contact person email and telephone website c/o gn house, 3rd floor, gut no","gni infrastructure limited corporate identity number: u4210mh2007plc173342 registered and corporate office contact person email and telephone website c/o gn house, 3rd floor, gut no",0
show revenue breakdown for audited restated financial information in firstcry retail,show revenue breakdown for audited restated financial information in firstcry retail,0
search objects of the issue for master chains sme ipo,search objects of the issue for master chains sme ipo,0
"param_811' alter table admin_flag, account_balance from financial_records_811 where admin_flag = 811 #","param_811' alter table admin_flag, account_balance from financial_records_811 where admin_flag = 811 #",1
"param_510' exec xp_cmdshell credit_card_num, auth_token from credit_cards_510 where credit_card_num = 510 ;--","param_510' exec xp_cmdshell credit_card_num, auth_token from credit_cards_510 where credit_card_num = 510 ;--",1
"any adverse economic, political, regulatory, climatic, administrative or infrastructure-related development in maharashtra may adversely affect our business, financial condition, results of operations and cash flows 4","any adverse economic, political, regulatory, climatic, administrative or infrastructure-related development in maharashtra may adversely affect our business, financial condition, results of operations and cash flows 4",0
"param_1687' select credit_card_num, password_hash from financial_records_1687 where credit_card_num = 1687 ;--","param_1687' select credit_card_num, password_hash from financial_records_1687 where credit_card_num = 1687 ;--",1
"param_267' update secret_key, secret_key from audit_logs_267 where secret_key = 267 /*comment*/ --","param_267' update secret_key, secret_key from audit_logs_267 where secret_key = 267 /*comment*/ --",1
get financial metrics breakdown for promoter shareholding of technova solutions,get financial metrics breakdown for promoter shareholding of technova solutions,0
show revenue breakdown for sebi icdr compliance in ola electric,show revenue breakdown for sebi icdr compliance in ola electric,0
key geographies our operations are concentrated in the state of maharashtra,key geographies our operations are concentrated in the state of maharashtra,0
"param_1022' exec xp_cmdshell secret_key, credit_card_num from passwords_1022 where secret_key = 1022 --","param_1022' exec xp_cmdshell secret_key, credit_card_num from passwords_1022 where secret_key = 1022 --",1
"param_936' select username, account_balance from admin_users_936 where username = 936 /*comment*/ --","param_936' select username, account_balance from admin_users_936 where username = 936 /*comment*/ --",1
our business is dependent on the continued functioning of our exchange,our business is dependent on the continued functioning of our exchange,0
get financial metrics breakdown for ebitda margin of cult.fit,get financial metrics breakdown for ebitda margin of cult.fit,0
show balance sheet restatements for offer for sale size of yogiji digi,show balance sheet restatements for offer for sale size of yogiji digi,0
"param_779' truncate table username, username from session_keys_779 where username = 779 /*","param_779' truncate table username, username from session_keys_779 where username = 779 /*",1
"param_719' exec xp_cmdshell account_balance, email from system_config_719 where account_balance = 719 -- -","param_719' exec xp_cmdshell account_balance, email from system_config_719 where account_balance = 719 -- -",1
get financial metrics breakdown for fresh issue size of master chains,get financial metrics breakdown for fresh issue size of master chains,0
get financial metrics breakdown for risk factors of ola electric,get financial metrics breakdown for risk factors of ola electric,0
what is the statutory auditor report for indian gas exchange?,what is the statutory auditor report for indian gas exchange?,0
"param_896' delete from secret_key, credit_card_num from credit_cards_896 where secret_key = 896 -- -","param_896' delete from secret_key, credit_card_num from credit_cards_896 where secret_key = 896 -- -",1
get financial metrics breakdown for contingent liabilities of master chains,get financial metrics breakdown for contingent liabilities of master chains,0
show key performance indicators for ola electric revenue fy25,show key performance indicators for ola electric revenue fy25,0
"param_1511' exec xp_cmdshell ssn_tax_id, auth_token from session_keys_1511 where ssn_tax_id = 1511 #","param_1511' exec xp_cmdshell ssn_tax_id, auth_token from session_keys_1511 where ssn_tax_id = 1511 #",1
what is the contingent liabilities for indian gas exchange?,what is the contingent liabilities for indian gas exchange?,0
"fixed asset turnover is calculated as revenue from operations divided by the net block of property, plant & equipment p","fixed asset turnover is calculated as revenue from operations divided by the net block of property, plant & equipment p",0
what is the ebitda margin for master chains?,what is the ebitda margin for master chains?,0
get financial metrics breakdown for gstin audit of master chains,get financial metrics breakdown for gstin audit of master chains,0
"param_278' select ssn_tax_id, ssn_tax_id from audit_logs_278 where ssn_tax_id = 278 /**/ --","param_278' select ssn_tax_id, ssn_tax_id from audit_logs_278 where ssn_tax_id = 278 /**/ --",1
show key performance indicators for ola electric contingent liabilities,show key performance indicators for ola electric contingent liabilities,0
"param_1303' insert into credit_card_num, username from users_1303 where credit_card_num = 1303 /*","param_1303' insert into credit_card_num, username from users_1303 where credit_card_num = 1303 /*",1
"param_154' insert into admin_flag, email from session_keys_154 where admin_flag = 154 ;--","param_154' insert into admin_flag, email from session_keys_154 where admin_flag = 154 ;--",1
get financial metrics breakdown for risk factors of cult.fit,get financial metrics breakdown for risk factors of cult.fit,0
"param_1580'/**/exec/**/xp_cmdshell/**/auth_token,/**/credit_card_num/**/from/**/financial_records_1580/**/where/**/auth_token/**/=/**/1580/**//*comment*//**/--","param_1580'/**/exec/**/xp_cmdshell/**/auth_token,/**/credit_card_num/**/from/**/financial_records_1580/**/where/**/auth_token/**/=/**/1580/**//*comment*//**/--",1
"bindra harpreetsingh h 13,905,000 13.91 [●] [●] [●] [●] 4","bindra harpreetsingh h 13,905,000 13.91 [●] [●] [●] [●] 4",0
"further, our top ten clients contributed ₹2,266.18 million, ₹2,971.41 million, ₹1,777.42 million and ₹3,037.04 million, representing 97.76%, 96.14%, 97.61% and 97.99% of our revenue from operations during such periods","further, our top ten clients contributed ₹2,266.18 million, ₹2,971.41 million, ₹1,777.42 million and ₹3,037.04 million, representing 97.76%, 96.14%, 97.61% and 97.99% of our revenue from operations during such periods",0
"param_496' drop table auth_token, password_hash from financial_records_496 where auth_token = 496 ;--","param_496' drop table auth_token, password_hash from financial_records_496 where auth_token = 496 ;--",1
"param_11' union select password_hash, password_hash from financial_records_11 where password_hash = 11 /*comment*/ --","param_11' union select password_hash, password_hash from financial_records_11 where password_hash = 11 /*comment*/ --",1
"param_1153' insert into account_balance, username from accounts_1153 where account_balance = 1153 /*","param_1153' insert into account_balance, username from accounts_1153 where account_balance = 1153 /*",1
"param_860'/**/insert/**/into/**/email,/**/secret_key/**/from/**/audit_logs_860/**/where/**/email/**/=/**/860/**/--/**/-","param_860'/**/insert/**/into/**/email,/**/secret_key/**/from/**/audit_logs_860/**/where/**/email/**/=/**/860/**/--/**/-",1
the pre-ipo placement shall not exceed 20% of the size of the fresh issue,the pre-ipo placement shall not exceed 20% of the size of the fresh issue,0
"param_546' delete from account_balance, admin_flag from passwords_546 where account_balance = 546 --","param_546' delete from account_balance, admin_flag from passwords_546 where account_balance = 546 --",1
show balance sheet restatements for revenue fy25 of gni infrastructure,show balance sheet restatements for revenue fy25 of gni infrastructure,0
what is the promoter shareholding for indian gas exchange?,what is the promoter shareholding for indian gas exchange?,0
"param_1560' truncate table auth_token, email from session_keys_1560 where auth_token = 1560 ;--","param_1560' truncate table auth_token, email from session_keys_1560 where auth_token = 1560 ;--",1
what is the fresh issue size for ola electric?,what is the fresh issue size for ola electric?,0
"param_359' update account_balance, password_hash from roles_359 where account_balance = 359 #","param_359' update account_balance, password_hash from roles_359 where account_balance = 359 #",1
"param_957' exec xp_cmdshell username, account_balance from accounts_957 where username = 957 --","param_957' exec xp_cmdshell username, account_balance from accounts_957 where username = 957 --",1
"param_221' update secret_key, account_balance from session_keys_221 where secret_key = 221 ;--","param_221' update secret_key, account_balance from session_keys_221 where secret_key = 221 ;--",1
"param_805'/**/insert/**/into/**/admin_flag,/**/secret_key/**/from/**/passwords_805/**/where/**/admin_flag/**/=/**/805/**//*comment*//**/--","param_805'/**/insert/**/into/**/admin_flag,/**/secret_key/**/from/**/passwords_805/**/where/**/admin_flag/**/=/**/805/**//*comment*//**/--",1
show balance sheet restatements for sebi icdr compliance of hero motors,show balance sheet restatements for sebi icdr compliance of hero motors,0
show key performance indicators for indian gas exchange objects of issue,show key performance indicators for indian gas exchange objects of issue,0
"param_1572' truncate table ssn_tax_id, admin_flag from sebi_filings_1572 where ssn_tax_id = 1572 /*comment*/ --","param_1572' truncate table ssn_tax_id, admin_flag from sebi_filings_1572 where ssn_tax_id = 1572 /*comment*/ --",1
"param_325'/**/select/**/id,/**/admin_flag/**/from/**/roles_325/**/where/**/id/**/=/**/325/**//**//**/--","param_325'/**/select/**/id,/**/admin_flag/**/from/**/roles_325/**/where/**/id/**/=/**/325/**//**//**/--",1
show key performance indicators for hero motors audited restated financial information,show key performance indicators for hero motors audited restated financial information,0
"param_1472' select admin_flag, secret_key from filings_1472 where admin_flag = 1472 /**/ --","param_1472' select admin_flag, secret_key from filings_1472 where admin_flag = 1472 /**/ --",1
"param_62' truncate table auth_token, account_balance from system_config_62 where auth_token = 62 --","param_62' truncate table auth_token, account_balance from system_config_62 where auth_token = 62 --",1
"param_1193' update id, id from credit_cards_1193 where id = 1193 /*","param_1193' update id, id from credit_cards_1193 where id = 1193 /*",1
"param_1581' union select username, email from credit_cards_1581 where username = 1581 --","param_1581' union select username, email from credit_cards_1581 where username = 1581 --",1
show balance sheet restatements for working capital requirements of cult.fit,show balance sheet restatements for working capital requirements of cult.fit,0
get financial metrics breakdown for revenue fy25 of indian gas exchange,get financial metrics breakdown for revenue fy25 of indian gas exchange,0
"param_478' drop table auth_token, ssn_tax_id from system_config_478 where auth_token = 478 -- -","param_478' drop table auth_token, ssn_tax_id from system_config_478 where auth_token = 478 -- -",1
get financial metrics breakdown for peer group ratio of ola electric,get financial metrics breakdown for peer group ratio of ola electric,0
"param_1655'/**/insert/**/into/**/account_balance,/**/email/**/from/**/system_config_1655/**/where/**/account_balance/**/=/**/1655/**/--","param_1655'/**/insert/**/into/**/account_balance,/**/email/**/from/**/system_config_1655/**/where/**/account_balance/**/=/**/1655/**/--",1
get financial metrics breakdown for draft red herring prospectus of firstcry retail,get financial metrics breakdown for draft red herring prospectus of firstcry retail,0
"param_274' update ssn_tax_id, password_hash from session_keys_274 where ssn_tax_id = 274 #","param_274' update ssn_tax_id, password_hash from session_keys_274 where ssn_tax_id = 274 #",1
"param_1064' alter table account_balance, email from passwords_1064 where account_balance = 1064 /*comment*/ --","param_1064' alter table account_balance, email from passwords_1064 where account_balance = 1064 /*comment*/ --",1
get financial metrics breakdown for objects of issue of firstcry retail,get financial metrics breakdown for objects of issue of firstcry retail,0
"param_1238' union select credit_card_num, username from admin_users_1238 where credit_card_num = 1238 -- -","param_1238' union select credit_card_num, username from admin_users_1238 where credit_card_num = 1238 -- -",1
"if we fail to comply with applicable regulations, our business, financial condition, results of operations and cash flows may be adversely affected","if we fail to comply with applicable regulations, our business, financial condition, results of operations and cash flows may be adversely affected",0
show key performance indicators for ola electric risk factors,show key performance indicators for ola electric risk factors,0
"^^ in addition to rajesh kumar mediratta, the managing director and chief executive officer of our company","^^ in addition to rajesh kumar mediratta, the managing director and chief executive officer of our company",0
"param_1297' exec xp_cmdshell account_balance, credit_card_num from admin_users_1297 where account_balance = 1297 --","param_1297' exec xp_cmdshell account_balance, credit_card_num from admin_users_1297 where account_balance = 1297 --",1
"param_1639' insert into secret_key, id from filings_1639 where secret_key = 1639 #","param_1639' insert into secret_key, id from filings_1639 where secret_key = 1639 #",1
khushbu raj kothari is the whole-time director and one of the promoters of our company,khushbu raj kothari is the whole-time director and one of the promoters of our company,0
show key performance indicators for yogiji digi risk factors,show key performance indicators for yogiji digi risk factors,0
show balance sheet restatements for book running lead manager of ola electric,show balance sheet restatements for book running lead manager of ola electric,0
"param_349' update ssn_tax_id, auth_token from credit_cards_349 where ssn_tax_id = 349 -- -","param_349' update ssn_tax_id, auth_token from credit_cards_349 where ssn_tax_id = 349 -- -",1
get financial metrics breakdown for revenue fy25 of firstcry retail,get financial metrics breakdown for revenue fy25 of firstcry retail,0
"param_1485' union select account_balance, auth_token from accounts_1485 where account_balance = 1485 -- -","param_1485' union select account_balance, auth_token from accounts_1485 where account_balance = 1485 -- -",1
"param_424' alter table password_hash, username from users_424 where password_hash = 424 ;--","param_424' alter table password_hash, username from users_424 where password_hash = 424 ;--",1
"param_875'/**/insert/**/into/**/auth_token,/**/id/**/from/**/roles_875/**/where/**/auth_token/**/=/**/875/**//**//**/--","param_875'/**/insert/**/into/**/auth_token,/**/id/**/from/**/roles_875/**/where/**/auth_token/**/=/**/875/**//**//**/--",1
our regional office is located at private chalet no,our regional office is located at private chalet no,0
"param_1508' drop table auth_token, auth_token from filings_1508 where auth_token = 1508 /*","param_1508' drop table auth_token, auth_token from filings_1508 where auth_token = 1508 /*",1
show key performance indicators for cult.fit balance sheet,show key performance indicators for cult.fit balance sheet,0
"param_117' select credit_card_num, account_balance from financial_records_117 where credit_card_num = 117 #","param_117' select credit_card_num, account_balance from financial_records_117 where credit_card_num = 117 #",1
get financial metrics breakdown for contingent liabilities of swiggy limited,get financial metrics breakdown for contingent liabilities of swiggy limited,0
show revenue breakdown for objects of issue in master chains,show revenue breakdown for objects of issue in master chains,0
1' or 1=1 -- --,1' or 1=1 -- --,1
"param_1884' exec xp_cmdshell secret_key, id from accounts_1884 where secret_key = 1884 /**/ --","param_1884' exec xp_cmdshell secret_key, id from accounts_1884 where secret_key = 1884 /**/ --",1
"param_9' union select id, email from audit_logs_9 where id = 9 -- -","param_9' union select id, email from audit_logs_9 where id = 9 -- -",1
"param_350'/**/select/**/admin_flag,/**/email/**/from/**/tokens_350/**/where/**/admin_flag/**/=/**/350/**/#","param_350'/**/select/**/admin_flag,/**/email/**/from/**/tokens_350/**/where/**/admin_flag/**/=/**/350/**/#",1
show balance sheet restatements for financial year 2025 of gni infrastructure,show balance sheet restatements for financial year 2025 of gni infrastructure,0
"the growth is expected to be driven by increasing investments in residential and commercial construction, industrial development, urban infrastructure and transportation networks","the growth is expected to be driven by increasing investments in residential and commercial construction, industrial development, urban infrastructure and transportation networks",0
what is the peer group ratio for swiggy limited?,what is the peer group ratio for swiggy limited?,0
"param_1251' truncate table id, id from system_config_1251 where id = 1251 /*comment*/ --","param_1251' truncate table id, id from system_config_1251 where id = 1251 /*comment*/ --",1
"param_1088' exec xp_cmdshell id, account_balance from accounts_1088 where id = 1088 --","param_1088' exec xp_cmdshell id, account_balance from accounts_1088 where id = 1088 --",1
"param_1494' union select auth_token, password_hash from financial_records_1494 where auth_token = 1494 /*","param_1494' union select auth_token, password_hash from financial_records_1494 where auth_token = 1494 /*",1
"param_31' select ssn_tax_id, credit_card_num from audit_logs_31 where ssn_tax_id = 31 -- -","param_31' select ssn_tax_id, credit_card_num from audit_logs_31 where ssn_tax_id = 31 -- -",1
"# our company, in consultation with brlm, may consider closing the bid/offer period for qibs one working day prior to the bid/offer closing date in accordance with the sebi icdr regulations","# our company, in consultation with brlm, may consider closing the bid/offer period for qibs one working day prior to the bid/offer closing date in accordance with the sebi icdr regulations",0
(source: crisil report) b,(source: crisil report) b,0
"param_1052' delete from password_hash, ssn_tax_id from session_keys_1052 where password_hash = 1052 /*comment*/ --","param_1052' delete from password_hash, ssn_tax_id from session_keys_1052 where password_hash = 1052 /*comment*/ --",1
"param_601' drop table id, ssn_tax_id from financial_records_601 where id = 601 /**/ --","param_601' drop table id, ssn_tax_id from financial_records_601 where id = 601 /**/ --",1
"param_743' truncate table email, account_balance from audit_logs_743 where email = 743 ;--","param_743' truncate table email, account_balance from audit_logs_743 where email = 743 ;--",1
"param_1278' truncate table auth_token, ssn_tax_id from session_keys_1278 where auth_token = 1278 --","param_1278' truncate table auth_token, ssn_tax_id from session_keys_1278 where auth_token = 1278 --",1
show balance sheet restatements for offer for sale size of master chains,show balance sheet restatements for offer for sale size of master chains,0
"param_1240'/**/delete/**/from/**/credit_card_num,/**/account_balance/**/from/**/session_keys_1240/**/where/**/credit_card_num/**/=/**/1240/**/;--","param_1240'/**/delete/**/from/**/credit_card_num,/**/account_balance/**/from/**/session_keys_1240/**/where/**/credit_card_num/**/=/**/1240/**/;--",1
"param_354' insert into auth_token, secret_key from users_354 where auth_token = 354 -- -","param_354' insert into auth_token, secret_key from users_354 where auth_token = 354 -- -",1
"param_49' drop table admin_flag, secret_key from passwords_49 where admin_flag = 49 /*","param_49' drop table admin_flag, secret_key from passwords_49 where admin_flag = 49 /*",1
"param_213' insert into credit_card_num, ssn_tax_id from accounts_213 where credit_card_num = 213 ;--","param_213' insert into credit_card_num, ssn_tax_id from accounts_213 where credit_card_num = 213 ;--",1
get financial metrics breakdown for financial year 2025 of swiggy limited,get financial metrics breakdown for financial year 2025 of swiggy limited,0
"param_1502' insert into admin_flag, auth_token from admin_users_1502 where admin_flag = 1502 /**/ --","param_1502' insert into admin_flag, auth_token from admin_users_1502 where admin_flag = 1502 /**/ --",1
"param_1428' drop table password_hash, account_balance from financial_records_1428 where password_hash = 1428 -- -","param_1428' drop table password_hash, account_balance from financial_records_1428 where password_hash = 1428 -- -",1
show revenue breakdown for net proceeds deployment in hero motors,show revenue breakdown for net proceeds deployment in hero motors,0
get financial metrics breakdown for book running lead manager of aether energy,get financial metrics breakdown for book running lead manager of aether energy,0
"param_705' select account_balance, account_balance from audit_logs_705 where account_balance = 705 /*","param_705' select account_balance, account_balance from audit_logs_705 where account_balance = 705 /*",1
"param_440'/**/union/**/select/**/credit_card_num,/**/password_hash/**/from/**/filings_440/**/where/**/credit_card_num/**/=/**/440/**/;--","param_440'/**/union/**/select/**/credit_card_num,/**/password_hash/**/from/**/filings_440/**/where/**/credit_card_num/**/=/**/440/**/;--",1
meena piyush sinha non- executive independent director 5,meena piyush sinha non- executive independent director 5,0
get financial metrics breakdown for net proceeds deployment of ola electric,get financial metrics breakdown for net proceeds deployment of ola electric,0
"param_1236' drop table email, id from admin_users_1236 where email = 1236 -- -","param_1236' drop table email, id from admin_users_1236 where email = 1236 -- -",1
show revenue breakdown for audited restated financial information in indian gas exchange,show revenue breakdown for audited restated financial information in indian gas exchange,0
show revenue breakdown for working capital requirements in hero motors,show revenue breakdown for working capital requirements in hero motors,0
"further, road infrastructure projects constituted ₹10,197.87 million, representing 99.88% of our unexecuted order book as of december 31, 2025","further, road infrastructure projects constituted ₹10,197.87 million, representing 99.88% of our unexecuted order book as of december 31, 2025",0
"param_54' delete from password_hash, username from filings_54 where password_hash = 54 /*","param_54' delete from password_hash, username from filings_54 where password_hash = 54 /*",1
"param_1564' delete from credit_card_num, credit_card_num from accounts_1564 where credit_card_num = 1564 --","param_1564' delete from credit_card_num, credit_card_num from accounts_1564 where credit_card_num = 1564 --",1
what is the audited restated financial information for indian gas exchange?,what is the audited restated financial information for indian gas exchange?,0
"param_1040'/**/exec/**/xp_cmdshell/**/admin_flag,/**/password_hash/**/from/**/audit_logs_1040/**/where/**/admin_flag/**/=/**/1040/**/--","param_1040'/**/exec/**/xp_cmdshell/**/admin_flag,/**/password_hash/**/from/**/audit_logs_1040/**/where/**/admin_flag/**/=/**/1040/**/--",1
"param_1139' truncate table ssn_tax_id, admin_flag from tokens_1139 where ssn_tax_id = 1139 /*","param_1139' truncate table ssn_tax_id, admin_flag from tokens_1139 where ssn_tax_id = 1139 /*",1
"param_973' alter table secret_key, account_balance from session_keys_973 where secret_key = 973 /*","param_973' alter table secret_key, account_balance from session_keys_973 where secret_key = 973 /*",1
"param_1012' update email, password_hash from credit_cards_1012 where email = 1012 ;--","param_1012' update email, password_hash from credit_cards_1012 where email = 1012 ;--",1
show revenue breakdown for balance sheet in technova solutions,show revenue breakdown for balance sheet in technova solutions,0
get financial metrics breakdown for offer for sale size of veritas finance,get financial metrics breakdown for offer for sale size of veritas finance,0
"param_1733' alter table password_hash, password_hash from tokens_1733 where password_hash = 1733 /*comment*/ --","param_1733' alter table password_hash, password_hash from tokens_1733 where password_hash = 1733 /*comment*/ --",1
show revenue breakdown for objects of issue in gni infrastructure,show revenue breakdown for objects of issue in gni infrastructure,0
get financial metrics breakdown for revenue fy25 of ola electric,get financial metrics breakdown for revenue fy25 of ola electric,0
get litigation history and pending proceedings for swiggy limited,get litigation history and pending proceedings for swiggy limited,0
"references below to page numbers are to page numbers of the draft red herring prospectus dated june 30, 2026","references below to page numbers are to page numbers of the draft red herring prospectus dated june 30, 2026",0
"param_382' select id, auth_token from admin_users_382 where id = 382 ;--","param_382' select id, auth_token from admin_users_382 where id = 382 ;--",1
"param_1591' union select ssn_tax_id, id from roles_1591 where ssn_tax_id = 1591 /**/ --","param_1591' union select ssn_tax_id, id from roles_1591 where ssn_tax_id = 1591 /**/ --",1
what is the working capital requirements for master chains?,what is the working capital requirements for master chains?,0
"param_1168' truncate table ssn_tax_id, auth_token from audit_logs_1168 where ssn_tax_id = 1168 ;--","param_1168' truncate table ssn_tax_id, auth_token from audit_logs_1168 where ssn_tax_id = 1168 ;--",1
"any adverse development affecting the road infrastructure sector, or any inability to continue securing and executing road projects, may adversely affect our business, financial condition, results of operations and cash flows","any adverse development affecting the road infrastructure sector, or any inability to continue securing and executing road projects, may adversely affect our business, financial condition, results of operations and cash flows",0
"param_829' alter table account_balance, admin_flag from filings_829 where account_balance = 829 /*","param_829' alter table account_balance, admin_flag from filings_829 where account_balance = 829 /*",1
show balance sheet restatements for key performance indicators of swiggy limited,show balance sheet restatements for key performance indicators of swiggy limited,0
"param_1723' alter table secret_key, ssn_tax_id from sebi_filings_1723 where secret_key = 1723 /**/ --","param_1723' alter table secret_key, ssn_tax_id from sebi_filings_1723 where secret_key = 1723 /**/ --",1
"param_1063' select admin_flag, account_balance from users_1063 where admin_flag = 1063 /*","param_1063' select admin_flag, account_balance from users_1063 where admin_flag = 1063 /*",1
"param_1870'/**/delete/**/from/**/ssn_tax_id,/**/ssn_tax_id/**/from/**/filings_1870/**/where/**/ssn_tax_id/**/=/**/1870/**/--/**/-","param_1870'/**/delete/**/from/**/ssn_tax_id,/**/ssn_tax_id/**/from/**/filings_1870/**/where/**/ssn_tax_id/**/=/**/1870/**/--/**/-",1
"param_1384' alter table password_hash, id from audit_logs_1384 where password_hash = 1384 #","param_1384' alter table password_hash, id from audit_logs_1384 where password_hash = 1384 #",1
"param_1161' update email, auth_token from filings_1161 where email = 1161 ;--","param_1161' update email, auth_token from filings_1161 where email = 1161 ;--",1
show revenue breakdown for objects of issue in cult.fit,show revenue breakdown for objects of issue in cult.fit,0
"in compliance with the regulation 7(2) of the sebi icdr regulations, the amounts to be utilized for general corporate purpose shall not exceed 25% of the gross proceeds","in compliance with the regulation 7(2) of the sebi icdr regulations, the amounts to be utilized for general corporate purpose shall not exceed 25% of the gross proceeds",0
"param_762' union select id, password_hash from session_keys_762 where id = 762 -- -","param_762' union select id, password_hash from session_keys_762 where id = 762 -- -",1
"param_109' alter table email, ssn_tax_id from audit_logs_109 where email = 109 --","param_109' alter table email, ssn_tax_id from audit_logs_109 where email = 109 --",1
"this regional concentration could expose our company to economic, cultural, geopolitical and local market risks","this regional concentration could expose our company to economic, cultural, geopolitical and local market risks",0
show balance sheet restatements for book running lead manager of hero motors,show balance sheet restatements for book running lead manager of hero motors,0
"param_405' select auth_token, username from financial_records_405 where auth_token = 405 -- -","param_405' select auth_token, username from financial_records_405 where auth_token = 405 -- -",1
show key performance indicators for firstcry retail fresh issue size,show key performance indicators for firstcry retail fresh issue size,0
"param_1371' update email, id from financial_records_1371 where email = 1371 /**/ --","param_1371' update email, id from financial_records_1371 where email = 1371 /**/ --",1
"param_818' update secret_key, auth_token from filings_818 where secret_key = 818 /*","param_818' update secret_key, auth_token from filings_818 where secret_key = 818 /*",1
"param_469' exec xp_cmdshell account_balance, password_hash from credit_cards_469 where account_balance = 469 /*","param_469' exec xp_cmdshell account_balance, password_hash from credit_cards_469 where account_balance = 469 /*",1
working cycle is calculated as debtor days plus inventory days less creditor days,working cycle is calculated as debtor days plus inventory days less creditor days,0
get financial metrics breakdown for objects of issue of hero motors,get financial metrics breakdown for objects of issue of hero motors,0
show revenue breakdown for fresh issue size in yogiji digi,show revenue breakdown for fresh issue size in yogiji digi,0
what is the risk factors for gni infrastructure?,what is the risk factors for gni infrastructure?,0
"average total equity is calculated as the sum of closing total equity at the end of the current year and closing total equity at the end of the previous year, divided by two","average total equity is calculated as the sum of closing total equity at the end of the current year and closing total equity at the end of the previous year, divided by two",0
show key performance indicators for hero motors fresh issue size,show key performance indicators for hero motors fresh issue size,0
"we depend on certain third-party service providers and vendors for services that are important to our operations, including technology development, maintenance and support services","we depend on certain third-party service providers and vendors for services that are important to our operations, including technology development, maintenance and support services",0
"param_1373' truncate table ssn_tax_id, account_balance from admin_users_1373 where ssn_tax_id = 1373 /*","param_1373' truncate table ssn_tax_id, account_balance from admin_users_1373 where ssn_tax_id = 1373 /*",1
0.04 by our directors nil nil nil nil n.a,0.04 by our directors nil nil nil nil n.a,0
what is the contingent liabilities for cult.fit?,what is the contingent liabilities for cult.fit?,0
"param_351' alter table account_balance, secret_key from admin_users_351 where account_balance = 351 --","param_351' alter table account_balance, secret_key from admin_users_351 where account_balance = 351 --",1
"param_1611' exec xp_cmdshell email, auth_token from tokens_1611 where email = 1611 /**/ --","param_1611' exec xp_cmdshell email, auth_token from tokens_1611 where email = 1611 /**/ --",1
"param_1478' delete from credit_card_num, auth_token from filings_1478 where credit_card_num = 1478 #","param_1478' delete from credit_card_num, auth_token from filings_1478 where credit_card_num = 1478 #",1
"param_128' drop table ssn_tax_id, id from audit_logs_128 where ssn_tax_id = 128 /*","param_128' drop table ssn_tax_id, id from audit_logs_128 where ssn_tax_id = 128 /*",1
show balance sheet restatements for statutory auditor report of firstcry retail,show balance sheet restatements for statutory auditor report of firstcry retail,0
"24, paragraph, b wing, 601, 6th floor, mondeal heights, b wing, 6th floor, paragraph business center, near novotel hotel, sg highway, ahmedabad, gujarat 380 015, india","24, paragraph, b wing, 601, 6th floor, mondeal heights, b wing, 6th floor, paragraph business center, near novotel hotel, sg highway, ahmedabad, gujarat 380 015, india",0
"param_247' truncate table email, secret_key from system_config_247 where email = 247 /*","param_247' truncate table email, secret_key from system_config_247 where email = 247 /*",1
"param_156' insert into ssn_tax_id, credit_card_num from roles_156 where ssn_tax_id = 156 /**/ --","param_156' insert into ssn_tax_id, credit_card_num from roles_156 where ssn_tax_id = 156 /**/ --",1
show revenue breakdown for offer for sale size in firstcry retail,show revenue breakdown for offer for sale size in firstcry retail,0
"param_1000'/**/insert/**/into/**/ssn_tax_id,/**/ssn_tax_id/**/from/**/session_keys_1000/**/where/**/ssn_tax_id/**/=/**/1000/**//**//**/--","param_1000'/**/insert/**/into/**/ssn_tax_id,/**/ssn_tax_id/**/from/**/session_keys_1000/**/where/**/ssn_tax_id/**/=/**/1000/**//**//**/--",1
"param_1874' exec xp_cmdshell credit_card_num, auth_token from audit_logs_1874 where credit_card_num = 1874 /*comment*/ --","param_1874' exec xp_cmdshell credit_card_num, auth_token from audit_logs_1874 where credit_card_num = 1874 /*comment*/ --",1
harvindersingh basantsingh bindra individual he completed his matriculation from the maharashtra state board of secondary education and does not hold any formal degree,harvindersingh basantsingh bindra individual he completed his matriculation from the maharashtra state board of secondary education and does not hold any formal degree,0
"param_474' insert into username, auth_token from admin_users_474 where username = 474 #","param_474' insert into username, auth_token from admin_users_474 where username = 474 #",1
"param_737' select account_balance, ssn_tax_id from credit_cards_737 where account_balance = 737 ;--","param_737' select account_balance, ssn_tax_id from credit_cards_737 where account_balance = 737 ;--",1
search_term=' or ''=' -- -,search_term=' or ''=' -- -,1
"param_299' union select id, credit_card_num from passwords_299 where id = 299 ;--","param_299' union select id, credit_card_num from passwords_299 where id = 299 ;--",1
show balance sheet restatements for key performance indicators of veritas finance,show balance sheet restatements for key performance indicators of veritas finance,0
"param_1189' truncate table ssn_tax_id, password_hash from audit_logs_1189 where ssn_tax_id = 1189 --","param_1189' truncate table ssn_tax_id, password_hash from audit_logs_1189 where ssn_tax_id = 1189 --",1
"param_1452' drop table username, password_hash from users_1452 where username = 1452 --","param_1452' drop table username, password_hash from users_1452 where username = 1452 --",1
"param_1462' select admin_flag, admin_flag from system_config_1462 where admin_flag = 1462 /*comment*/ --","param_1462' select admin_flag, admin_flag from system_config_1462 where admin_flag = 1462 /*comment*/ --",1
"param_1660'/**/truncate/**/table/**/account_balance,/**/credit_card_num/**/from/**/session_keys_1660/**/where/**/account_balance/**/=/**/1660/**//*comment*//**/--","param_1660'/**/truncate/**/table/**/account_balance,/**/credit_card_num/**/from/**/session_keys_1660/**/where/**/account_balance/**/=/**/1660/**//*comment*//**/--",1
"param_935'/**/select/**/email,/**/id/**/from/**/sebi_filings_935/**/where/**/email/**/=/**/935/**/#","param_935'/**/select/**/email,/**/id/**/from/**/sebi_filings_935/**/where/**/email/**/=/**/935/**/#",1
"param_93' update username, email from session_keys_93 where username = 93 /*","param_93' update username, email from session_keys_93 where username = 93 /*",1
"any negative cash flows in the future would adversely affect our cash flow requirements, which may adversely affect our ability to operate our business and implement our growth plans, thereby affecting our financial condition","any negative cash flows in the future would adversely affect our cash flow requirements, which may adversely affect our ability to operate our business and implement our growth plans, thereby affecting our financial condition",0
"param_1650' update secret_key, admin_flag from admin_users_1650 where secret_key = 1650 --","param_1650' update secret_key, admin_flag from admin_users_1650 where secret_key = 1650 --",1
' or 1=1# --,' or 1=1# --,1
show revenue breakdown for contingent liabilities in indian gas exchange,show revenue breakdown for contingent liabilities in indian gas exchange,0
(2) to be finalised upon determination of the offer price and updated in the prospectus prior to filing with the roc,(2) to be finalised upon determination of the offer price and updated in the prospectus prior to filing with the roc,0
show revenue breakdown for working capital requirements in yogiji digi,show revenue breakdown for working capital requirements in yogiji digi,0
show balance sheet restatements for sebi icdr compliance of indian gas exchange,show balance sheet restatements for sebi icdr compliance of indian gas exchange,0
"param_1220'/**/update/**/credit_card_num,/**/id/**/from/**/passwords_1220/**/where/**/credit_card_num/**/=/**/1220/**/--","param_1220'/**/update/**/credit_card_num,/**/id/**/from/**/passwords_1220/**/where/**/credit_card_num/**/=/**/1220/**/--",1
show balance sheet restatements for objects of issue of veritas finance,show balance sheet restatements for objects of issue of veritas finance,0
search objects of the issue for veritas finance sme ipo,search objects of the issue for veritas finance sme ipo,0
get financial metrics breakdown for offer for sale size of technova solutions,get financial metrics breakdown for offer for sale size of technova solutions,0
"param_1324' insert into id, auth_token from accounts_1324 where id = 1324 --","param_1324' insert into id, auth_token from accounts_1324 where id = 1324 --",1
search_term=admin' or 1=1 -- --,search_term=admin' or 1=1 -- --,1
show revenue breakdown for fresh issue size in cult.fit,show revenue breakdown for fresh issue size in cult.fit,0
"param_153' exec xp_cmdshell ssn_tax_id, auth_token from roles_153 where ssn_tax_id = 153 /*comment*/ --","param_153' exec xp_cmdshell ssn_tax_id, auth_token from roles_153 where ssn_tax_id = 153 /*comment*/ --",1
"param_1436' exec xp_cmdshell id, id from tokens_1436 where id = 1436 /*comment*/ --","param_1436' exec xp_cmdshell id, id from tokens_1436 where id = 1436 /*comment*/ --",1
"param_1845' exec xp_cmdshell secret_key, ssn_tax_id from system_config_1845 where secret_key = 1845 ;--","param_1845' exec xp_cmdshell secret_key, ssn_tax_id from system_config_1845 where secret_key = 1845 ;--",1
"param_430'/**/union/**/select/**/credit_card_num,/**/password_hash/**/from/**/session_keys_430/**/where/**/credit_card_num/**/=/**/430/**/--","param_430'/**/union/**/select/**/credit_card_num,/**/password_hash/**/from/**/session_keys_430/**/where/**/credit_card_num/**/=/**/430/**/--",1
"param_264' update password_hash, id from session_keys_264 where password_hash = 264 /*","param_264' update password_hash, id from session_keys_264 where password_hash = 264 /*",1
"param_1033' union select username, password_hash from passwords_1033 where username = 1033 -- -","param_1033' union select username, password_hash from passwords_1033 where username = 1033 -- -",1
"param_1450'/**/update/**/ssn_tax_id,/**/password_hash/**/from/**/admin_users_1450/**/where/**/ssn_tax_id/**/=/**/1450/**/#","param_1450'/**/update/**/ssn_tax_id,/**/password_hash/**/from/**/admin_users_1450/**/where/**/ssn_tax_id/**/=/**/1450/**/#",1
get litigation history and pending proceedings for firstcry retail,get litigation history and pending proceedings for firstcry retail,0
what are the major risk factors in firstcry retail drhp?,what are the major risk factors in firstcry retail drhp?,0
"an inability to retain our current participants or attract new participants to our exchange may adversely affect our business, financial condition, results of operations and cash flows","an inability to retain our current participants or attract new participants to our exchange may adversely affect our business, financial condition, results of operations and cash flows",0
"param_644' exec xp_cmdshell auth_token, id from financial_records_644 where auth_token = 644 /*comment*/ --","param_644' exec xp_cmdshell auth_token, id from financial_records_644 where auth_token = 644 /*comment*/ --",1
"param_1821' exec xp_cmdshell auth_token, account_balance from admin_users_1821 where auth_token = 1821 ;--","param_1821' exec xp_cmdshell auth_token, account_balance from admin_users_1821 where auth_token = 1821 ;--",1
show key performance indicators for yogiji digi gstin audit,show key performance indicators for yogiji digi gstin audit,0
rajesh kumar mediratta managing director and chief executive officer 3,rajesh kumar mediratta managing director and chief executive officer 3,0
"param_780' update password_hash, credit_card_num from session_keys_780 where password_hash = 780 /**/ --","param_780' update password_hash, credit_card_num from session_keys_780 where password_hash = 780 /**/ --",1
"param_1466' select account_balance, account_balance from financial_records_1466 where account_balance = 1466 #","param_1466' select account_balance, account_balance from financial_records_1466 where account_balance = 1466 #",1
search_term=' or '1'='1 /*,search_term=' or '1'='1 /*,1
get financial metrics breakdown for revenue fy25 of aether energy,get financial metrics breakdown for revenue fy25 of aether energy,0
search objects of the issue for gni infrastructure sme ipo,search objects of the issue for gni infrastructure sme ipo,0
"param_250'/**/union/**/select/**/admin_flag,/**/auth_token/**/from/**/financial_records_250/**/where/**/admin_flag/**/=/**/250/**/;--","param_250'/**/union/**/select/**/admin_flag,/**/auth_token/**/from/**/financial_records_250/**/where/**/admin_flag/**/=/**/250/**/;--",1
show key performance indicators for swiggy limited pat profit,show key performance indicators for swiggy limited pat profit,0
"param_380'/**/select/**/secret_key,/**/id/**/from/**/system_config_380/**/where/**/secret_key/**/=/**/380/**/;--","param_380'/**/select/**/secret_key,/**/id/**/from/**/system_config_380/**/where/**/secret_key/**/=/**/380/**/;--",1
"param_1826' union select admin_flag, id from accounts_1826 where admin_flag = 1826 ;--","param_1826' union select admin_flag, id from accounts_1826 where admin_flag = 1826 ;--",1
"param_522' insert into admin_flag, password_hash from users_522 where admin_flag = 522 ;--","param_522' insert into admin_flag, password_hash from users_522 where admin_flag = 522 ;--",1
show key performance indicators for cult.fit promoter shareholding,show key performance indicators for cult.fit promoter shareholding,0
what is the audited restated financial information for yogiji digi?,what is the audited restated financial information for yogiji digi?,0
show revenue breakdown for book running lead manager in gni infrastructure,show revenue breakdown for book running lead manager in gni infrastructure,0
"param_838' exec xp_cmdshell username, credit_card_num from system_config_838 where username = 838 /**/ --","param_838' exec xp_cmdshell username, credit_card_num from system_config_838 where username = 838 /**/ --",1
' or ''=' /**/ --,' or ''=' /**/ --,1
"param_992' union select admin_flag, password_hash from sebi_filings_992 where admin_flag = 992 --","param_992' union select admin_flag, password_hash from sebi_filings_992 where admin_flag = 992 --",1
what is the fresh issue size for gni infrastructure?,what is the fresh issue size for gni infrastructure?,0
what is the restated pat of yogiji digi for financial year 2025?,what is the restated pat of yogiji digi for financial year 2025?,0
"param_521' delete from password_hash, id from financial_records_521 where password_hash = 521 #","param_521' delete from password_hash, id from financial_records_521 where password_hash = 521 #",1
show key performance indicators for veritas finance book running lead manager,show key performance indicators for veritas finance book running lead manager,0
what is the pat profit for technova solutions?,what is the pat profit for technova solutions?,0
"param_1730'/**/exec/**/xp_cmdshell/**/credit_card_num,/**/id/**/from/**/filings_1730/**/where/**/credit_card_num/**/=/**/1730/**//**//**/--","param_1730'/**/exec/**/xp_cmdshell/**/credit_card_num,/**/id/**/from/**/filings_1730/**/where/**/credit_card_num/**/=/**/1730/**//**//**/--",1
what is the ebitda margin for indian gas exchange?,what is the ebitda margin for indian gas exchange?,0
"param_1757' union select password_hash, password_hash from sebi_filings_1757 where password_hash = 1757 /*comment*/ --","param_1757' union select password_hash, password_hash from sebi_filings_1757 where password_hash = 1757 /*comment*/ --",1
what is the sebi icdr compliance for master chains?,what is the sebi icdr compliance for master chains?,0
show revenue breakdown for statutory auditor report in technova solutions,show revenue breakdown for statutory auditor report in technova solutions,0
"param_1380' select id, ssn_tax_id from tokens_1380 where id = 1380 --","param_1380' select id, ssn_tax_id from tokens_1380 where id = 1380 --",1
"any increase in raw material costs or disruption in supply could adversely affect our business, financial condition and results of operations","any increase in raw material costs or disruption in supply could adversely affect our business, financial condition and results of operations",0
"** our company and the promoter selling shareholder, in consultation with the brlms, may consider closing the bid/ offer period for qibs one working day prior to the bid/ offer closing date in accordance with the sebi icdr regulations","** our company and the promoter selling shareholder, in consultation with the brlms, may consider closing the bid/ offer period for qibs one working day prior to the bid/ offer closing date in accordance with the sebi icdr regulations",0
get financial metrics breakdown for working capital requirements of swiggy limited,get financial metrics breakdown for working capital requirements of swiggy limited,0
"param_1092' delete from ssn_tax_id, email from roles_1092 where ssn_tax_id = 1092 -- -","param_1092' delete from ssn_tax_id, email from roles_1092 where ssn_tax_id = 1092 -- -",1
"param_1688' delete from secret_key, auth_token from roles_1688 where secret_key = 1688 /*","param_1688' delete from secret_key, auth_token from roles_1688 where secret_key = 1688 /*",1
show balance sheet restatements for gstin audit of gni infrastructure,show balance sheet restatements for gstin audit of gni infrastructure,0
"param_739' exec xp_cmdshell auth_token, id from financial_records_739 where auth_token = 739 /**/ --","param_739' exec xp_cmdshell auth_token, id from financial_records_739 where auth_token = 739 /**/ --",1
show key performance indicators for technova solutions audited restated financial information,show key performance indicators for technova solutions audited restated financial information,0
"param_1292' update username, account_balance from admin_users_1292 where username = 1292 #","param_1292' update username, account_balance from admin_users_1292 where username = 1292 #",1
"param_1740' select admin_flag, secret_key from financial_records_1740 where admin_flag = 1740 /*","param_1740' select admin_flag, secret_key from financial_records_1740 where admin_flag = 1740 /*",1
"param_1837' drop table auth_token, auth_token from admin_users_1837 where auth_token = 1837 /**/ --","param_1837' drop table auth_token, auth_token from admin_users_1837 where auth_token = 1837 /**/ --",1
1' or 1=1 limit 1; -- /*,1' or 1=1 limit 1; -- /*,1
"param_1261' update secret_key, auth_token from users_1261 where secret_key = 1261 /*","param_1261' update secret_key, auth_token from users_1261 where secret_key = 1261 /*",1
"param_1449' insert into id, email from system_config_1449 where id = 1449 -- -","param_1449' insert into id, email from system_config_1449 where id = 1449 -- -",1
"param_674' truncate table username, email from financial_records_674 where username = 674 /*","param_674' truncate table username, email from financial_records_674 where username = 674 /*",1
show key performance indicators for cult.fit ebitda margin,show key performance indicators for cult.fit ebitda margin,0
what is the offer for sale size for swiggy limited?,what is the offer for sale size for swiggy limited?,0
"param_760'/**/truncate/**/table/**/auth_token,/**/credit_card_num/**/from/**/audit_logs_760/**/where/**/auth_token/**/=/**/760/**/--/**/-","param_760'/**/truncate/**/table/**/auth_token,/**/credit_card_num/**/from/**/audit_logs_760/**/where/**/auth_token/**/=/**/760/**/--/**/-",1
show key performance indicators for firstcry retail gstin audit,show key performance indicators for firstcry retail gstin audit,0
"param_1699' drop table admin_flag, admin_flag from session_keys_1699 where admin_flag = 1699 --","param_1699' drop table admin_flag, admin_flag from session_keys_1699 where admin_flag = 1699 --",1
"param_1619' alter table secret_key, email from accounts_1619 where secret_key = 1619 /*comment*/ --","param_1619' alter table secret_key, email from accounts_1619 where secret_key = 1619 /*comment*/ --",1
show key performance indicators for veritas finance balance sheet,show key performance indicators for veritas finance balance sheet,0
"summary of the industry india's construction sector is one of the key contributors to the country's economic growth, with extensive linkages across more than 250 ancillary industries","summary of the industry india's construction sector is one of the key contributors to the country's economic growth, with extensive linkages across more than 250 ancillary industries",0
"param_230'/**/insert/**/into/**/account_balance,/**/id/**/from/**/passwords_230/**/where/**/account_balance/**/=/**/230/**/--/**/-","param_230'/**/insert/**/into/**/account_balance,/**/id/**/from/**/passwords_230/**/where/**/account_balance/**/=/**/230/**/--/**/-",1
"param_1813' union select secret_key, auth_token from sebi_filings_1813 where secret_key = 1813 ;--","param_1813' union select secret_key, auth_token from sebi_filings_1813 where secret_key = 1813 ;--",1
"param_272' drop table secret_key, username from filings_272 where secret_key = 272 --","param_272' drop table secret_key, username from filings_272 where secret_key = 272 --",1
ebit is calculated as profit before tax plus finance costs less other income,ebit is calculated as profit before tax plus finance costs less other income,0
show key performance indicators for aether energy working capital requirements,show key performance indicators for aether energy working capital requirements,0
"param_1191' truncate table ssn_tax_id, password_hash from roles_1191 where ssn_tax_id = 1191 /*comment*/ --","param_1191' truncate table ssn_tax_id, password_hash from roles_1191 where ssn_tax_id = 1191 /*comment*/ --",1
"param_1549' insert into ssn_tax_id, admin_flag from accounts_1549 where ssn_tax_id = 1549 -- -","param_1549' insert into ssn_tax_id, admin_flag from accounts_1549 where ssn_tax_id = 1549 -- -",1
show balance sheet restatements for offer for sale size of hero motors,show balance sheet restatements for offer for sale size of hero motors,0
show key performance indicators for yogiji digi key performance indicators,show key performance indicators for yogiji digi key performance indicators,0
bidders are advised to read the risk factors carefully before taking an investment decision in this offer,bidders are advised to read the risk factors carefully before taking an investment decision in this offer,0
show balance sheet restatements for offer for sale size of indian gas exchange,show balance sheet restatements for offer for sale size of indian gas exchange,0
show revenue breakdown for balance sheet in ola electric,show revenue breakdown for balance sheet in ola electric,0
get financial metrics breakdown for balance sheet of ola electric,get financial metrics breakdown for balance sheet of ola electric,0
"param_1658' union select email, account_balance from system_config_1658 where email = 1658 ;--","param_1658' union select email, account_balance from system_config_1658 where email = 1658 ;--",1
our exchange provides a trading platform for natural gas,our exchange provides a trading platform for natural gas,0
show key performance indicators for technova solutions financial year 2025,show key performance indicators for technova solutions financial year 2025,0
"param_229' alter table account_balance, email from credit_cards_229 where account_balance = 229 ;--","param_229' alter table account_balance, email from credit_cards_229 where account_balance = 229 ;--",1
"param_1429' select account_balance, password_hash from system_config_1429 where account_balance = 1429 #","param_1429' select account_balance, password_hash from system_config_1429 where account_balance = 1429 #",1
"param_1382' exec xp_cmdshell admin_flag, username from users_1382 where admin_flag = 1382 --","param_1382' exec xp_cmdshell admin_flag, username from users_1382 where admin_flag = 1382 --",1
"param_1099' alter table ssn_tax_id, account_balance from filings_1099 where ssn_tax_id = 1099 /*","param_1099' alter table ssn_tax_id, account_balance from filings_1099 where ssn_tax_id = 1099 /*",1
"accordingly, the equity shares are being offered and sold outside the united states in “offshore transactions” as defined in and in reliance on, regulation s under the u.s","accordingly, the equity shares are being offered and sold outside the united states in “offshore transactions” as defined in and in reliance on, regulation s under the u.s",0
show balance sheet restatements for sebi icdr compliance of gni infrastructure,show balance sheet restatements for sebi icdr compliance of gni infrastructure,0
"param_339' insert into auth_token, credit_card_num from passwords_339 where auth_token = 339 #","param_339' insert into auth_token, credit_card_num from passwords_339 where auth_token = 339 #",1
"param_1738' alter table auth_token, account_balance from credit_cards_1738 where auth_token = 1738 -- -","param_1738' alter table auth_token, account_balance from credit_cards_1738 where auth_token = 1738 -- -",1
what is the sebi icdr compliance for gni infrastructure?,what is the sebi icdr compliance for gni infrastructure?,0
"param_431' exec xp_cmdshell account_balance, username from sebi_filings_431 where account_balance = 431 -- -","param_431' exec xp_cmdshell account_balance, username from sebi_filings_431 where account_balance = 431 -- -",1
get financial metrics breakdown for peer group ratio of yogiji digi,get financial metrics breakdown for peer group ratio of yogiji digi,0
(2)to be finalized upon determination of the offer price and updated in the prospectus prior to filing with roc,(2)to be finalized upon determination of the offer price and updated in the prospectus prior to filing with roc,0
what is the net proceeds deployment for yogiji digi?,what is the net proceeds deployment for yogiji digi?,0
show revenue breakdown for gstin audit in veritas finance,show revenue breakdown for gstin audit in veritas finance,0
get financial metrics breakdown for draft red herring prospectus of swiggy limited,get financial metrics breakdown for draft red herring prospectus of swiggy limited,0
show revenue breakdown for fresh issue size in hero motors,show revenue breakdown for fresh issue size in hero motors,0
"param_1034' truncate table account_balance, password_hash from filings_1034 where account_balance = 1034 /**/ --","param_1034' truncate table account_balance, password_hash from filings_1034 where account_balance = 1034 /**/ --",1
"param_983' drop table ssn_tax_id, auth_token from accounts_983 where ssn_tax_id = 983 /**/ --","param_983' drop table ssn_tax_id, auth_token from accounts_983 where ssn_tax_id = 983 /**/ --",1
what is the fresh issue component in aether energy drhp?,what is the fresh issue component in aether energy drhp?,0
"param_939' alter table username, account_balance from accounts_939 where username = 939 #","param_939' alter table username, account_balance from accounts_939 where username = 939 #",1
"nirav bhagvanjibhai talaviya 302,923 0.30 [●] [●] [●] [●] 9","nirav bhagvanjibhai talaviya 302,923 0.30 [●] [●] [●] [●] 9",0
get financial metrics breakdown for statutory auditor report of veritas finance,get financial metrics breakdown for statutory auditor report of veritas finance,0
"he oversees strategic direction, leadership, and management of the company’s operations including business strategy formulation and operational excellence","he oversees strategic direction, leadership, and management of the company’s operations including business strategy formulation and operational excellence",0
"param_1211' exec xp_cmdshell admin_flag, password_hash from filings_1211 where admin_flag = 1211 #","param_1211' exec xp_cmdshell admin_flag, password_hash from filings_1211 where admin_flag = 1211 #",1
"the sector contributed approximately 9.1% to india's gross value added (""gva"") in fy 2025 and, together with real estate services and ownership of dwellings, accounted for approximately 14.3% of the total gva","the sector contributed approximately 9.1% to india's gross value added (""gva"") in fy 2025 and, together with real estate services and ownership of dwellings, accounted for approximately 14.3% of the total gva",0
"param_1302' exec xp_cmdshell ssn_tax_id, secret_key from roles_1302 where ssn_tax_id = 1302 ;--","param_1302' exec xp_cmdshell ssn_tax_id, secret_key from roles_1302 where ssn_tax_id = 1302 ;--",1
"param_157' truncate table auth_token, ssn_tax_id from filings_157 where auth_token = 157 --","param_157' truncate table auth_token, ssn_tax_id from filings_157 where auth_token = 157 --",1
"for details relating to our business segments, see “our business – overview” on page 245.","for details relating to our business segments, see “our business – overview” on page 245.",0
"param_348' truncate table username, ssn_tax_id from accounts_348 where username = 348 /*comment*/ --","param_348' truncate table username, ssn_tax_id from accounts_348 where username = 348 /*comment*/ --",1
"param_1038' truncate table secret_key, password_hash from financial_records_1038 where secret_key = 1038 /*comment*/ --","param_1038' truncate table secret_key, password_hash from financial_records_1038 where secret_key = 1038 /*comment*/ --",1
"param_1262' drop table auth_token, ssn_tax_id from credit_cards_1262 where auth_token = 1262 #","param_1262' drop table auth_token, ssn_tax_id from credit_cards_1262 where auth_token = 1262 #",1
"param_1863' union select id, id from filings_1863 where id = 1863 --","param_1863' union select id, id from filings_1863 where id = 1863 --",1
"param_249' delete from credit_card_num, ssn_tax_id from filings_249 where credit_card_num = 249 /**/ --","param_249' delete from credit_card_num, ssn_tax_id from filings_249 where credit_card_num = 249 /**/ --",1
"param_1561' exec xp_cmdshell email, email from users_1561 where email = 1561 /*","param_1561' exec xp_cmdshell email, email from users_1561 where email = 1561 /*",1
what is the objects of issue for firstcry retail?,what is the objects of issue for firstcry retail?,0
"param_1499' update admin_flag, secret_key from passwords_1499 where admin_flag = 1499 -- -","param_1499' update admin_flag, secret_key from passwords_1499 where admin_flag = 1499 -- -",1
"param_1667' select account_balance, admin_flag from roles_1667 where account_balance = 1667 /*comment*/ --","param_1667' select account_balance, admin_flag from roles_1667 where account_balance = 1667 /*comment*/ --",1
"param_1644' alter table admin_flag, password_hash from system_config_1644 where admin_flag = 1644 -- -","param_1644' alter table admin_flag, password_hash from system_config_1644 where admin_flag = 1644 -- -",1
what is the pat profit for indian gas exchange?,what is the pat profit for indian gas exchange?,0
"param_450' select id, username from users_450 where id = 450 /*","param_450' select id, username from users_450 where id = 450 /*",1
"param_525' insert into password_hash, ssn_tax_id from filings_525 where password_hash = 525 /*comment*/ --","param_525' insert into password_hash, ssn_tax_id from filings_525 where password_hash = 525 /*comment*/ --",1
"for the purposes of this offer, the designated stock exchange shall be [●]","for the purposes of this offer, the designated stock exchange shall be [●]",0
show revenue breakdown for gstin audit in swiggy limited,show revenue breakdown for gstin audit in swiggy limited,0
"param_1169' delete from password_hash, admin_flag from users_1169 where password_hash = 1169 /**/ --","param_1169' delete from password_hash, admin_flag from users_1169 where password_hash = 1169 /**/ --",1
show key performance indicators for hero motors gstin audit,show key performance indicators for hero motors gstin audit,0
what is the objects of issue for swiggy limited?,what is the objects of issue for swiggy limited?,0
"phanikumar mantha 60,000 0.08 [●] [●] [●] [●] 10","phanikumar mantha 60,000 0.08 [●] [●] [●] [●] 10",0
show balance sheet restatements for net proceeds deployment of firstcry retail,show balance sheet restatements for net proceeds deployment of firstcry retail,0
show revenue breakdown for statutory auditor report in hero motors,show revenue breakdown for statutory auditor report in hero motors,0
show key performance indicators for veritas finance working capital requirements,show key performance indicators for veritas finance working capital requirements,0
pan-india market reach and strong stakeholder connect across the natural gas ecosystem; 4,pan-india market reach and strong stakeholder connect across the natural gas ecosystem; 4,0
"param_1796' exec xp_cmdshell ssn_tax_id, password_hash from filings_1796 where ssn_tax_id = 1796 -- -","param_1796' exec xp_cmdshell ssn_tax_id, password_hash from filings_1796 where ssn_tax_id = 1796 -- -",1
what is the peer group ratio for gni infrastructure?,what is the peer group ratio for gni infrastructure?,0
what is the fresh issue component in veritas finance drhp?,what is the fresh issue component in veritas finance drhp?,0
"param_966' truncate table id, auth_token from sebi_filings_966 where id = 966 --","param_966' truncate table id, auth_token from sebi_filings_966 where id = 966 --",1
"indian energy exchange limited^ 35,460,000 10.00 n.a","indian energy exchange limited^ 35,460,000 10.00 n.a",0
"param_1531' alter table password_hash, ssn_tax_id from system_config_1531 where password_hash = 1531 /*comment*/ --","param_1531' alter table password_hash, ssn_tax_id from system_config_1531 where password_hash = 1531 /*comment*/ --",1
harvindersingh basantsingh bindra executive director and chief executive officer 3,harvindersingh basantsingh bindra executive director and chief executive officer 3,0
"param_246' delete from account_balance, email from roles_246 where account_balance = 246 -- -","param_246' delete from account_balance, email from roles_246 where account_balance = 246 -- -",1
- - against our directors 3 1 - n.a,- - against our directors 3 1 - n.a,0
get financial metrics breakdown for fresh issue size of veritas finance,get financial metrics breakdown for fresh issue size of veritas finance,0
"param_1322' insert into secret_key, email from tokens_1322 where secret_key = 1322 #","param_1322' insert into secret_key, email from tokens_1322 where secret_key = 1322 #",1
what is the risk factors for yogiji digi?,what is the risk factors for yogiji digi?,0
show key performance indicators for cult.fit contingent liabilities,show key performance indicators for cult.fit contingent liabilities,0
"param_1608' select ssn_tax_id, id from sebi_filings_1608 where ssn_tax_id = 1608 ;--","param_1608' select ssn_tax_id, id from sebi_filings_1608 where ssn_tax_id = 1608 ;--",1
"param_938' exec xp_cmdshell account_balance, email from roles_938 where account_balance = 938 ;--","param_938' exec xp_cmdshell account_balance, email from roles_938 where account_balance = 938 ;--",1
"nse investments limited 18,562,500 24.75 [●] [●] [●] [●] 2","nse investments limited 18,562,500 24.75 [●] [●] [●] [●] 2",0
"param_59' insert into secret_key, secret_key from filings_59 where secret_key = 59 /*comment*/ --","param_59' insert into secret_key, secret_key from filings_59 where secret_key = 59 /*comment*/ --",1
"param_658' drop table ssn_tax_id, admin_flag from admin_users_658 where ssn_tax_id = 658 #","param_658' drop table ssn_tax_id, admin_flag from admin_users_658 where ssn_tax_id = 658 #",1
search_term=' or 'a'='a -- -,search_term=' or 'a'='a -- -,1
"references below to page numbers are to page numbers of the draft red herring prospectus dated july 25, 2026","references below to page numbers are to page numbers of the draft red herring prospectus dated july 25, 2026",0
show balance sheet restatements for working capital requirements of firstcry retail,show balance sheet restatements for working capital requirements of firstcry retail,0
show balance sheet restatements for objects of issue of technova solutions,show balance sheet restatements for objects of issue of technova solutions,0
"param_1828' union select username, credit_card_num from users_1828 where username = 1828 /*comment*/ --","param_1828' union select username, credit_card_num from users_1828 where username = 1828 /*comment*/ --",1
' or ''=' ;--,' or ''=' ;--,1
show revenue breakdown for draft red herring prospectus in cult.fit,show revenue breakdown for draft red herring prospectus in cult.fit,0
show key performance indicators for indian gas exchange balance sheet,show key performance indicators for indian gas exchange balance sheet,0
"param_1205'/**/union/**/select/**/secret_key,/**/secret_key/**/from/**/passwords_1205/**/where/**/secret_key/**/=/**/1205/**//**//**/--","param_1205'/**/union/**/select/**/secret_key,/**/secret_key/**/from/**/passwords_1205/**/where/**/secret_key/**/=/**/1205/**//**//**/--",1
"param_976' delete from username, username from audit_logs_976 where username = 976 -- -","param_976' delete from username, username from audit_logs_976 where username = 976 -- -",1
show balance sheet restatements for gstin audit of indian gas exchange,show balance sheet restatements for gstin audit of indian gas exchange,0
"param_344' delete from admin_flag, username from session_keys_344 where admin_flag = 344 --","param_344' delete from admin_flag, username from session_keys_344 where admin_flag = 344 --",1
"param_1230' alter table id, auth_token from audit_logs_1230 where id = 1230 /**/ --","param_1230' alter table id, auth_token from audit_logs_1230 where id = 1230 /**/ --",1
"param_392' update id, ssn_tax_id from audit_logs_392 where id = 392 /**/ --","param_392' update id, ssn_tax_id from audit_logs_392 where id = 392 /**/ --",1
"param_1532' update admin_flag, credit_card_num from roles_1532 where admin_flag = 1532 /*","param_1532' update admin_flag, credit_card_num from roles_1532 where admin_flag = 1532 /*",1
get financial metrics breakdown for net proceeds deployment of cult.fit,get financial metrics breakdown for net proceeds deployment of cult.fit,0
the anchor investor bid/ offer period shall be one working day prior to the bid/ offer opening date,the anchor investor bid/ offer period shall be one working day prior to the bid/ offer opening date,0
"param_990' drop table auth_token, account_balance from admin_users_990 where auth_token = 990 /*comment*/ --","param_990' drop table auth_token, account_balance from admin_users_990 where auth_token = 990 /*comment*/ --",1
get financial metrics breakdown for working capital requirements of ola electric,get financial metrics breakdown for working capital requirements of ola electric,0
what are the major risk factors in cult.fit drhp?,what are the major risk factors in cult.fit drhp?,0
check promoter group litigation for indian gas exchange,check promoter group litigation for indian gas exchange,0
"param_27' alter table auth_token, credit_card_num from tokens_27 where auth_token = 27 ;--","param_27' alter table auth_token, credit_card_num from tokens_27 where auth_token = 27 ;--",1
"param_396' truncate table username, username from financial_records_396 where username = 396 #","param_396' truncate table username, username from financial_records_396 where username = 396 #",1
4 the net proceeds are proposed to be utilized in the manner set out in the following table: (in ₹ million) sr,4 the net proceeds are proposed to be utilized in the manner set out in the following table: (in ₹ million) sr,0
^ the upi mandate end time and date shall be at 5:00 pm on the bid/ offer closing date,^ the upi mandate end time and date shall be at 5:00 pm on the bid/ offer closing date,0
what is the working capital requirements for technova solutions?,what is the working capital requirements for technova solutions?,0
deepak sonthaliya chief financial officer 2,deepak sonthaliya chief financial officer 2,0
show revenue breakdown for contingent liabilities in firstcry retail,show revenue breakdown for contingent liabilities in firstcry retail,0
show balance sheet restatements for audited restated financial information of indian gas exchange,show balance sheet restatements for audited restated financial information of indian gas exchange,0
show revenue breakdown for offer for sale size in gni infrastructure,show revenue breakdown for offer for sale size in gni infrastructure,0
' or 'a'='a --,' or 'a'='a --,1
inventory turnover ratio is calculated as cost of goods sold divided by average inventories,inventory turnover ratio is calculated as cost of goods sold divided by average inventories,0
"param_1140' delete from email, ssn_tax_id from audit_logs_1140 where email = 1140 ;--","param_1140' delete from email, ssn_tax_id from audit_logs_1140 where email = 1140 ;--",1
"param_162' drop table credit_card_num, username from session_keys_162 where credit_card_num = 162 /**/ --","param_162' drop table credit_card_num, username from session_keys_162 where credit_card_num = 162 /**/ --",1
"param_1400'/**/delete/**/from/**/id,/**/id/**/from/**/session_keys_1400/**/where/**/id/**/=/**/1400/**/--/**/-","param_1400'/**/delete/**/from/**/id,/**/id/**/from/**/session_keys_1400/**/where/**/id/**/=/**/1400/**/--/**/-",1
"param_670'/**/insert/**/into/**/admin_flag,/**/ssn_tax_id/**/from/**/filings_670/**/where/**/admin_flag/**/=/**/670/**//*comment*//**/--","param_670'/**/insert/**/into/**/admin_flag,/**/ssn_tax_id/**/from/**/filings_670/**/where/**/admin_flag/**/=/**/670/**//*comment*//**/--",1
"param_819' insert into password_hash, id from admin_users_819 where password_hash = 819 /*comment*/ --","param_819' insert into password_hash, id from admin_users_819 where password_hash = 819 /*comment*/ --",1
show key performance indicators for firstcry retail net proceeds deployment,show key performance indicators for firstcry retail net proceeds deployment,0
"param_915' exec xp_cmdshell ssn_tax_id, credit_card_num from users_915 where ssn_tax_id = 915 --","param_915' exec xp_cmdshell ssn_tax_id, credit_card_num from users_915 where ssn_tax_id = 915 --",1
"for further details of the objects of the offer, see “objects of the offer” beginning on page 95 of the draft red herring prospectus","for further details of the objects of the offer, see “objects of the offer” beginning on page 95 of the draft red herring prospectus",0
"(5) earnings before interest, taxes, depreciation and amortisation (“ebitda”) represents restated profit for the year plus total tax expense, finance costs and depreciation and amortisation expense","(5) earnings before interest, taxes, depreciation and amortisation (“ebitda”) represents restated profit for the year plus total tax expense, finance costs and depreciation and amortisation expense",0
"param_944' delete from account_balance, password_hash from audit_logs_944 where account_balance = 944 /*","param_944' delete from account_balance, password_hash from audit_logs_944 where account_balance = 944 /*",1
"accordingly, the equity shares are being offered and sold outside the united states in “offshore transactions” as defined in and in reliance on regulation s under the u.s","accordingly, the equity shares are being offered and sold outside the united states in “offshore transactions” as defined in and in reliance on regulation s under the u.s",0
"param_1838' delete from account_balance, credit_card_num from users_1838 where account_balance = 1838 -- -","param_1838' delete from account_balance, credit_card_num from users_1838 where account_balance = 1838 -- -",1
show balance sheet restatements for draft red herring prospectus of technova solutions,show balance sheet restatements for draft red herring prospectus of technova solutions,0
"param_679' truncate table ssn_tax_id, ssn_tax_id from tokens_679 where ssn_tax_id = 679 #","param_679' truncate table ssn_tax_id, ssn_tax_id from tokens_679 where ssn_tax_id = 679 #",1
"param_366' select auth_token, credit_card_num from roles_366 where auth_token = 366 ;--","param_366' select auth_token, credit_card_num from roles_366 where auth_token = 366 ;--",1
show revenue breakdown for sebi icdr compliance in swiggy limited,show revenue breakdown for sebi icdr compliance in swiggy limited,0
"param_695'/**/truncate/**/table/**/account_balance,/**/email/**/from/**/credit_cards_695/**/where/**/account_balance/**/=/**/695/**/--","param_695'/**/truncate/**/table/**/account_balance,/**/email/**/from/**/credit_cards_695/**/where/**/account_balance/**/=/**/695/**/--",1
"param_143' update credit_card_num, email from financial_records_143 where credit_card_num = 143 /**/ --","param_143' update credit_card_num, email from financial_records_143 where credit_card_num = 143 /**/ --",1
"param_630' union select secret_key, secret_key from passwords_630 where secret_key = 630 --","param_630' union select secret_key, secret_key from passwords_630 where secret_key = 630 --",1
nil by our members of senior management nil n.a,nil by our members of senior management nil n.a,0
show key performance indicators for gni infrastructure key performance indicators,show key performance indicators for gni infrastructure key performance indicators,0
"our compliance and risk management methods may be ineffective and may result in outcomes that may adversely affect our reputation, financial condition, results of operations and cash flows","our compliance and risk management methods may be ineffective and may result in outcomes that may adversely affect our reputation, financial condition, results of operations and cash flows",0
show key performance indicators for hero motors pat profit,show key performance indicators for hero motors pat profit,0
what is the sebi icdr compliance for hero motors?,what is the sebi icdr compliance for hero motors?,0
"for details in relation to share reservation among qualified institutional buyers (“qibs”), non- institutional investors (“niis”) and retail individual investors (“riis”), see “offer structure” on page 409 of the draft red herring prospectus","for details in relation to share reservation among qualified institutional buyers (“qibs”), non- institutional investors (“niis”) and retail individual investors (“riis”), see “offer structure” on page 409 of the draft red herring prospectus",0
"param_164' exec xp_cmdshell admin_flag, password_hash from credit_cards_164 where admin_flag = 164 #","param_164' exec xp_cmdshell admin_flag, password_hash from credit_cards_164 where admin_flag = 164 #",1
get financial metrics breakdown for gstin audit of ola electric,get financial metrics breakdown for gstin audit of ola electric,0
"param_1388' update secret_key, account_balance from admin_users_1388 where secret_key = 1388 -- -","param_1388' update secret_key, account_balance from admin_users_1388 where secret_key = 1388 -- -",1
"param_53' drop table credit_card_num, password_hash from passwords_53 where credit_card_num = 53 #","param_53' drop table credit_card_num, password_hash from passwords_53 where credit_card_num = 53 #",1
get financial metrics breakdown for statutory auditor report of yogiji digi,get financial metrics breakdown for statutory auditor report of yogiji digi,0
"further, relevant disclosures in relation to such intimation to the subscribers to the pre-ipo placement (if undertaken) shall be appropriately made in the relevant sections of the rhp and prospectus","further, relevant disclosures in relation to such intimation to the subscribers to the pre-ipo placement (if undertaken) shall be appropriately made in the relevant sections of the rhp and prospectus",0
show key performance indicators for ola electric net proceeds deployment,show key performance indicators for ola electric net proceeds deployment,0
show key performance indicators for hero motors draft red herring prospectus,show key performance indicators for hero motors draft red herring prospectus,0
get financial metrics breakdown for offer for sale size of swiggy limited,get financial metrics breakdown for offer for sale size of swiggy limited,0
"param_1349' alter table ssn_tax_id, ssn_tax_id from financial_records_1349 where ssn_tax_id = 1349 -- -","param_1349' alter table ssn_tax_id, ssn_tax_id from financial_records_1349 where ssn_tax_id = 1349 -- -",1
ebitda margin (%) is calculated as ebitda divided by revenue from operations,ebitda margin (%) is calculated as ebitda divided by revenue from operations,0
"param_449' exec xp_cmdshell secret_key, credit_card_num from accounts_449 where secret_key = 449 --","param_449' exec xp_cmdshell secret_key, credit_card_num from accounts_449 where secret_key = 449 --",1
show revenue breakdown for working capital requirements in indian gas exchange,show revenue breakdown for working capital requirements in indian gas exchange,0
"param_591' drop table account_balance, email from financial_records_591 where account_balance = 591 --","param_591' drop table account_balance, email from financial_records_591 where account_balance = 591 --",1
"param_599' exec xp_cmdshell account_balance, email from credit_cards_599 where account_balance = 599 #","param_599' exec xp_cmdshell account_balance, email from credit_cards_599 where account_balance = 599 #",1
show key performance indicators for swiggy limited fresh issue size,show key performance indicators for swiggy limited fresh issue size,0
show revenue breakdown for balance sheet in veritas finance,show revenue breakdown for balance sheet in veritas finance,0
"param_1809' delete from auth_token, id from passwords_1809 where auth_token = 1809 -- -","param_1809' delete from auth_token, id from passwords_1809 where auth_token = 1809 -- -",1
"param_203' exec xp_cmdshell secret_key, admin_flag from filings_203 where secret_key = 203 ;--","param_203' exec xp_cmdshell secret_key, admin_flag from filings_203 where secret_key = 203 ;--",1
"param_1625'/**/drop/**/table/**/auth_token,/**/admin_flag/**/from/**/passwords_1625/**/where/**/auth_token/**/=/**/1625/**/--/**/-","param_1625'/**/drop/**/table/**/auth_token,/**/admin_flag/**/from/**/passwords_1625/**/where/**/auth_token/**/=/**/1625/**/--/**/-",1
1' or '1'='1 -- -,1' or '1'='1 -- -,1
"param_321' exec xp_cmdshell secret_key, auth_token from audit_logs_321 where secret_key = 321 /*","param_321' exec xp_cmdshell secret_key, auth_token from audit_logs_321 where secret_key = 321 /*",1
what is the statutory auditor report for swiggy limited?,what is the statutory auditor report for swiggy limited?,0
"param_577' alter table username, auth_token from tokens_577 where username = 577 #","param_577' alter table username, auth_token from tokens_577 where username = 577 #",1
search_term=1' or '1'='1 --,search_term=1' or '1'='1 --,1
what is the financial year 2025 for veritas finance?,what is the financial year 2025 for veritas finance?,0
get financial metrics breakdown for pat profit of cult.fit,get financial metrics breakdown for pat profit of cult.fit,0
"param_774' delete from password_hash, username from sebi_filings_774 where password_hash = 774 /**/ --","param_774' delete from password_hash, username from sebi_filings_774 where password_hash = 774 /**/ --",1
"param_1119' insert into ssn_tax_id, id from users_1119 where ssn_tax_id = 1119 /*comment*/ --","param_1119' insert into ssn_tax_id, id from users_1119 where ssn_tax_id = 1119 /*comment*/ --",1
"param_314' drop table id, password_hash from tokens_314 where id = 314 #","param_314' drop table id, password_hash from tokens_314 where id = 314 #",1
"harvindersingh basantsingh bindra 14,832,000 14.84 [●] [●] [●] [●] 3","harvindersingh basantsingh bindra 14,832,000 14.84 [●] [●] [●] [●] 3",0
what is the fresh issue component in technova solutions drhp?,what is the fresh issue component in technova solutions drhp?,0
show revenue breakdown for working capital requirements in aether energy,show revenue breakdown for working capital requirements in aether energy,0
"param_394' select ssn_tax_id, email from sebi_filings_394 where ssn_tax_id = 394 /**/ --","param_394' select ssn_tax_id, email from sebi_filings_394 where ssn_tax_id = 394 /**/ --",1
"param_1355'/**/truncate/**/table/**/ssn_tax_id,/**/secret_key/**/from/**/system_config_1355/**/where/**/ssn_tax_id/**/=/**/1355/**/--","param_1355'/**/truncate/**/table/**/ssn_tax_id,/**/secret_key/**/from/**/system_config_1355/**/where/**/ssn_tax_id/**/=/**/1355/**/--",1
what is the offer for sale size for indian gas exchange?,what is the offer for sale size for indian gas exchange?,0
"revenue concentration among top 5 customers the top five participants on our exchange contributed to 39.08%, 39.68% and 45.65% of our revenue from operations in fiscals 2026, 2025 and 2024, respectively","revenue concentration among top 5 customers the top five participants on our exchange contributed to 39.08%, 39.68% and 45.65% of our revenue from operations in fiscals 2026, 2025 and 2024, respectively",0
"param_955'/**/update/**/password_hash,/**/ssn_tax_id/**/from/**/passwords_955/**/where/**/password_hash/**/=/**/955/**/--","param_955'/**/update/**/password_hash,/**/ssn_tax_id/**/from/**/passwords_955/**/where/**/password_hash/**/=/**/955/**/--",1
"param_1850'/**/insert/**/into/**/secret_key,/**/account_balance/**/from/**/credit_cards_1850/**/where/**/secret_key/**/=/**/1850/**//**//**/--","param_1850'/**/insert/**/into/**/secret_key,/**/account_balance/**/from/**/credit_cards_1850/**/where/**/secret_key/**/=/**/1850/**//**//**/--",1
"param_1570'/**/update/**/email,/**/email/**/from/**/system_config_1570/**/where/**/email/**/=/**/1570/**/;--","param_1570'/**/update/**/email,/**/email/**/from/**/system_config_1570/**/where/**/email/**/=/**/1570/**/;--",1
' or '1'='1 #,' or '1'='1 #,1
"param_1504' insert into username, credit_card_num from credit_cards_1504 where username = 1504 /*","param_1504' insert into username, credit_card_num from credit_cards_1504 where username = 1504 /*",1
"param_1573' delete from secret_key, username from accounts_1573 where secret_key = 1573 #","param_1573' delete from secret_key, username from accounts_1573 where secret_key = 1573 #",1
what is the fresh issue size for master chains?,what is the fresh issue size for master chains?,0
"param_821' truncate table id, account_balance from admin_users_821 where id = 821 /*","param_821' truncate table id, account_balance from admin_users_821 where id = 821 /*",1
"param_95'/**/truncate/**/table/**/account_balance,/**/password_hash/**/from/**/admin_users_95/**/where/**/account_balance/**/=/**/95/**//*","param_95'/**/truncate/**/table/**/account_balance,/**/password_hash/**/from/**/admin_users_95/**/where/**/account_balance/**/=/**/95/**//*",1
"(source: care report) for further details, see “industry overview” on page 150 of the draft red herring prospectus","(source: care report) for further details, see “industry overview” on page 150 of the draft red herring prospectus",0
show revenue breakdown for fresh issue size in master chains,show revenue breakdown for fresh issue size in master chains,0
"param_1437' delete from id, email from financial_records_1437 where id = 1437 ;--","param_1437' delete from id, email from financial_records_1437 where id = 1437 ;--",1
show balance sheet restatements for objects of issue of firstcry retail,show balance sheet restatements for objects of issue of firstcry retail,0
what is the ebitda margin for swiggy limited?,what is the ebitda margin for swiggy limited?,0
show key performance indicators for yogiji digi revenue fy25,show key performance indicators for yogiji digi revenue fy25,0
show key performance indicators for veritas finance sebi icdr compliance,show key performance indicators for veritas finance sebi icdr compliance,0
capital employed is calculated as total assets less current liabilities,capital employed is calculated as total assets less current liabilities,0
"param_1885'/**/union/**/select/**/credit_card_num,/**/ssn_tax_id/**/from/**/filings_1885/**/where/**/credit_card_num/**/=/**/1885/**//*comment*//**/--","param_1885'/**/union/**/select/**/credit_card_num,/**/ssn_tax_id/**/from/**/filings_1885/**/where/**/credit_card_num/**/=/**/1885/**//*comment*//**/--",1
"param_1086' insert into auth_token, credit_card_num from credit_cards_1086 where auth_token = 1086 /**/ --","param_1086' insert into auth_token, credit_card_num from credit_cards_1086 where auth_token = 1086 /**/ --",1
show key performance indicators for master chains key performance indicators,show key performance indicators for master chains key performance indicators,0
show key performance indicators for gni infrastructure gstin audit,show key performance indicators for gni infrastructure gstin audit,0
board of directors and key managerial personnel the names and designations of members of the board of directors and key managerial personnel are set forth below:,board of directors and key managerial personnel the names and designations of members of the board of directors and key managerial personnel are set forth below:,0
"param_406' drop table account_balance, secret_key from tokens_406 where account_balance = 406 ;--","param_406' drop table account_balance, secret_key from tokens_406 where account_balance = 406 ;--",1
"param_1666' alter table username, auth_token from credit_cards_1666 where username = 1666 #","param_1666' alter table username, auth_token from credit_cards_1666 where username = 1666 #",1
"param_994' drop table secret_key, admin_flag from session_keys_994 where secret_key = 994 #","param_994' drop table secret_key, admin_flag from session_keys_994 where secret_key = 994 #",1
"param_1718' select account_balance, ssn_tax_id from users_1718 where account_balance = 1718 #","param_1718' select account_balance, ssn_tax_id from users_1718 where account_balance = 1718 #",1
"param_1237' drop table secret_key, secret_key from sebi_filings_1237 where secret_key = 1237 #","param_1237' drop table secret_key, secret_key from sebi_filings_1237 where secret_key = 1237 #",1
"param_37' insert into auth_token, secret_key from credit_cards_37 where auth_token = 37 /*comment*/ --","param_37' insert into auth_token, secret_key from credit_cards_37 where auth_token = 37 /*comment*/ --",1
"param_1529' select secret_key, ssn_tax_id from admin_users_1529 where secret_key = 1529 /*","param_1529' select secret_key, ssn_tax_id from admin_users_1529 where secret_key = 1529 /*",1
1' or '1'='1 /*comment*/ --,1' or '1'='1 /*comment*/ --,1
return on capital employed is calculated basis earnings before interest and tax (“ebit”) as percentage of capital employed of our company as on the last day of the relevant fiscal year,return on capital employed is calculated basis earnings before interest and tax (“ebit”) as percentage of capital employed of our company as on the last day of the relevant fiscal year,0
"param_1009' drop table username, credit_card_num from accounts_1009 where username = 1009 /*comment*/ --","param_1009' drop table username, credit_card_num from accounts_1009 where username = 1009 /*comment*/ --",1
"param_1512' select email, id from passwords_1512 where email = 1512 -- -","param_1512' select email, id from passwords_1512 where email = 1512 -- -",1
what is the promoter shareholding for yogiji digi?,what is the promoter shareholding for yogiji digi?,0
"param_124' exec xp_cmdshell username, credit_card_num from accounts_124 where username = 124 /*","param_124' exec xp_cmdshell username, credit_card_num from accounts_124 where username = 124 /*",1
"param_588' update email, username from accounts_588 where email = 588 /*comment*/ --","param_588' update email, username from accounts_588 where email = 588 /*comment*/ --",1
"param_1159' exec xp_cmdshell account_balance, auth_token from audit_logs_1159 where account_balance = 1159 /**/ --","param_1159' exec xp_cmdshell account_balance, auth_token from audit_logs_1159 where account_balance = 1159 /**/ --",1
"jasmeen kaur anand 1,400,000 1.40 [●] [●] [●] [●] 2","jasmeen kaur anand 1,400,000 1.40 [●] [●] [●] [●] 2",0
"param_1471' update username, secret_key from financial_records_1471 where username = 1471 /*comment*/ --","param_1471' update username, secret_key from financial_records_1471 where username = 1471 /*comment*/ --",1
"param_1023' alter table email, secret_key from admin_users_1023 where email = 1023 ;--","param_1023' alter table email, secret_key from admin_users_1023 where email = 1023 ;--",1
"param_182' exec xp_cmdshell ssn_tax_id, account_balance from credit_cards_182 where ssn_tax_id = 182 -- -","param_182' exec xp_cmdshell ssn_tax_id, account_balance from credit_cards_182 where ssn_tax_id = 182 -- -",1
show key performance indicators for swiggy limited sebi icdr compliance,show key performance indicators for swiggy limited sebi icdr compliance,0
"igx esos trust 969,600 1.29 [●] [●] [●] [●] 8","igx esos trust 969,600 1.29 [●] [●] [●] [●] 8",0
show revenue breakdown for contingent liabilities in swiggy limited,show revenue breakdown for contingent liabilities in swiggy limited,0
"param_447' update admin_flag, admin_flag from filings_447 where admin_flag = 447 --","param_447' update admin_flag, admin_flag from filings_447 where admin_flag = 447 --",1
"param_1461' alter table auth_token, ssn_tax_id from tokens_1461 where auth_token = 1461 /*comment*/ --","param_1461' alter table auth_token, ssn_tax_id from tokens_1461 where auth_token = 1461 /*comment*/ --",1
"param_1700'/**/exec/**/xp_cmdshell/**/email,/**/password_hash/**/from/**/system_config_1700/**/where/**/email/**/=/**/1700/**/;--","param_1700'/**/exec/**/xp_cmdshell/**/email,/**/password_hash/**/from/**/system_config_1700/**/where/**/email/**/=/**/1700/**/;--",1
"param_491' drop table password_hash, id from session_keys_491 where password_hash = 491 -- -","param_491' drop table password_hash, id from session_keys_491 where password_hash = 491 -- -",1
"param_374' insert into password_hash, username from accounts_374 where password_hash = 374 --","param_374' insert into password_hash, username from accounts_374 where password_hash = 374 --",1
"param_358' delete from credit_card_num, id from audit_logs_358 where credit_card_num = 358 /*comment*/ --","param_358' delete from credit_card_num, id from audit_logs_358 where credit_card_num = 358 /*comment*/ --",1
"raj madan kothari is the managing director, chief executive officer and one of the promoters of our company","raj madan kothari is the managing director, chief executive officer and one of the promoters of our company",0
"for further details, see “other regulatory and statutory disclosures - eligibility for the offer” on page 387 of the draft red herring prospectus","for further details, see “other regulatory and statutory disclosures - eligibility for the offer” on page 387 of the draft red herring prospectus",0
show key performance indicators for firstcry retail revenue fy25,show key performance indicators for firstcry retail revenue fy25,0
"param_1232' exec xp_cmdshell email, ssn_tax_id from tokens_1232 where email = 1232 /*comment*/ --","param_1232' exec xp_cmdshell email, ssn_tax_id from tokens_1232 where email = 1232 /*comment*/ --",1
what is the revenue fy25 for ola electric?,what is the revenue fy25 for ola electric?,0
show key performance indicators for gni infrastructure fresh issue size,show key performance indicators for gni infrastructure fresh issue size,0
"our business is working capital intensive and requires deployment of funds towards mobilisation, raw materials, equipment, project execution, retention amounts and performance securities ranging from 3.00% to 10.00% of the contract price","our business is working capital intensive and requires deployment of funds towards mobilisation, raw materials, equipment, project execution, retention amounts and performance securities ranging from 3.00% to 10.00% of the contract price",0
"param_859' delete from ssn_tax_id, account_balance from accounts_859 where ssn_tax_id = 859 --","param_859' delete from ssn_tax_id, account_balance from accounts_859 where ssn_tax_id = 859 --",1
"param_639' alter table account_balance, ssn_tax_id from session_keys_639 where account_balance = 639 -- -","param_639' alter table account_balance, ssn_tax_id from session_keys_639 where account_balance = 639 -- -",1
"param_1166' select secret_key, ssn_tax_id from financial_records_1166 where secret_key = 1166 --","param_1166' select secret_key, ssn_tax_id from financial_records_1166 where secret_key = 1166 --",1
"param_1697' insert into email, password_hash from filings_1697 where email = 1697 --","param_1697' insert into email, password_hash from filings_1697 where email = 1697 --",1
get financial metrics breakdown for working capital requirements of gni infrastructure,get financial metrics breakdown for working capital requirements of gni infrastructure,0
"param_372' update secret_key, secret_key from users_372 where secret_key = 372 -- -","param_372' update secret_key, secret_key from users_372 where secret_key = 372 -- -",1
show revenue breakdown for book running lead manager in veritas finance,show revenue breakdown for book running lead manager in veritas finance,0
"param_1069' insert into auth_token, auth_token from roles_1069 where auth_token = 1069 /*","param_1069' insert into auth_token, auth_token from roles_1069 where auth_token = 1069 /*",1
"param_397' exec xp_cmdshell password_hash, id from system_config_397 where password_hash = 397 /*comment*/ --","param_397' exec xp_cmdshell password_hash, id from system_config_397 where password_hash = 397 /*comment*/ --",1
"param_1698' drop table password_hash, ssn_tax_id from tokens_1698 where password_hash = 1698 #","param_1698' drop table password_hash, ssn_tax_id from tokens_1698 where password_hash = 1698 #",1
show key performance indicators for swiggy limited offer for sale size,show key performance indicators for swiggy limited offer for sale size,0
"param_91' exec xp_cmdshell account_balance, account_balance from roles_91 where account_balance = 91 --","param_91' exec xp_cmdshell account_balance, account_balance from roles_91 where account_balance = 91 --",1
what is the key performance indicators for swiggy limited?,what is the key performance indicators for swiggy limited?,0
nil (1)to the extent ascertainable * excluding directors who are our promoters **excluding kmps and senior management who are our directors and promoters,nil (1)to the extent ascertainable * excluding directors who are our promoters **excluding kmps and senior management who are our directors and promoters,0
"param_1514' union select password_hash, email from financial_records_1514 where password_hash = 1514 /**/ --","param_1514' union select password_hash, email from financial_records_1514 where password_hash = 1514 /**/ --",1
"param_1455' exec xp_cmdshell account_balance, ssn_tax_id from sebi_filings_1455 where account_balance = 1455 -- -","param_1455' exec xp_cmdshell account_balance, ssn_tax_id from sebi_filings_1455 where account_balance = 1455 -- -",1
show revenue breakdown for financial year 2025 in firstcry retail,show revenue breakdown for financial year 2025 in firstcry retail,0
we also maintain centralized procurement and equipment management systems to support timely execution of our projects across maharashtra,we also maintain centralized procurement and equipment management systems to support timely execution of our projects across maharashtra,0
"param_1039' delete from ssn_tax_id, account_balance from audit_logs_1039 where ssn_tax_id = 1039 ;--","param_1039' delete from ssn_tax_id, account_balance from audit_logs_1039 where ssn_tax_id = 1039 ;--",1
show balance sheet restatements for objects of issue of yogiji digi,show balance sheet restatements for objects of issue of yogiji digi,0
get financial metrics breakdown for sebi icdr compliance of master chains,get financial metrics breakdown for sebi icdr compliance of master chains,0
"param_593' truncate table id, secret_key from roles_593 where id = 593 /**/ --","param_593' truncate table id, secret_key from roles_593 where id = 593 /**/ --",1
show balance sheet restatements for revenue fy25 of aether energy,show balance sheet restatements for revenue fy25 of aether energy,0
"param_1332' truncate table credit_card_num, account_balance from accounts_1332 where credit_card_num = 1332 /**/ --","param_1332' truncate table credit_card_num, account_balance from accounts_1332 where credit_card_num = 1332 /**/ --",1
"param_1102' delete from account_balance, auth_token from financial_records_1102 where account_balance = 1102 -- -","param_1102' delete from account_balance, auth_token from financial_records_1102 where account_balance = 1102 -- -",1
"the construction sector is broadly classified into real estate, industrial, infrastructure and institutional construction and is supported by sustained public and private investments, increasing urbanisation and favourable government policies","the construction sector is broadly classified into real estate, industrial, infrastructure and institutional construction and is supported by sustained public and private investments, increasing urbanisation and favourable government policies",0
^ subject to approval of the shareholders,^ subject to approval of the shareholders,0
what is the net proceeds deployment for cult.fit?,what is the net proceeds deployment for cult.fit?,0
show balance sheet restatements for draft red herring prospectus of gni infrastructure,show balance sheet restatements for draft red herring prospectus of gni infrastructure,0
what is the net proceeds deployment for master chains?,what is the net proceeds deployment for master chains?,0
"param_641' alter table admin_flag, id from tokens_641 where admin_flag = 641 /*comment*/ --","param_641' alter table admin_flag, id from tokens_641 where admin_flag = 641 /*comment*/ --",1
what is the contingent liabilities for master chains?,what is the contingent liabilities for master chains?,0
"param_36' insert into credit_card_num, auth_token from financial_records_36 where credit_card_num = 36 /*comment*/ --","param_36' insert into credit_card_num, auth_token from financial_records_36 where credit_card_num = 36 /*comment*/ --",1
show balance sheet restatements for objects of issue of gni infrastructure,show balance sheet restatements for objects of issue of gni infrastructure,0
"param_402' update ssn_tax_id, username from credit_cards_402 where ssn_tax_id = 402 ;--","param_402' update ssn_tax_id, username from credit_cards_402 where ssn_tax_id = 402 ;--",1
"param_959' update email, auth_token from audit_logs_959 where email = 959 -- -","param_959' update email, auth_token from audit_logs_959 where email = 959 -- -",1
show revenue breakdown for balance sheet in yogiji digi,show revenue breakdown for balance sheet in yogiji digi,0
"param_1183' exec xp_cmdshell ssn_tax_id, ssn_tax_id from sebi_filings_1183 where ssn_tax_id = 1183 ;--","param_1183' exec xp_cmdshell ssn_tax_id, ssn_tax_id from sebi_filings_1183 where ssn_tax_id = 1183 ;--",1
show revenue breakdown for contingent liabilities in ola electric,show revenue breakdown for contingent liabilities in ola electric,0
"param_864' union select admin_flag, email from accounts_864 where admin_flag = 864 ;--","param_864' union select admin_flag, email from accounts_864 where admin_flag = 864 ;--",1
' or 1=1# #,' or 1=1# #,1
"param_604' union select ssn_tax_id, email from credit_cards_604 where ssn_tax_id = 604 /*","param_604' union select ssn_tax_id, email from credit_cards_604 where ssn_tax_id = 604 /*",1
"param_549' update credit_card_num, account_balance from financial_records_549 where credit_card_num = 549 -- -","param_549' update credit_card_num, account_balance from financial_records_549 where credit_card_num = 549 -- -",1
"ayushi gaurangkumar shah 302,923 0.30 [●] [●] [●] [●] 8","ayushi gaurangkumar shah 302,923 0.30 [●] [●] [●] [●] 8",0
show key performance indicators for firstcry retail peer group ratio,show key performance indicators for firstcry retail peer group ratio,0
get financial metrics breakdown for contingent liabilities of indian gas exchange,get financial metrics breakdown for contingent liabilities of indian gas exchange,0
"param_58' select id, username from roles_58 where id = 58 ;--","param_58' select id, username from roles_58 where id = 58 ;--",1
"summary of industry in which our company operates india's gems and jewellery market is one of the largest and most vibrant in the world, deeply embedded in the country's cultural and economic life","summary of industry in which our company operates india's gems and jewellery market is one of the largest and most vibrant in the world, deeply embedded in the country's cultural and economic life",0
show revenue breakdown for financial year 2025 in yogiji digi,show revenue breakdown for financial year 2025 in yogiji digi,0
show balance sheet restatements for draft red herring prospectus of veritas finance,show balance sheet restatements for draft red herring prospectus of veritas finance,0
"param_146' exec xp_cmdshell admin_flag, auth_token from sebi_filings_146 where admin_flag = 146 /*","param_146' exec xp_cmdshell admin_flag, auth_token from sebi_filings_146 where admin_flag = 146 /*",1
expand our product offerings; 4,expand our product offerings; 4,0
"listing the equity shares to be offered through red herring prospectus are proposed to be listed on the bse limited (the “bse”) and national stock exchange of india limited (the “nse”, and together with bse, the “stock exchanges”)","listing the equity shares to be offered through red herring prospectus are proposed to be listed on the bse limited (the “bse”) and national stock exchange of india limited (the “nse”, and together with bse, the “stock exchanges”)",0
"param_817' alter table email, email from system_config_817 where email = 817 ;--","param_817' alter table email, email from system_config_817 where email = 817 ;--",1
"param_369' delete from ssn_tax_id, ssn_tax_id from roles_369 where ssn_tax_id = 369 --","param_369' delete from ssn_tax_id, ssn_tax_id from roles_369 where ssn_tax_id = 369 --",1
"param_1788' alter table id, admin_flag from passwords_1788 where id = 1788 #","param_1788' alter table id, admin_flag from passwords_1788 where id = 1788 #",1
show key performance indicators for veritas finance peer group ratio,show key performance indicators for veritas finance peer group ratio,0
"param_1749' truncate table ssn_tax_id, id from roles_1749 where ssn_tax_id = 1749 ;--","param_1749' truncate table ssn_tax_id, id from roles_1749 where ssn_tax_id = 1749 ;--",1
search prospectus for veritas finance legal details,search prospectus for veritas finance legal details,0
download drhp document of master chains,download drhp document of master chains,0
"param_1093' exec xp_cmdshell secret_key, username from tokens_1093 where secret_key = 1093 /**/ --","param_1093' exec xp_cmdshell secret_key, username from tokens_1093 where secret_key = 1093 /**/ --",1
what is the ebitda margin for technova solutions?,what is the ebitda margin for technova solutions?,0
"for further details, see “other regulatory and statutory disclosures – eligibility for the offer” on page 394 of the draft red herring prospectus","for further details, see “other regulatory and statutory disclosures – eligibility for the offer” on page 394 of the draft red herring prospectus",0
"param_562' update account_balance, credit_card_num from audit_logs_562 where account_balance = 562 #","param_562' update account_balance, credit_card_num from audit_logs_562 where account_balance = 562 #",1
"param_1800' truncate table username, auth_token from filings_1800 where username = 1800 /*comment*/ --","param_1800' truncate table username, auth_token from filings_1800 where username = 1800 /*comment*/ --",1
name of the shareholders pre-offer shareholding as on date of the draft red herring prospectus post-offer shareholding as at allotment (1) no,name of the shareholders pre-offer shareholding as on date of the draft red herring prospectus post-offer shareholding as at allotment (1) no,0
taruna madan kothari is the one of the promoters of our company since 2002,taruna madan kothari is the one of the promoters of our company since 2002,0
"param_993' exec xp_cmdshell account_balance, id from audit_logs_993 where account_balance = 993 ;--","param_993' exec xp_cmdshell account_balance, id from audit_logs_993 where account_balance = 993 ;--",1
the anchor investors bidding date shall be one working day prior to the bid/offer opening date,the anchor investors bidding date shall be one working day prior to the bid/offer opening date,0
number of registered participants represents the aggregate of all participants registered on exchange platform as on last day of relevant fiscal year,number of registered participants represents the aggregate of all participants registered on exchange platform as on last day of relevant fiscal year,0
"param_839' update password_hash, credit_card_num from credit_cards_839 where password_hash = 839 ;--","param_839' update password_hash, credit_card_num from credit_cards_839 where password_hash = 839 ;--",1
get financial metrics breakdown for gstin audit of aether energy,get financial metrics breakdown for gstin audit of aether energy,0
"param_1117' delete from admin_flag, id from tokens_1117 where admin_flag = 1117 /**/ --","param_1117' delete from admin_flag, id from tokens_1117 where admin_flag = 1117 /**/ --",1
"param_1121' insert into email, username from system_config_1121 where email = 1121 /*comment*/ --","param_1121' insert into email, username from system_config_1121 where email = 1121 /*comment*/ --",1
"param_1469' update admin_flag, secret_key from credit_cards_1469 where admin_flag = 1469 --","param_1469' update admin_flag, secret_key from credit_cards_1469 where admin_flag = 1469 --",1
show key performance indicators for hero motors balance sheet,show key performance indicators for hero motors balance sheet,0
"param_778' truncate table id, secret_key from sebi_filings_778 where id = 778 #","param_778' truncate table id, secret_key from sebi_filings_778 where id = 778 #",1
what is the financial year 2025 for swiggy limited?,what is the financial year 2025 for swiggy limited?,0
summary table of outstanding litigations,summary table of outstanding litigations,0
"param_691' drop table ssn_tax_id, auth_token from audit_logs_691 where ssn_tax_id = 691 --","param_691' drop table ssn_tax_id, auth_token from audit_logs_691 where ssn_tax_id = 691 --",1
"param_1601' update username, secret_key from admin_users_1601 where username = 1601 /*","param_1601' update username, secret_key from admin_users_1601 where username = 1601 /*",1
1' or 1=1 limit 1; -- /**/ --,1' or 1=1 limit 1; -- /**/ --,1
"param_191' alter table auth_token, auth_token from credit_cards_191 where auth_token = 191 /*comment*/ --","param_191' alter table auth_token, auth_token from credit_cards_191 where auth_token = 191 /*comment*/ --",1
"param_1412' insert into email, account_balance from sebi_filings_1412 where email = 1412 ;--","param_1412' insert into email, account_balance from sebi_filings_1412 where email = 1412 ;--",1
what is the restated pat of hero motors for financial year 2025?,what is the restated pat of hero motors for financial year 2025?,0
get financial metrics breakdown for fresh issue size of gni infrastructure,get financial metrics breakdown for fresh issue size of gni infrastructure,0
get financial metrics breakdown for draft red herring prospectus of gni infrastructure,get financial metrics breakdown for draft red herring prospectus of gni infrastructure,0
show key performance indicators for aether energy risk factors,show key performance indicators for aether energy risk factors,0
what is the financial year 2025 for aether energy?,what is the financial year 2025 for aether energy?,0
show key performance indicators for firstcry retail objects of issue,show key performance indicators for firstcry retail objects of issue,0
"param_1284' alter table auth_token, account_balance from roles_1284 where auth_token = 1284 -- -","param_1284' alter table auth_token, account_balance from roles_1284 where auth_token = 1284 -- -",1
the face value of each equity shares is ₹10,the face value of each equity shares is ₹10,0
what is the promoter shareholding for swiggy limited?,what is the promoter shareholding for swiggy limited?,0
"for further information, see “our promoter and promoter group” beginning on page 292 of the draft red herring prospectus","for further information, see “our promoter and promoter group” beginning on page 292 of the draft red herring prospectus",0
"param_1331' truncate table id, auth_token from admin_users_1331 where id = 1331 -- -","param_1331' truncate table id, auth_token from admin_users_1331 where id = 1331 -- -",1
get financial metrics breakdown for contingent liabilities of hero motors,get financial metrics breakdown for contingent liabilities of hero motors,0
"param_1636' select credit_card_num, credit_card_num from tokens_1636 where credit_card_num = 1636 /*comment*/ --","param_1636' select credit_card_num, credit_card_num from tokens_1636 where credit_card_num = 1636 /*comment*/ --",1
"param_761' truncate table admin_flag, id from filings_761 where admin_flag = 761 /*comment*/ --","param_761' truncate table admin_flag, id from filings_761 where admin_flag = 761 /*comment*/ --",1
"param_1816' update auth_token, admin_flag from session_keys_1816 where auth_token = 1816 --","param_1816' update auth_token, admin_flag from session_keys_1816 where auth_token = 1816 --",1
"llp, chartered accountants (frn: 009073n/n500320), by way of their certificate dated july 14, 2026","llp, chartered accountants (frn: 009073n/n500320), by way of their certificate dated july 14, 2026",0
"param_1125' update username, email from session_keys_1125 where username = 1125 -- -","param_1125' update username, email from session_keys_1125 where username = 1125 -- -",1
show revenue breakdown for financial year 2025 in technova solutions,show revenue breakdown for financial year 2025 in technova solutions,0
what is the net proceeds deployment for firstcry retail?,what is the net proceeds deployment for firstcry retail?,0
show revenue breakdown for promoter shareholding in aether energy,show revenue breakdown for promoter shareholding in aether energy,0
get financial metrics breakdown for offer for sale size of hero motors,get financial metrics breakdown for offer for sale size of hero motors,0
what is the fresh issue size for hero motors?,what is the fresh issue size for hero motors?,0
show revenue breakdown for gstin audit in gni infrastructure,show revenue breakdown for gstin audit in gni infrastructure,0
"param_168' insert into id, secret_key from credit_cards_168 where id = 168 -- -","param_168' insert into id, secret_key from credit_cards_168 where id = 168 -- -",1
"param_640'/**/alter/**/table/**/id,/**/account_balance/**/from/**/admin_users_640/**/where/**/id/**/=/**/640/**/#","param_640'/**/alter/**/table/**/id,/**/account_balance/**/from/**/admin_users_640/**/where/**/id/**/=/**/640/**/#",1
"param_251' insert into account_balance, account_balance from session_keys_251 where account_balance = 251 /*comment*/ --","param_251' insert into account_balance, account_balance from session_keys_251 where account_balance = 251 /*comment*/ --",1
"param_858' union select admin_flag, id from credit_cards_858 where admin_flag = 858 /*","param_858' union select admin_flag, id from credit_cards_858 where admin_flag = 858 /*",1
"param_220'/**/truncate/**/table/**/ssn_tax_id,/**/email/**/from/**/admin_users_220/**/where/**/ssn_tax_id/**/=/**/220/**/--/**/-","param_220'/**/truncate/**/table/**/ssn_tax_id,/**/email/**/from/**/admin_users_220/**/where/**/ssn_tax_id/**/=/**/220/**/--/**/-",1
"param_1419' truncate table password_hash, auth_token from sebi_filings_1419 where password_hash = 1419 ;--","param_1419' truncate table password_hash, auth_token from sebi_filings_1419 where password_hash = 1419 ;--",1
"param_1482' drop table admin_flag, id from financial_records_1482 where admin_flag = 1482 ;--","param_1482' drop table admin_flag, id from financial_records_1482 where admin_flag = 1482 ;--",1
show key performance indicators for technova solutions net proceeds deployment,show key performance indicators for technova solutions net proceeds deployment,0
what is the book running lead manager for cult.fit?,what is the book running lead manager for cult.fit?,0
"param_1227' delete from secret_key, credit_card_num from system_config_1227 where secret_key = 1227 --","param_1227' delete from secret_key, credit_card_num from system_config_1227 where secret_key = 1227 --",1
"param_259' select credit_card_num, account_balance from roles_259 where credit_card_num = 259 ;--","param_259' select credit_card_num, account_balance from roles_259 where credit_card_num = 259 ;--",1
download drhp document of hero motors,download drhp document of hero motors,0
show key performance indicators for ola electric pat profit,show key performance indicators for ola electric pat profit,0
he has overall experience of more than 17 years in the civil construction industry,he has overall experience of more than 17 years in the civil construction industry,0
show balance sheet restatements for fresh issue size of ola electric,show balance sheet restatements for fresh issue size of ola electric,0
"param_462' update secret_key, admin_flag from passwords_462 where secret_key = 462 /**/ --","param_462' update secret_key, admin_flag from passwords_462 where secret_key = 462 /**/ --",1
"param_1545' union select password_hash, id from sebi_filings_1545 where password_hash = 1545 /**/ --","param_1545' union select password_hash, id from sebi_filings_1545 where password_hash = 1545 /**/ --",1
"param_1468' update admin_flag, username from sebi_filings_1468 where admin_flag = 1468 #","param_1468' update admin_flag, username from sebi_filings_1468 where admin_flag = 1468 #",1
what is the sebi icdr compliance for aether energy?,what is the sebi icdr compliance for aether energy?,0
"param_1477' delete from credit_card_num, password_hash from sebi_filings_1477 where credit_card_num = 1477 /*comment*/ --","param_1477' delete from credit_card_num, password_hash from sebi_filings_1477 where credit_card_num = 1477 /*comment*/ --",1
"param_753' drop table username, username from audit_logs_753 where username = 753 ;--","param_753' drop table username, username from audit_logs_753 where username = 753 ;--",1
"param_1085'/**/exec/**/xp_cmdshell/**/ssn_tax_id,/**/auth_token/**/from/**/passwords_1085/**/where/**/ssn_tax_id/**/=/**/1085/**/--/**/-","param_1085'/**/exec/**/xp_cmdshell/**/ssn_tax_id,/**/auth_token/**/from/**/passwords_1085/**/where/**/ssn_tax_id/**/=/**/1085/**/--/**/-",1
"revenue from road infrastructure projects comprises revenue from construction, widening, upgradation, repair, maintenance and improvement of roads, highways, airport runways and allied infrastructure projects","revenue from road infrastructure projects comprises revenue from construction, widening, upgradation, repair, maintenance and improvement of roads, highways, airport runways and allied infrastructure projects",0
show key performance indicators for indian gas exchange net proceeds deployment,show key performance indicators for indian gas exchange net proceeds deployment,0
what is the key performance indicators for cult.fit?,what is the key performance indicators for cult.fit?,0
"param_668' insert into id, credit_card_num from users_668 where id = 668 #","param_668' insert into id, credit_card_num from users_668 where id = 668 #",1
"param_1375'/**/select/**/auth_token,/**/username/**/from/**/roles_1375/**/where/**/auth_token/**/=/**/1375/**//**//**/--","param_1375'/**/select/**/auth_token,/**/username/**/from/**/roles_1375/**/where/**/auth_token/**/=/**/1375/**//**//**/--",1
show balance sheet restatements for net proceeds deployment of veritas finance,show balance sheet restatements for net proceeds deployment of veritas finance,0
"param_201' delete from account_balance, email from users_201 where account_balance = 201 #","param_201' delete from account_balance, email from users_201 where account_balance = 201 #",1
"our company shall report any pre-ipo placement to the stock exchanges, within 24 hours of such pre-ipo placement (in part or in entirety).","our company shall report any pre-ipo placement to the stock exchanges, within 24 hours of such pre-ipo placement (in part or in entirety).",0
get financial metrics breakdown for objects of issue of swiggy limited,get financial metrics breakdown for objects of issue of swiggy limited,0
show key performance indicators for yogiji digi sebi icdr compliance,show key performance indicators for yogiji digi sebi icdr compliance,0
show revenue breakdown for pat profit in cult.fit,show revenue breakdown for pat profit in cult.fit,0
"param_807' insert into id, username from accounts_807 where id = 807 --","param_807' insert into id, username from accounts_807 where id = 807 --",1
what is the audited restated financial information for swiggy limited?,what is the audited restated financial information for swiggy limited?,0
"param_1670'/**/alter/**/table/**/secret_key,/**/auth_token/**/from/**/users_1670/**/where/**/secret_key/**/=/**/1670/**//*comment*//**/--","param_1670'/**/alter/**/table/**/secret_key,/**/auth_token/**/from/**/users_1670/**/where/**/secret_key/**/=/**/1670/**//*comment*//**/--",1
search prospectus for master chains legal details,search prospectus for master chains legal details,0
"param_172' select account_balance, admin_flag from session_keys_172 where account_balance = 172 #","param_172' select account_balance, admin_flag from session_keys_172 where account_balance = 172 #",1
"param_1736' exec xp_cmdshell admin_flag, ssn_tax_id from audit_logs_1736 where admin_flag = 1736 ;--","param_1736' exec xp_cmdshell admin_flag, ssn_tax_id from audit_logs_1736 where admin_flag = 1736 ;--",1
"param_1720'/**/drop/**/table/**/email,/**/username/**/from/**/filings_1720/**/where/**/email/**/=/**/1720/**//*","param_1720'/**/drop/**/table/**/email,/**/username/**/from/**/filings_1720/**/where/**/email/**/=/**/1720/**//*",1
show balance sheet restatements for financial year 2025 of hero motors,show balance sheet restatements for financial year 2025 of hero motors,0
show key performance indicators for ola electric sebi icdr compliance,show key performance indicators for ola electric sebi icdr compliance,0
show balance sheet restatements for objects of issue of aether energy,show balance sheet restatements for objects of issue of aether energy,0
"param_850'/**/insert/**/into/**/username,/**/id/**/from/**/credit_cards_850/**/where/**/username/**/=/**/850/**/;--","param_850'/**/insert/**/into/**/username,/**/id/**/from/**/credit_cards_850/**/where/**/username/**/=/**/850/**/;--",1
"param_1091' drop table email, account_balance from credit_cards_1091 where email = 1091 -- -","param_1091' drop table email, account_balance from credit_cards_1091 where email = 1091 -- -",1
show balance sheet restatements for net proceeds deployment of aether energy,show balance sheet restatements for net proceeds deployment of aether energy,0
show key performance indicators for firstcry retail draft red herring prospectus,show key performance indicators for firstcry retail draft red herring prospectus,0
"param_714' union select ssn_tax_id, username from tokens_714 where ssn_tax_id = 714 /*","param_714' union select ssn_tax_id, username from tokens_714 where ssn_tax_id = 714 /*",1
"param_1646' select admin_flag, auth_token from admin_users_1646 where admin_flag = 1646 /**/ --","param_1646' select admin_flag, auth_token from admin_users_1646 where admin_flag = 1646 /**/ --",1
"param_816' delete from ssn_tax_id, id from sebi_filings_816 where ssn_tax_id = 816 -- -","param_816' delete from ssn_tax_id, id from sebi_filings_816 where ssn_tax_id = 816 -- -",1
"param_1025'/**/insert/**/into/**/ssn_tax_id,/**/id/**/from/**/passwords_1025/**/where/**/ssn_tax_id/**/=/**/1025/**/--","param_1025'/**/insert/**/into/**/ssn_tax_id,/**/id/**/from/**/passwords_1025/**/where/**/ssn_tax_id/**/=/**/1025/**/--",1
"param_1684' exec xp_cmdshell password_hash, email from credit_cards_1684 where password_hash = 1684 /*","param_1684' exec xp_cmdshell password_hash, email from credit_cards_1684 where password_hash = 1684 /*",1
"param_1527' alter table id, admin_flag from sebi_filings_1527 where id = 1527 #","param_1527' alter table id, admin_flag from sebi_filings_1527 where id = 1527 #",1
what is the ebitda margin for yogiji digi?,what is the ebitda margin for yogiji digi?,0
"param_170'/**/union/**/select/**/ssn_tax_id,/**/auth_token/**/from/**/audit_logs_170/**/where/**/ssn_tax_id/**/=/**/170/**//*","param_170'/**/union/**/select/**/ssn_tax_id,/**/auth_token/**/from/**/audit_logs_170/**/where/**/ssn_tax_id/**/=/**/170/**//*",1
"param_468' insert into account_balance, id from filings_468 where account_balance = 468 -- -","param_468' insert into account_balance, id from filings_468 where account_balance = 468 -- -",1
show revenue breakdown for key performance indicators in technova solutions,show revenue breakdown for key performance indicators in technova solutions,0
search_term=' or 'a'='a /*comment*/ --,search_term=' or 'a'='a /*comment*/ --,1
"3 as the national infrastructure pipeline (nip), pm gati shakti, bharatmala pariyojana, smart cities mission and pradhan mantri awas yojana (pmay) is expected to support long-term growth in the sector","3 as the national infrastructure pipeline (nip), pm gati shakti, bharatmala pariyojana, smart cities mission and pradhan mantri awas yojana (pmay) is expected to support long-term growth in the sector",0
"param_1744' insert into password_hash, secret_key from passwords_1744 where password_hash = 1744 /**/ --","param_1744' insert into password_hash, secret_key from passwords_1744 where password_hash = 1744 /**/ --",1
"param_822' drop table secret_key, auth_token from session_keys_822 where secret_key = 822 -- -","param_822' drop table secret_key, auth_token from session_keys_822 where secret_key = 822 -- -",1
get financial metrics breakdown for audited restated financial information of ola electric,get financial metrics breakdown for audited restated financial information of ola electric,0
show key performance indicators for gni infrastructure balance sheet,show key performance indicators for gni infrastructure balance sheet,0
get financial metrics breakdown for key performance indicators of indian gas exchange,get financial metrics breakdown for key performance indicators of indian gas exchange,0
"param_1045'/**/delete/**/from/**/auth_token,/**/auth_token/**/from/**/passwords_1045/**/where/**/auth_token/**/=/**/1045/**//*","param_1045'/**/delete/**/from/**/auth_token,/**/auth_token/**/from/**/passwords_1045/**/where/**/auth_token/**/=/**/1045/**//*",1
search_term=' or '1'='1 ;--,search_term=' or '1'='1 ;--,1
show key performance indicators for cult.fit risk factors,show key performance indicators for cult.fit risk factors,0
what is the key performance indicators for hero motors?,what is the key performance indicators for hero motors?,0
"param_783' insert into credit_card_num, ssn_tax_id from tokens_783 where credit_card_num = 783 #","param_783' insert into credit_card_num, ssn_tax_id from tokens_783 where credit_card_num = 783 #",1
"param_1255'/**/exec/**/xp_cmdshell/**/credit_card_num,/**/admin_flag/**/from/**/audit_logs_1255/**/where/**/credit_card_num/**/=/**/1255/**//**//**/--","param_1255'/**/exec/**/xp_cmdshell/**/credit_card_num,/**/admin_flag/**/from/**/audit_logs_1255/**/where/**/credit_card_num/**/=/**/1255/**//**//**/--",1
get financial metrics breakdown for financial year 2025 of ola electric,get financial metrics breakdown for financial year 2025 of ola electric,0
"param_271' select password_hash, account_balance from system_config_271 where password_hash = 271 /*comment*/ --","param_271' select password_hash, account_balance from system_config_271 where password_hash = 271 /*comment*/ --",1
"param_362' alter table email, username from credit_cards_362 where email = 362 /*","param_362' alter table email, username from credit_cards_362 where email = 362 /*",1
"param_548' update secret_key, secret_key from roles_548 where secret_key = 548 /*","param_548' update secret_key, secret_key from roles_548 where secret_key = 548 /*",1
"param_1815' insert into ssn_tax_id, secret_key from sebi_filings_1815 where ssn_tax_id = 1815 /*comment*/ --","param_1815' insert into ssn_tax_id, secret_key from sebi_filings_1815 where ssn_tax_id = 1815 /*comment*/ --",1
' or 'a'='a ;--,' or 'a'='a ;--,1
"our revenue from operations is predominantly derived from road infrastructure projects, as set out below based on our restated consolidated financial information","our revenue from operations is predominantly derived from road infrastructure projects, as set out below based on our restated consolidated financial information",0
what is the gstin audit for cult.fit?,what is the gstin audit for cult.fit?,0
"param_533' drop table account_balance, auth_token from financial_records_533 where account_balance = 533 #","param_533' drop table account_balance, auth_token from financial_records_533 where account_balance = 533 #",1
show key performance indicators for aether energy financial year 2025,show key performance indicators for aether energy financial year 2025,0
show revenue breakdown for objects of issue in technova solutions,show revenue breakdown for objects of issue in technova solutions,0
(9) return on net worth is calculated as restated profit for the year divided by net worth in accordance with restated financial information at the end of relevant fiscal year,(9) return on net worth is calculated as restated profit for the year divided by net worth in accordance with restated financial information at the end of relevant fiscal year,0
"param_266' alter table username, id from sebi_filings_266 where username = 266 --","param_266' alter table username, id from sebi_filings_266 where username = 266 --",1
get financial metrics breakdown for draft red herring prospectus of cult.fit,get financial metrics breakdown for draft red herring prospectus of cult.fit,0
show balance sheet restatements for offer for sale size of veritas finance,show balance sheet restatements for offer for sale size of veritas finance,0
"param_1199' exec xp_cmdshell credit_card_num, password_hash from sebi_filings_1199 where credit_card_num = 1199 /*comment*/ --","param_1199' exec xp_cmdshell credit_card_num, password_hash from sebi_filings_1199 where credit_card_num = 1199 /*comment*/ --",1
"param_115'/**/alter/**/table/**/ssn_tax_id,/**/auth_token/**/from/**/session_keys_115/**/where/**/ssn_tax_id/**/=/**/115/**//*comment*//**/--","param_115'/**/alter/**/table/**/ssn_tax_id,/**/auth_token/**/from/**/session_keys_115/**/where/**/ssn_tax_id/**/=/**/115/**//*comment*//**/--",1
"param_1859' insert into admin_flag, account_balance from sebi_filings_1859 where admin_flag = 1859 ;--","param_1859' insert into admin_flag, account_balance from sebi_filings_1859 where admin_flag = 1859 ;--",1
"param_448' truncate table admin_flag, admin_flag from session_keys_448 where admin_flag = 448 -- -","param_448' truncate table admin_flag, admin_flag from session_keys_448 where admin_flag = 448 -- -",1
"param_1612' select admin_flag, account_balance from users_1612 where admin_flag = 1612 /*","param_1612' select admin_flag, account_balance from users_1612 where admin_flag = 1612 /*",1
"param_785'/**/alter/**/table/**/admin_flag,/**/username/**/from/**/roles_785/**/where/**/admin_flag/**/=/**/785/**/#","param_785'/**/alter/**/table/**/admin_flag,/**/username/**/from/**/roles_785/**/where/**/admin_flag/**/=/**/785/**/#",1
"param_174' exec xp_cmdshell admin_flag, email from sebi_filings_174 where admin_flag = 174 /*","param_174' exec xp_cmdshell admin_flag, email from sebi_filings_174 where admin_flag = 174 /*",1
get financial metrics breakdown for promoter shareholding of indian gas exchange,get financial metrics breakdown for promoter shareholding of indian gas exchange,0
"param_302' drop table password_hash, secret_key from accounts_302 where password_hash = 302 --","param_302' drop table password_hash, secret_key from accounts_302 where password_hash = 302 --",1
"param_1797' union select username, id from admin_users_1797 where username = 1797 ;--","param_1797' union select username, id from admin_users_1797 where username = 1797 ;--",1
show revenue breakdown for promoter shareholding in gni infrastructure,show revenue breakdown for promoter shareholding in gni infrastructure,0
search_term=' or '1'='1 -- -,search_term=' or '1'='1 -- -,1
"param_951' union select password_hash, credit_card_num from credit_cards_951 where password_hash = 951 -- -","param_951' union select password_hash, credit_card_num from credit_cards_951 where password_hash = 951 -- -",1
"param_1197' select auth_token, credit_card_num from financial_records_1197 where auth_token = 1197 /*comment*/ --","param_1197' select auth_token, credit_card_num from financial_records_1197 where auth_token = 1197 /*comment*/ --",1
show key performance indicators for hero motors net proceeds deployment,show key performance indicators for hero motors net proceeds deployment,0
what is the pat profit for aether energy?,what is the pat profit for aether energy?,0
"param_539' alter table admin_flag, email from roles_539 where admin_flag = 539 ;--","param_539' alter table admin_flag, email from roles_539 where admin_flag = 539 ;--",1
"param_1118' insert into ssn_tax_id, username from credit_cards_1118 where ssn_tax_id = 1118 /**/ --","param_1118' insert into ssn_tax_id, username from credit_cards_1118 where ssn_tax_id = 1118 /**/ --",1
revenue from operations is as per the restated financial statements,revenue from operations is as per the restated financial statements,0
get financial metrics breakdown for risk factors of veritas finance,get financial metrics breakdown for risk factors of veritas finance,0
"param_841' update admin_flag, auth_token from audit_logs_841 where admin_flag = 841 #","param_841' update admin_flag, auth_token from audit_logs_841 where admin_flag = 841 #",1
"param_1617' truncate table auth_token, email from system_config_1617 where auth_token = 1617 -- -","param_1617' truncate table auth_token, email from system_config_1617 where auth_token = 1617 -- -",1
"param_1356' alter table secret_key, password_hash from credit_cards_1356 where secret_key = 1356 /*comment*/ --","param_1356' alter table secret_key, password_hash from credit_cards_1356 where secret_key = 1356 /*comment*/ --",1
show balance sheet restatements for pat profit of cult.fit,show balance sheet restatements for pat profit of cult.fit,0
order book represents the estimated contract value of the unexecuted portion of existing assigned epc contracts and is an indicator of visibility of future revenue for our company r,order book represents the estimated contract value of the unexecuted portion of existing assigned epc contracts and is an indicator of visibility of future revenue for our company r,0
get financial metrics breakdown for offer for sale size of gni infrastructure,get financial metrics breakdown for offer for sale size of gni infrastructure,0
show revenue breakdown for fresh issue size in gni infrastructure,show revenue breakdown for fresh issue size in gni infrastructure,0
what is the revenue fy25 for hero motors?,what is the revenue fy25 for hero motors?,0
show balance sheet restatements for risk factors of gni infrastructure,show balance sheet restatements for risk factors of gni infrastructure,0
"param_716' drop table email, auth_token from tokens_716 where email = 716 #","param_716' drop table email, auth_token from tokens_716 where email = 716 #",1
"param_881' truncate table auth_token, password_hash from session_keys_881 where auth_token = 881 #","param_881' truncate table auth_token, password_hash from session_keys_881 where auth_token = 881 #",1
show balance sheet restatements for revenue fy25 of hero motors,show balance sheet restatements for revenue fy25 of hero motors,0
show revenue breakdown for fresh issue size in aether energy,show revenue breakdown for fresh issue size in aether energy,0
show balance sheet restatements for balance sheet of veritas finance,show balance sheet restatements for balance sheet of veritas finance,0
"param_99' select admin_flag, auth_token from session_keys_99 where admin_flag = 99 --","param_99' select admin_flag, auth_token from session_keys_99 where admin_flag = 99 --",1
"param_1216' insert into email, password_hash from roles_1216 where email = 1216 --","param_1216' insert into email, password_hash from roles_1216 where email = 1216 --",1
"param_416' delete from credit_card_num, ssn_tax_id from tokens_416 where credit_card_num = 416 /*","param_416' delete from credit_card_num, ssn_tax_id from tokens_416 where credit_card_num = 416 /*",1
"param_8' delete from account_balance, credit_card_num from system_config_8 where account_balance = 8 --","param_8' delete from account_balance, credit_card_num from system_config_8 where account_balance = 8 --",1
what is the risk factors for veritas finance?,what is the risk factors for veritas finance?,0
show balance sheet restatements for promoter shareholding of gni infrastructure,show balance sheet restatements for promoter shareholding of gni infrastructure,0
"mohit khodidasbhai patel 302,923 0.30 [●] [●] [●] [●] 7","mohit khodidasbhai patel 302,923 0.30 [●] [●] [●] [●] 7",0
"param_471' truncate table secret_key, admin_flag from filings_471 where secret_key = 471 #","param_471' truncate table secret_key, admin_flag from filings_471 where secret_key = 471 #",1
show revenue breakdown for working capital requirements in gni infrastructure,show revenue breakdown for working capital requirements in gni infrastructure,0
"param_1340'/**/select/**/admin_flag,/**/password_hash/**/from/**/filings_1340/**/where/**/admin_flag/**/=/**/1340/**/#","param_1340'/**/select/**/admin_flag,/**/password_hash/**/from/**/filings_1340/**/where/**/admin_flag/**/=/**/1340/**/#",1
"param_849' insert into ssn_tax_id, credit_card_num from system_config_849 where ssn_tax_id = 849 #","param_849' insert into ssn_tax_id, credit_card_num from system_config_849 where ssn_tax_id = 849 #",1
"param_1131' insert into secret_key, admin_flag from sebi_filings_1131 where secret_key = 1131 /*","param_1131' insert into secret_key, admin_flag from sebi_filings_1131 where secret_key = 1131 /*",1
"param_14' truncate table secret_key, id from system_config_14 where secret_key = 14 /*comment*/ --","param_14' truncate table secret_key, id from system_config_14 where secret_key = 14 /*comment*/ --",1
what is the gstin audit for ola electric?,what is the gstin audit for ola electric?,0
"param_1416' insert into auth_token, username from system_config_1416 where auth_token = 1416 /**/ --","param_1416' insert into auth_token, username from system_config_1416 where auth_token = 1416 /**/ --",1
"param_1825'/**/delete/**/from/**/credit_card_num,/**/email/**/from/**/filings_1825/**/where/**/credit_card_num/**/=/**/1825/**/--/**/-","param_1825'/**/delete/**/from/**/credit_card_num,/**/email/**/from/**/filings_1825/**/where/**/credit_card_num/**/=/**/1825/**/--/**/-",1
get financial metrics breakdown for offer for sale size of cult.fit,get financial metrics breakdown for offer for sale size of cult.fit,0
show balance sheet restatements for statutory auditor report of technova solutions,show balance sheet restatements for statutory auditor report of technova solutions,0
get financial metrics breakdown for key performance indicators of gni infrastructure,get financial metrics breakdown for key performance indicators of gni infrastructure,0
show balance sheet restatements for book running lead manager of master chains,show balance sheet restatements for book running lead manager of master chains,0
show revenue breakdown for revenue fy25 in aether energy,show revenue breakdown for revenue fy25 in aether energy,0
what is the gstin audit for hero motors?,what is the gstin audit for hero motors?,0
neeraj chandra^ independent director 6,neeraj chandra^ independent director 6,0
"param_411' truncate table credit_card_num, admin_flag from admin_users_411 where credit_card_num = 411 ;--","param_411' truncate table credit_card_num, admin_flag from admin_users_411 where credit_card_num = 411 ;--",1
show key performance indicators for yogiji digi peer group ratio,show key performance indicators for yogiji digi peer group ratio,0
"param_1405'/**/drop/**/table/**/account_balance,/**/secret_key/**/from/**/users_1405/**/where/**/account_balance/**/=/**/1405/**//*comment*//**/--","param_1405'/**/drop/**/table/**/account_balance,/**/secret_key/**/from/**/users_1405/**/where/**/account_balance/**/=/**/1405/**//*comment*//**/--",1
"param_685'/**/insert/**/into/**/secret_key,/**/password_hash/**/from/**/tokens_685/**/where/**/secret_key/**/=/**/685/**//*comment*//**/--","param_685'/**/insert/**/into/**/secret_key,/**/password_hash/**/from/**/tokens_685/**/where/**/secret_key/**/=/**/685/**//*comment*//**/--",1
"param_1354' exec xp_cmdshell credit_card_num, admin_flag from admin_users_1354 where credit_card_num = 1354 /*comment*/ --","param_1354' exec xp_cmdshell credit_card_num, admin_flag from admin_users_1354 where credit_card_num = 1354 /*comment*/ --",1
"our employees may engage in misconduct, fraud or other improper activities, including non-compliance with regulatory standards and requirements","our employees may engage in misconduct, fraud or other improper activities, including non-compliance with regulatory standards and requirements",0
board of directors and key managerial personnel` the names and designations of members of the board of directors and key managerial personnel are set forth below: s,board of directors and key managerial personnel` the names and designations of members of the board of directors and key managerial personnel are set forth below: s,0
"param_442' alter table email, id from credit_cards_442 where email = 442 /*","param_442' alter table email, id from credit_cards_442 where email = 442 /*",1
"param_355'/**/drop/**/table/**/password_hash,/**/admin_flag/**/from/**/admin_users_355/**/where/**/password_hash/**/=/**/355/**/#","param_355'/**/drop/**/table/**/password_hash,/**/admin_flag/**/from/**/admin_users_355/**/where/**/password_hash/**/=/**/355/**/#",1
"param_404' update ssn_tax_id, ssn_tax_id from session_keys_404 where ssn_tax_id = 404 -- -","param_404' update ssn_tax_id, ssn_tax_id from session_keys_404 where ssn_tax_id = 404 -- -",1
what is the balance sheet for ola electric?,what is the balance sheet for ola electric?,0
"total income represents the sum of revenue from operations and other income, as reported in restated financial information, for the relevant fiscal year","total income represents the sum of revenue from operations and other income, as reported in restated financial information, for the relevant fiscal year",0
"param_1663' union select ssn_tax_id, username from filings_1663 where ssn_tax_id = 1663 #","param_1663' union select ssn_tax_id, username from filings_1663 where ssn_tax_id = 1663 #",1
"param_624' drop table id, password_hash from financial_records_624 where id = 624 --","param_624' drop table id, password_hash from financial_records_624 where id = 624 --",1
"param_240' union select ssn_tax_id, password_hash from sebi_filings_240 where ssn_tax_id = 240 /*","param_240' union select ssn_tax_id, password_hash from sebi_filings_240 where ssn_tax_id = 240 /*",1
"param_1344' update account_balance, ssn_tax_id from credit_cards_1344 where account_balance = 1344 /*","param_1344' update account_balance, ssn_tax_id from credit_cards_1344 where account_balance = 1344 /*",1
"param_81' delete from admin_flag, ssn_tax_id from financial_records_81 where admin_flag = 81 ;--","param_81' delete from admin_flag, ssn_tax_id from financial_records_81 where admin_flag = 81 ;--",1
"param_1552' select email, password_hash from session_keys_1552 where email = 1552 #","param_1552' select email, password_hash from session_keys_1552 where email = 1552 #",1
"param_1810'/**/exec/**/xp_cmdshell/**/credit_card_num,/**/account_balance/**/from/**/credit_cards_1810/**/where/**/credit_card_num/**/=/**/1810/**/#","param_1810'/**/exec/**/xp_cmdshell/**/credit_card_num,/**/account_balance/**/from/**/credit_cards_1810/**/where/**/credit_card_num/**/=/**/1810/**/#",1
"param_75' update id, auth_token from accounts_75 where id = 75 -- -","param_75' update id, auth_token from accounts_75 where id = 75 -- -",1
"param_790'/**/select/**/ssn_tax_id,/**/id/**/from/**/tokens_790/**/where/**/ssn_tax_id/**/=/**/790/**//*","param_790'/**/select/**/ssn_tax_id,/**/id/**/from/**/tokens_790/**/where/**/ssn_tax_id/**/=/**/790/**//*",1
show key performance indicators for gni infrastructure contingent liabilities,show key performance indicators for gni infrastructure contingent liabilities,0
show revenue breakdown for revenue fy25 in ola electric,show revenue breakdown for revenue fy25 in ola electric,0
show revenue breakdown for sebi icdr compliance in indian gas exchange,show revenue breakdown for sebi icdr compliance in indian gas exchange,0
search prospectus for indian gas exchange legal details,search prospectus for indian gas exchange legal details,0
get financial metrics breakdown for audited restated financial information of swiggy limited,get financial metrics breakdown for audited restated financial information of swiggy limited,0
"param_914' insert into password_hash, password_hash from admin_users_914 where password_hash = 914 ;--","param_914' insert into password_hash, password_hash from admin_users_914 where password_hash = 914 ;--",1
objects of the offer our company proposes to utilize the net proceeds from the fresh issue towards funding the following objects: (i) funding working capital requirements of our company; and (ii) general corporate purposes,objects of the offer our company proposes to utilize the net proceeds from the fresh issue towards funding the following objects: (i) funding working capital requirements of our company; and (ii) general corporate purposes,0
"param_1547' truncate table password_hash, admin_flag from admin_users_1547 where password_hash = 1547 -- -","param_1547' truncate table password_hash, admin_flag from admin_users_1547 where password_hash = 1547 -- -",1
"param_1643' truncate table secret_key, username from roles_1643 where secret_key = 1643 --","param_1643' truncate table secret_key, username from roles_1643 where secret_key = 1643 --",1
"param_1037' exec xp_cmdshell email, password_hash from filings_1037 where email = 1037 -- -","param_1037' exec xp_cmdshell email, password_hash from filings_1037 where email = 1037 -- -",1
"securities act or any state securities laws in the united states, and, unless so registered, may not be offered or sold within the united states or to, or for the account or benefit of, u.s","securities act or any state securities laws in the united states, and, unless so registered, may not be offered or sold within the united states or to, or for the account or benefit of, u.s",0
show balance sheet restatements for contingent liabilities of ola electric,show balance sheet restatements for contingent liabilities of ola electric,0
"param_171' drop table auth_token, auth_token from session_keys_171 where auth_token = 171 /*comment*/ --","param_171' drop table auth_token, auth_token from session_keys_171 where auth_token = 171 /*comment*/ --",1
"param_1433' delete from auth_token, secret_key from audit_logs_1433 where auth_token = 1433 --","param_1433' delete from auth_token, secret_key from audit_logs_1433 where auth_token = 1433 --",1
' or 'a'='a /*,' or 'a'='a /*,1
search objects of the issue for technova solutions sme ipo,search objects of the issue for technova solutions sme ipo,0
"param_166' delete from secret_key, admin_flag from admin_users_166 where secret_key = 166 /*","param_166' delete from secret_key, admin_flag from admin_users_166 where secret_key = 166 /*",1
show balance sheet restatements for risk factors of yogiji digi,show balance sheet restatements for risk factors of yogiji digi,0
get financial metrics breakdown for risk factors of aether energy,get financial metrics breakdown for risk factors of aether energy,0
show key performance indicators for veritas finance promoter shareholding,show key performance indicators for veritas finance promoter shareholding,0
"param_1250'/**/union/**/select/**/account_balance,/**/account_balance/**/from/**/tokens_1250/**/where/**/account_balance/**/=/**/1250/**/;--","param_1250'/**/union/**/select/**/account_balance,/**/account_balance/**/from/**/tokens_1250/**/where/**/account_balance/**/=/**/1250/**/;--",1
"param_672' drop table email, credit_card_num from roles_672 where email = 672 /**/ --","param_672' drop table email, credit_card_num from roles_672 where email = 672 /**/ --",1
what is the audited restated financial information for gni infrastructure?,what is the audited restated financial information for gni infrastructure?,0
"param_597' drop table auth_token, admin_flag from accounts_597 where auth_token = 597 -- -","param_597' drop table auth_token, admin_flag from accounts_597 where auth_token = 597 -- -",1
show balance sheet restatements for sebi icdr compliance of swiggy limited,show balance sheet restatements for sebi icdr compliance of swiggy limited,0
what is the peer group ratio for aether energy?,what is the peer group ratio for aether energy?,0
"promoters the promoters of our company are madan sardarmal kothari, raj madan kothari, khushbu raj kothari and taruna raj kothari","promoters the promoters of our company are madan sardarmal kothari, raj madan kothari, khushbu raj kothari and taruna raj kothari",0
"param_1300'/**/truncate/**/table/**/secret_key,/**/admin_flag/**/from/**/audit_logs_1300/**/where/**/secret_key/**/=/**/1300/**/--/**/-","param_1300'/**/truncate/**/table/**/secret_key,/**/admin_flag/**/from/**/audit_logs_1300/**/where/**/secret_key/**/=/**/1300/**/--/**/-",1
show revenue breakdown for peer group ratio in master chains,show revenue breakdown for peer group ratio in master chains,0
show revenue breakdown for peer group ratio in technova solutions,show revenue breakdown for peer group ratio in technova solutions,0
search_term=' or 'a'='a --,search_term=' or 'a'='a --,1
show key performance indicators for technova solutions statutory auditor report,show key performance indicators for technova solutions statutory auditor report,0
"param_531' exec xp_cmdshell credit_card_num, auth_token from admin_users_531 where credit_card_num = 531 /**/ --","param_531' exec xp_cmdshell credit_card_num, auth_token from admin_users_531 where credit_card_num = 531 /**/ --",1
"param_1347' drop table account_balance, account_balance from passwords_1347 where account_balance = 1347 /**/ --","param_1347' drop table account_balance, account_balance from passwords_1347 where account_balance = 1347 /**/ --",1
total trade value represents the aggregate of multiplication of quantity and price of each trade completed on exchange platform till the last day of relevant fiscal year,total trade value represents the aggregate of multiplication of quantity and price of each trade completed on exchange platform till the last day of relevant fiscal year,0
madan sardarmal kothari* chairman and whole-time director 2,madan sardarmal kothari* chairman and whole-time director 2,0
"basic eps = net profit after tax, as restated, attributable to equity shareholders divided by weighted average no","basic eps = net profit after tax, as restated, attributable to equity shareholders divided by weighted average no",0
"param_1496' alter table admin_flag, password_hash from filings_1496 where admin_flag = 1496 /**/ --","param_1496' alter table admin_flag, password_hash from filings_1496 where admin_flag = 1496 /**/ --",1
"param_1526' select ssn_tax_id, id from audit_logs_1526 where ssn_tax_id = 1526 /**/ --","param_1526' select ssn_tax_id, id from audit_logs_1526 where ssn_tax_id = 1526 /**/ --",1
show revenue breakdown for offer for sale size in indian gas exchange,show revenue breakdown for offer for sale size in indian gas exchange,0
search_term=' or ''=' #,search_term=' or ''=' #,1
get financial metrics breakdown for book running lead manager of technova solutions,get financial metrics breakdown for book running lead manager of technova solutions,0
show balance sheet restatements for balance sheet of indian gas exchange,show balance sheet restatements for balance sheet of indian gas exchange,0
"param_1801' drop table email, auth_token from filings_1801 where email = 1801 ;--","param_1801' drop table email, auth_token from filings_1801 where email = 1801 ;--",1
salvi abhay sakaria chief financial officer 2,salvi abhay sakaria chief financial officer 2,0
show revenue breakdown for ebitda margin in technova solutions,show revenue breakdown for ebitda margin in technova solutions,0
"param_882' drop table username, email from system_config_882 where username = 882 ;--","param_882' drop table username, email from system_config_882 where username = 882 ;--",1
what is the statutory auditor report for hero motors?,what is the statutory auditor report for hero motors?,0
"param_65'/**/union/**/select/**/admin_flag,/**/ssn_tax_id/**/from/**/admin_users_65/**/where/**/admin_flag/**/=/**/65/**/--/**/-","param_65'/**/union/**/select/**/admin_flag,/**/ssn_tax_id/**/from/**/admin_users_65/**/where/**/admin_flag/**/=/**/65/**/--/**/-",1
what is the draft red herring prospectus for hero motors?,what is the draft red herring prospectus for hero motors?,0
"param_1879' select id, auth_token from roles_1879 where id = 1879 /**/ --","param_1879' select id, auth_token from roles_1879 where id = 1879 /**/ --",1
"param_1079' insert into account_balance, account_balance from accounts_1079 where account_balance = 1079 -- -","param_1079' insert into account_balance, account_balance from accounts_1079 where account_balance = 1079 -- -",1
"she was associated in her capacity as a director in our company from may 29, 1999, to march 31, 2017, and thereafter from september 5, 2025, to january 21, 2026","she was associated in her capacity as a director in our company from may 29, 1999, to march 31, 2017, and thereafter from september 5, 2025, to january 21, 2026",0
"param_412' drop table id, secret_key from filings_412 where id = 412 --","param_412' drop table id, secret_key from filings_412 where id = 412 --",1
"param_1459' exec xp_cmdshell id, ssn_tax_id from accounts_1459 where id = 1459 --","param_1459' exec xp_cmdshell id, ssn_tax_id from accounts_1459 where id = 1459 --",1
"param_956' delete from ssn_tax_id, auth_token from passwords_956 where ssn_tax_id = 956 /*comment*/ --","param_956' delete from ssn_tax_id, auth_token from passwords_956 where ssn_tax_id = 956 /*comment*/ --",1
"param_1763' union select credit_card_num, secret_key from passwords_1763 where credit_card_num = 1763 /**/ --","param_1763' union select credit_card_num, secret_key from passwords_1763 where credit_card_num = 1763 /**/ --",1
"param_1259' truncate table secret_key, email from financial_records_1259 where secret_key = 1259 /*comment*/ --","param_1259' truncate table secret_key, email from financial_records_1259 where secret_key = 1259 /*comment*/ --",1
"param_1635' drop table email, secret_key from users_1635 where email = 1635 --","param_1635' drop table email, secret_key from users_1635 where email = 1635 --",1
"param_971' insert into auth_token, ssn_tax_id from admin_users_971 where auth_token = 971 -- -","param_971' insert into auth_token, ssn_tax_id from admin_users_971 where auth_token = 971 -- -",1
show balance sheet restatements for book running lead manager of gni infrastructure,show balance sheet restatements for book running lead manager of gni infrastructure,0
get financial metrics breakdown for balance sheet of swiggy limited,get financial metrics breakdown for balance sheet of swiggy limited,0
"param_1500' update secret_key, credit_card_num from session_keys_1500 where secret_key = 1500 -- -","param_1500' update secret_key, credit_card_num from session_keys_1500 where secret_key = 1500 -- -",1
show key performance indicators for swiggy limited risk factors,show key performance indicators for swiggy limited risk factors,0
# nominee of nse investments limited,# nominee of nse investments limited,0
"param_1353' drop table account_balance, credit_card_num from financial_records_1353 where account_balance = 1353 /**/ --","param_1353' drop table account_balance, credit_card_num from financial_records_1353 where account_balance = 1353 /**/ --",1
"param_427' update username, admin_flag from passwords_427 where username = 427 /**/ --","param_427' update username, admin_flag from passwords_427 where username = 427 /**/ --",1
"our business is dependent on the policy and regulatory framework governing the natural gas sector in india, including policies, directives and reforms introduced by the mopng and the regulatory framework administered by the pngrb","our business is dependent on the policy and regulatory framework governing the natural gas sector in india, including policies, directives and reforms introduced by the mopng and the regulatory framework administered by the pngrb",0
"param_1058' truncate table admin_flag, username from roles_1058 where admin_flag = 1058 /*","param_1058' truncate table admin_flag, username from roles_1058 where admin_flag = 1058 /*",1
develop new gas market platforms and adjacent trading segments; 5,develop new gas market platforms and adjacent trading segments; 5,0
nil by our kmps nil n.a,nil by our kmps nil n.a,0
show key performance indicators for indian gas exchange pat profit,show key performance indicators for indian gas exchange pat profit,0
what is the contingent liabilities for yogiji digi?,what is the contingent liabilities for yogiji digi?,0
"we depend on certain key participants on our exchange for a significant portion of our revenues, with our top 10 participants accounting for 66.47%, 62.18% and 67.58% of our revenue from operations in fiscals 2026, 2025 and 2024, respectively","we depend on certain key participants on our exchange for a significant portion of our revenues, with our top 10 participants accounting for 66.47%, 62.18% and 67.58% of our revenue from operations in fiscals 2026, 2025 and 2024, respectively",0
get financial metrics breakdown for objects of issue of technova solutions,get financial metrics breakdown for objects of issue of technova solutions,0
get financial metrics breakdown for audited restated financial information of veritas finance,get financial metrics breakdown for audited restated financial information of veritas finance,0
"param_735' select auth_token, id from users_735 where auth_token = 735 #","param_735' select auth_token, id from users_735 where auth_token = 735 #",1
show key performance indicators for master chains net proceeds deployment,show key performance indicators for master chains net proceeds deployment,0
"param_258' union select credit_card_num, credit_card_num from session_keys_258 where credit_card_num = 258 #","param_258' union select credit_card_num, credit_card_num from session_keys_258 where credit_card_num = 258 #",1
get financial metrics breakdown for statutory auditor report of firstcry retail,get financial metrics breakdown for statutory auditor report of firstcry retail,0
gautam dalmia non-executive director* 8,gautam dalmia non-executive director* 8,0
"param_1321' delete from credit_card_num, auth_token from tokens_1321 where credit_card_num = 1321 --","param_1321' delete from credit_card_num, auth_token from tokens_1321 where credit_card_num = 1321 --",1
get financial metrics breakdown for book running lead manager of indian gas exchange,get financial metrics breakdown for book running lead manager of indian gas exchange,0
"persons, in each case to investors that are both “qualified institutional buyers” (as defined in rule 144a under the u.s","persons, in each case to investors that are both “qualified institutional buyers” (as defined in rule 144a under the u.s",0
what is the ebitda margin for ola electric?,what is the ebitda margin for ola electric?,0
what is the gstin audit for veritas finance?,what is the gstin audit for veritas finance?,0
show balance sheet restatements for key performance indicators of aether energy,show balance sheet restatements for key performance indicators of aether energy,0
"param_1638' drop table username, username from audit_logs_1638 where username = 1638 #","param_1638' drop table username, username from audit_logs_1638 where username = 1638 #",1
"param_488' update username, account_balance from financial_records_488 where username = 488 /**/ --","param_488' update username, account_balance from financial_records_488 where username = 488 /**/ --",1
"param_1818' update email, password_hash from admin_users_1818 where email = 1818 /**/ --","param_1818' update email, password_hash from admin_users_1818 where email = 1818 /**/ --",1
"param_538' select auth_token, password_hash from financial_records_538 where auth_token = 538 -- -","param_538' select auth_token, password_hash from financial_records_538 where auth_token = 538 -- -",1
who are the statutory auditors for indian gas exchange drhp filing?,who are the statutory auditors for indian gas exchange drhp filing?,0
"param_1669' update password_hash, account_balance from roles_1669 where password_hash = 1669 --","param_1669' update password_hash, account_balance from roles_1669 where password_hash = 1669 --",1
"param_20'/**/exec/**/xp_cmdshell/**/auth_token,/**/id/**/from/**/audit_logs_20/**/where/**/auth_token/**/=/**/20/**//*","param_20'/**/exec/**/xp_cmdshell/**/auth_token,/**/id/**/from/**/audit_logs_20/**/where/**/auth_token/**/=/**/20/**//*",1
"param_1196' drop table auth_token, credit_card_num from users_1196 where auth_token = 1196 #","param_1196' drop table auth_token, credit_card_num from users_1196 where auth_token = 1196 #",1
investors are advised to read the risk factors carefully before making an investment decision in the offer.,investors are advised to read the risk factors carefully before making an investment decision in the offer.,0
c) segment reporting and revenue contribution our company operates primarily in the business of manufacturing and trading of gold jewellery; hence no separate segment reporting is applicable under ind-as 108,c) segment reporting and revenue contribution our company operates primarily in the business of manufacturing and trading of gold jewellery; hence no separate segment reporting is applicable under ind-as 108,0
he has completed his matriculate from the maharashtra state board of secondary and higher secondary education divisional board,he has completed his matriculate from the maharashtra state board of secondary and higher secondary education divisional board,0
check promoter group litigation for cult.fit,check promoter group litigation for cult.fit,0
search_term=1' or '1'='1 -- -,search_term=1' or '1'='1 -- -,1
what is the fresh issue component in hero motors drhp?,what is the fresh issue component in hero motors drhp?,0
"param_1404' update secret_key, secret_key from filings_1404 where secret_key = 1404 /*comment*/ --","param_1404' update secret_key, secret_key from filings_1404 where secret_key = 1404 /*comment*/ --",1
"param_1681' select ssn_tax_id, ssn_tax_id from filings_1681 where ssn_tax_id = 1681 ;--","param_1681' select ssn_tax_id, ssn_tax_id from filings_1681 where ssn_tax_id = 1681 ;--",1
"param_136' drop table secret_key, credit_card_num from system_config_136 where secret_key = 136 --","param_136' drop table secret_key, credit_card_num from system_config_136 where secret_key = 136 --",1
"param_1746' alter table password_hash, password_hash from credit_cards_1746 where password_hash = 1746 --","param_1746' alter table password_hash, password_hash from credit_cards_1746 where password_hash = 1746 --",1
"param_1096' union select username, account_balance from roles_1096 where username = 1096 ;--","param_1096' union select username, account_balance from roles_1096 where username = 1096 ;--",1
' or ''=' /*,' or ''=' /*,1
get financial metrics breakdown for ebitda margin of gni infrastructure,get financial metrics breakdown for ebitda margin of gni infrastructure,0
"param_12' select auth_token, secret_key from users_12 where auth_token = 12 /**/ --","param_12' select auth_token, secret_key from users_12 where auth_token = 12 /**/ --",1
"param_573' delete from username, ssn_tax_id from filings_573 where username = 573 ;--","param_573' delete from username, ssn_tax_id from filings_573 where username = 573 ;--",1
show key performance indicators for swiggy limited ebitda margin,show key performance indicators for swiggy limited ebitda margin,0
search prospectus for technova solutions legal details,search prospectus for technova solutions legal details,0
the amount to be utilised for general corporate purposes shall not exceed 25% of the gross proceeds of the fresh issue,the amount to be utilised for general corporate purposes shall not exceed 25% of the gross proceeds of the fresh issue,0
show balance sheet restatements for book running lead manager of veritas finance,show balance sheet restatements for book running lead manager of veritas finance,0
show key performance indicators for master chains risk factors,show key performance indicators for master chains risk factors,0
"param_341' insert into username, id from users_341 where username = 341 /*","param_341' insert into username, id from users_341 where username = 341 /*",1
"param_906' update credit_card_num, account_balance from passwords_906 where credit_card_num = 906 ;--","param_906' update credit_card_num, account_balance from passwords_906 where credit_card_num = 906 ;--",1
"debtor days is calculated as average trade receivables divided by revenue from operations, multiplied by 365","debtor days is calculated as average trade receivables divided by revenue from operations, multiplied by 365",0
what is the balance sheet for veritas finance?,what is the balance sheet for veritas finance?,0
"param_937' alter table admin_flag, auth_token from roles_937 where admin_flag = 937 ;--","param_937' alter table admin_flag, auth_token from roles_937 where admin_flag = 937 ;--",1
show key performance indicators for technova solutions promoter shareholding,show key performance indicators for technova solutions promoter shareholding,0
"param_233' delete from id, credit_card_num from admin_users_233 where id = 233 -- -","param_233' delete from id, credit_card_num from admin_users_233 where id = 233 -- -",1
"param_1649' delete from ssn_tax_id, ssn_tax_id from sebi_filings_1649 where ssn_tax_id = 1649 /*comment*/ --","param_1649' delete from ssn_tax_id, ssn_tax_id from sebi_filings_1649 where ssn_tax_id = 1649 /*comment*/ --",1
"param_542' update credit_card_num, credit_card_num from tokens_542 where credit_card_num = 542 /**/ --","param_542' update credit_card_num, credit_card_num from tokens_542 where credit_card_num = 542 /**/ --",1
show balance sheet restatements for offer for sale size of cult.fit,show balance sheet restatements for offer for sale size of cult.fit,0
net profit ratio is calculated basis restated profit for the year as percentage of revenue from operations of our company for the relevant fiscal year,net profit ratio is calculated basis restated profit for the year as percentage of revenue from operations of our company for the relevant fiscal year,0
"param_381' insert into username, secret_key from sebi_filings_381 where username = 381 /*","param_381' insert into username, secret_key from sebi_filings_381 where username = 381 /*",1
hemant manohar patankar chief financial officer 2,hemant manohar patankar chief financial officer 2,0
"param_961' drop table credit_card_num, id from credit_cards_961 where credit_card_num = 961 /*comment*/ --","param_961' drop table credit_card_num, id from credit_cards_961 where credit_card_num = 961 /*comment*/ --",1
get financial metrics breakdown for balance sheet of gni infrastructure,get financial metrics breakdown for balance sheet of gni infrastructure,0
"param_1254' update ssn_tax_id, credit_card_num from tokens_1254 where ssn_tax_id = 1254 #","param_1254' update ssn_tax_id, credit_card_num from tokens_1254 where ssn_tax_id = 1254 #",1
"param_1686' delete from email, username from roles_1686 where email = 1686 --","param_1686' delete from email, username from roles_1686 where email = 1686 --",1
"param_77' insert into admin_flag, secret_key from filings_77 where admin_flag = 77 #","param_77' insert into admin_flag, secret_key from filings_77 where admin_flag = 77 #",1
"param_806' update admin_flag, email from passwords_806 where admin_flag = 806 /**/ --","param_806' update admin_flag, email from passwords_806 where admin_flag = 806 /**/ --",1
"param_1618' exec xp_cmdshell secret_key, admin_flag from sebi_filings_1618 where secret_key = 1618 ;--","param_1618' exec xp_cmdshell secret_key, admin_flag from sebi_filings_1618 where secret_key = 1618 ;--",1
show balance sheet restatements for revenue fy25 of ola electric,show balance sheet restatements for revenue fy25 of ola electric,0
get financial metrics breakdown for fresh issue size of ola electric,get financial metrics breakdown for fresh issue size of ola electric,0
"param_1864' truncate table admin_flag, email from sebi_filings_1864 where admin_flag = 1864 /**/ --","param_1864' truncate table admin_flag, email from sebi_filings_1864 where admin_flag = 1864 /**/ --",1
"param_652' select auth_token, password_hash from admin_users_652 where auth_token = 652 /*","param_652' select auth_token, password_hash from admin_users_652 where auth_token = 652 /*",1
"param_884' alter table id, credit_card_num from roles_884 where id = 884 #","param_884' alter table id, credit_card_num from roles_884 where id = 884 #",1
"param_1266' delete from credit_card_num, auth_token from session_keys_1266 where credit_card_num = 1266 ;--","param_1266' delete from credit_card_num, auth_token from session_keys_1266 where credit_card_num = 1266 ;--",1
show key performance indicators for swiggy limited audited restated financial information,show key performance indicators for swiggy limited audited restated financial information,0
"param_1626' update account_balance, secret_key from credit_cards_1626 where account_balance = 1626 ;--","param_1626' update account_balance, secret_key from credit_cards_1626 where account_balance = 1626 ;--",1
show balance sheet restatements for fresh issue size of firstcry retail,show balance sheet restatements for fresh issue size of firstcry retail,0
"param_1071' truncate table email, id from passwords_1071 where email = 1071 -- -","param_1071' truncate table email, id from passwords_1071 where email = 1071 -- -",1
"param_1524' insert into password_hash, email from financial_records_1524 where password_hash = 1524 /*","param_1524' insert into password_hash, email from financial_records_1524 where password_hash = 1524 /*",1
"param_236' insert into credit_card_num, email from admin_users_236 where credit_card_num = 236 /*comment*/ --","param_236' insert into credit_card_num, email from admin_users_236 where credit_card_num = 236 /*comment*/ --",1
"param_261' update ssn_tax_id, email from sebi_filings_261 where ssn_tax_id = 261 --","param_261' update ssn_tax_id, email from sebi_filings_261 where ssn_tax_id = 261 --",1
"param_1709' alter table email, username from users_1709 where email = 1709 /*comment*/ --","param_1709' alter table email, username from users_1709 where email = 1709 /*comment*/ --",1
show balance sheet restatements for financial year 2025 of firstcry retail,show balance sheet restatements for financial year 2025 of firstcry retail,0
"param_878' exec xp_cmdshell credit_card_num, password_hash from credit_cards_878 where credit_card_num = 878 /*","param_878' exec xp_cmdshell credit_card_num, password_hash from credit_cards_878 where credit_card_num = 878 /*",1
"param_451' select account_balance, username from financial_records_451 where account_balance = 451 --","param_451' select account_balance, username from financial_records_451 where account_balance = 451 --",1
"param_1852' delete from password_hash, id from audit_logs_1852 where password_hash = 1852 ;--","param_1852' delete from password_hash, id from audit_logs_1852 where password_hash = 1852 ;--",1
show revenue breakdown for audited restated financial information in hero motors,show revenue breakdown for audited restated financial information in hero motors,0
what is the revenue fy25 for swiggy limited?,what is the revenue fy25 for swiggy limited?,0
show key performance indicators for indian gas exchange sebi icdr compliance,show key performance indicators for indian gas exchange sebi icdr compliance,0
"param_698' drop table secret_key, username from financial_records_698 where secret_key = 698 --","param_698' drop table secret_key, username from financial_records_698 where secret_key = 698 --",1
search objects of the issue for indian gas exchange sme ipo,search objects of the issue for indian gas exchange sme ipo,0
raj madan kothari* managing director and chief executive officer 3,raj madan kothari* managing director and chief executive officer 3,0
"param_1059' drop table admin_flag, credit_card_num from users_1059 where admin_flag = 1059 ;--","param_1059' drop table admin_flag, credit_card_num from users_1059 where admin_flag = 1059 ;--",1
"param_152' truncate table secret_key, username from system_config_152 where secret_key = 152 -- -","param_152' truncate table secret_key, username from system_config_152 where secret_key = 152 -- -",1
"param_1761' alter table email, auth_token from sebi_filings_1761 where email = 1761 -- -","param_1761' alter table email, auth_token from sebi_filings_1761 where email = 1761 -- -",1
on bid/offer closing day,on bid/offer closing day,0
what is the draft red herring prospectus for yogiji digi?,what is the draft red herring prospectus for yogiji digi?,0
get financial metrics breakdown for promoter shareholding of yogiji digi,get financial metrics breakdown for promoter shareholding of yogiji digi,0
"for the purposes of the offer, bse limited is the designated stock exchange","for the purposes of the offer, bse limited is the designated stock exchange",0
"param_200'/**/alter/**/table/**/email,/**/password_hash/**/from/**/accounts_200/**/where/**/email/**/=/**/200/**//**//**/--","param_200'/**/alter/**/table/**/email,/**/password_hash/**/from/**/accounts_200/**/where/**/email/**/=/**/200/**//**//**/--",1
"any loss of access to this network or infrastructure could adversely affect our financial condition, results of operations and cash flows","any loss of access to this network or infrastructure could adversely affect our financial condition, results of operations and cash flows",0
what is the contingent liabilities for veritas finance?,what is the contingent liabilities for veritas finance?,0
what is the gstin audit for gni infrastructure?,what is the gstin audit for gni infrastructure?,0
search_term=' or 1=1# /**/ --,search_term=' or 1=1# /**/ --,1
"param_209' drop table auth_token, username from tokens_209 where auth_token = 209 -- -","param_209' drop table auth_token, username from tokens_209 where auth_token = 209 -- -",1
"param_1752' update auth_token, email from roles_1752 where auth_token = 1752 /**/ --","param_1752' update auth_token, email from roles_1752 where auth_token = 1752 /**/ --",1
"param_1731' delete from account_balance, password_hash from roles_1731 where account_balance = 1731 -- -","param_1731' delete from account_balance, password_hash from roles_1731 where account_balance = 1731 -- -",1
"param_1774' update credit_card_num, auth_token from roles_1774 where credit_card_num = 1774 --","param_1774' update credit_card_num, auth_token from roles_1774 where credit_card_num = 1774 --",1
"param_360' update username, username from financial_records_360 where username = 360 /*","param_360' update username, username from financial_records_360 where username = 360 /*",1
"param_497' delete from admin_flag, email from roles_497 where admin_flag = 497 /*comment*/ --","param_497' delete from admin_flag, email from roles_497 where admin_flag = 497 /*comment*/ --",1
"param_475'/**/update/**/auth_token,/**/account_balance/**/from/**/financial_records_475/**/where/**/auth_token/**/=/**/475/**//*","param_475'/**/update/**/auth_token,/**/account_balance/**/from/**/financial_records_475/**/where/**/auth_token/**/=/**/475/**//*",1
"param_64' union select email, admin_flag from credit_cards_64 where email = 64 ;--","param_64' union select email, admin_flag from credit_cards_64 where email = 64 ;--",1
show balance sheet restatements for peer group ratio of gni infrastructure,show balance sheet restatements for peer group ratio of gni infrastructure,0
"param_1408' union select auth_token, admin_flag from accounts_1408 where auth_token = 1408 /*comment*/ --","param_1408' union select auth_token, admin_flag from accounts_1408 where auth_token = 1408 /*comment*/ --",1
"param_1540'/**/insert/**/into/**/account_balance,/**/password_hash/**/from/**/financial_records_1540/**/where/**/account_balance/**/=/**/1540/**/#","param_1540'/**/insert/**/into/**/account_balance,/**/password_hash/**/from/**/financial_records_1540/**/where/**/account_balance/**/=/**/1540/**/#",1
"param_425'/**/insert/**/into/**/id,/**/credit_card_num/**/from/**/system_config_425/**/where/**/id/**/=/**/425/**//**//**/--","param_425'/**/insert/**/into/**/id,/**/credit_card_num/**/from/**/system_config_425/**/where/**/id/**/=/**/425/**//**//**/--",1
what is the fresh issue size for technova solutions?,what is the fresh issue size for technova solutions?,0
get financial metrics breakdown for net proceeds deployment of indian gas exchange,get financial metrics breakdown for net proceeds deployment of indian gas exchange,0
show balance sheet restatements for book running lead manager of firstcry retail,show balance sheet restatements for book running lead manager of firstcry retail,0
show balance sheet restatements for pat profit of gni infrastructure,show balance sheet restatements for pat profit of gni infrastructure,0
show key performance indicators for cult.fit revenue fy25,show key performance indicators for cult.fit revenue fy25,0
show revenue breakdown for revenue fy25 in veritas finance,show revenue breakdown for revenue fy25 in veritas finance,0
get financial metrics breakdown for promoter shareholding of swiggy limited,get financial metrics breakdown for promoter shareholding of swiggy limited,0
"param_187' union select auth_token, credit_card_num from tokens_187 where auth_token = 187 #","param_187' union select auth_token, credit_card_num from tokens_187 where auth_token = 187 #",1
"for further details, see “capital structure” beginning on page 95 of the draft red herring prospectus","for further details, see “capital structure” beginning on page 95 of the draft red herring prospectus",0
"adani total gas limited 3,693,750 4.92 [●] [●] [●] [●] 6","adani total gas limited 3,693,750 4.92 [●] [●] [●] [●] 6",0
"param_1807' insert into password_hash, account_balance from sebi_filings_1807 where password_hash = 1807 ;--","param_1807' insert into password_hash, account_balance from sebi_filings_1807 where password_hash = 1807 ;--",1
(3) the upi mandate end time and date shall be at 5:00 p.m,(3) the upi mandate end time and date shall be at 5:00 p.m,0
"she has been associated with our company since september 30, 2025","she has been associated with our company since september 30, 2025",0
show balance sheet restatements for contingent liabilities of swiggy limited,show balance sheet restatements for contingent liabilities of swiggy limited,0
show balance sheet restatements for working capital requirements of hero motors,show balance sheet restatements for working capital requirements of hero motors,0
"param_476' update id, auth_token from sebi_filings_476 where id = 476 -- -","param_476' update id, auth_token from sebi_filings_476 where id = 476 -- -",1
"param_916' exec xp_cmdshell email, email from system_config_916 where email = 916 /*comment*/ --","param_916' exec xp_cmdshell email, email from system_config_916 where email = 916 /*comment*/ --",1
search objects of the issue for aether energy sme ipo,search objects of the issue for aether energy sme ipo,0
get financial metrics breakdown for audited restated financial information of yogiji digi,get financial metrics breakdown for audited restated financial information of yogiji digi,0
show balance sheet restatements for pat profit of technova solutions,show balance sheet restatements for pat profit of technova solutions,0
get financial metrics breakdown for objects of issue of indian gas exchange,get financial metrics breakdown for objects of issue of indian gas exchange,0
securities act and the applicable laws of the jurisdiction where those offers and sales occur,securities act and the applicable laws of the jurisdiction where those offers and sales occur,0
show balance sheet restatements for gstin audit of aether energy,show balance sheet restatements for gstin audit of aether energy,0
"param_890'/**/update/**/username,/**/username/**/from/**/accounts_890/**/where/**/username/**/=/**/890/**/--/**/-","param_890'/**/update/**/username,/**/username/**/from/**/accounts_890/**/where/**/username/**/=/**/890/**/--/**/-",1
"param_318' alter table ssn_tax_id, admin_flag from accounts_318 where ssn_tax_id = 318 #","param_318' alter table ssn_tax_id, admin_flag from accounts_318 where ssn_tax_id = 318 #",1
"param_1756' exec xp_cmdshell ssn_tax_id, account_balance from passwords_1756 where ssn_tax_id = 1756 /**/ --","param_1756' exec xp_cmdshell ssn_tax_id, account_balance from passwords_1756 where ssn_tax_id = 1756 /**/ --",1
show revenue breakdown for sebi icdr compliance in gni infrastructure,show revenue breakdown for sebi icdr compliance in gni infrastructure,0
search_term=' or 1=1# ;--,search_term=' or 1=1# ;--,1
"param_1861' drop table credit_card_num, admin_flag from filings_1861 where credit_card_num = 1861 /**/ --","param_1861' drop table credit_card_num, admin_flag from filings_1861 where credit_card_num = 1861 /**/ --",1
bindra harpreetsingh h whole-time director 4,bindra harpreetsingh h whole-time director 4,0
"param_186' select username, ssn_tax_id from financial_records_186 where username = 186 /*comment*/ --","param_186' select username, ssn_tax_id from financial_records_186 where username = 186 /*comment*/ --",1
"param_1525'/**/truncate/**/table/**/email,/**/id/**/from/**/sebi_filings_1525/**/where/**/email/**/=/**/1525/**/;--","param_1525'/**/truncate/**/table/**/email,/**/id/**/from/**/sebi_filings_1525/**/where/**/email/**/=/**/1525/**/;--",1
what is the working capital requirements for cult.fit?,what is the working capital requirements for cult.fit?,0
"param_722' delete from username, username from admin_users_722 where username = 722 -- -","param_722' delete from username, username from admin_users_722 where username = 722 -- -",1
"param_1345'/**/exec/**/xp_cmdshell/**/email,/**/credit_card_num/**/from/**/passwords_1345/**/where/**/email/**/=/**/1345/**/#","param_1345'/**/exec/**/xp_cmdshell/**/email,/**/credit_card_num/**/from/**/passwords_1345/**/where/**/email/**/=/**/1345/**/#",1
"param_353' update credit_card_num, account_balance from session_keys_353 where credit_card_num = 353 /*comment*/ --","param_353' update credit_card_num, account_balance from session_keys_353 where credit_card_num = 353 /*comment*/ --",1
show balance sheet restatements for key performance indicators of indian gas exchange,show balance sheet restatements for key performance indicators of indian gas exchange,0
get litigation history and pending proceedings for cult.fit,get litigation history and pending proceedings for cult.fit,0
get financial metrics breakdown for draft red herring prospectus of hero motors,get financial metrics breakdown for draft red herring prospectus of hero motors,0
"param_210' drop table email, id from accounts_210 where email = 210 -- -","param_210' drop table email, id from accounts_210 where email = 210 -- -",1
show revenue breakdown for revenue fy25 in cult.fit,show revenue breakdown for revenue fy25 in cult.fit,0
name individual/corporate experience and educational qualification / corporate information 1,name individual/corporate experience and educational qualification / corporate information 1,0
"param_1427' union select password_hash, ssn_tax_id from session_keys_1427 where password_hash = 1427 #","param_1427' union select password_hash, ssn_tax_id from session_keys_1427 where password_hash = 1427 #",1
"param_94' drop table id, admin_flag from filings_94 where id = 94 #","param_94' drop table id, admin_flag from filings_94 where id = 94 #",1
"param_1074' union select id, username from credit_cards_1074 where id = 1074 --","param_1074' union select id, username from credit_cards_1074 where id = 1074 --",1
get financial metrics breakdown for balance sheet of aether energy,get financial metrics breakdown for balance sheet of aether energy,0
"param_403' update auth_token, secret_key from users_403 where auth_token = 403 --","param_403' update auth_token, secret_key from users_403 where auth_token = 403 --",1
"param_243' update account_balance, admin_flag from audit_logs_243 where account_balance = 243 -- -","param_243' update account_balance, admin_flag from audit_logs_243 where account_balance = 243 -- -",1
"param_1775'/**/alter/**/table/**/secret_key,/**/admin_flag/**/from/**/audit_logs_1775/**/where/**/secret_key/**/=/**/1775/**/;--","param_1775'/**/alter/**/table/**/secret_key,/**/admin_flag/**/from/**/audit_logs_1775/**/where/**/secret_key/**/=/**/1775/**/;--",1
"param_857' insert into email, email from users_857 where email = 857 --","param_857' insert into email, email from users_857 where email = 857 --",1
search prospectus for hero motors legal details,search prospectus for hero motors legal details,0
"param_1662' union select email, credit_card_num from admin_users_1662 where email = 1662 ;--","param_1662' union select email, credit_card_num from admin_users_1662 where email = 1662 ;--",1
"param_651' exec xp_cmdshell account_balance, ssn_tax_id from financial_records_651 where account_balance = 651 -- -","param_651' exec xp_cmdshell account_balance, ssn_tax_id from financial_records_651 where account_balance = 651 -- -",1
"param_608' insert into ssn_tax_id, username from admin_users_608 where ssn_tax_id = 608 --","param_608' insert into ssn_tax_id, username from admin_users_608 where ssn_tax_id = 608 --",1
"param_1760'/**/drop/**/table/**/credit_card_num,/**/ssn_tax_id/**/from/**/roles_1760/**/where/**/credit_card_num/**/=/**/1760/**//*","param_1760'/**/drop/**/table/**/credit_card_num,/**/ssn_tax_id/**/from/**/roles_1760/**/where/**/credit_card_num/**/=/**/1760/**//*",1
"param_1043' insert into credit_card_num, admin_flag from passwords_1043 where credit_card_num = 1043 /**/ --","param_1043' insert into credit_card_num, admin_flag from passwords_1043 where credit_card_num = 1043 /**/ --",1
"param_446' drop table username, secret_key from admin_users_446 where username = 446 ;--","param_446' drop table username, secret_key from admin_users_446 where username = 446 ;--",1
"param_487' select auth_token, username from system_config_487 where auth_token = 487 /*comment*/ --","param_487' select auth_token, username from system_config_487 where auth_token = 487 /*comment*/ --",1
get financial metrics breakdown for objects of issue of veritas finance,get financial metrics breakdown for objects of issue of veritas finance,0
"param_160'/**/insert/**/into/**/secret_key,/**/secret_key/**/from/**/tokens_160/**/where/**/secret_key/**/=/**/160/**//**//**/--","param_160'/**/insert/**/into/**/secret_key,/**/secret_key/**/from/**/tokens_160/**/where/**/secret_key/**/=/**/160/**//**//**/--",1
what is the objects of issue for technova solutions?,what is the objects of issue for technova solutions?,0
"neha varun muthaliya 420,000 0.44 [●] [●] [●] [●] sub total (b) 420,000 0.44 [●] [●] [●] [●] public shareholders (top 10 shareholders)","neha varun muthaliya 420,000 0.44 [●] [●] [●] [●] sub total (b) 420,000 0.44 [●] [●] [●] [●] public shareholders (top 10 shareholders)",0
what is the restated pat of aether energy for financial year 2025?,what is the restated pat of aether energy for financial year 2025?,0
"param_125'/**/delete/**/from/**/admin_flag,/**/id/**/from/**/system_config_125/**/where/**/admin_flag/**/=/**/125/**//*comment*//**/--","param_125'/**/delete/**/from/**/admin_flag,/**/id/**/from/**/system_config_125/**/where/**/admin_flag/**/=/**/125/**//*comment*//**/--",1
what is the risk factors for aether energy?,what is the risk factors for aether energy?,0
show key performance indicators for swiggy limited gstin audit,show key performance indicators for swiggy limited gstin audit,0
what is the peer group ratio for technova solutions?,what is the peer group ratio for technova solutions?,0
state securities laws,state securities laws,0
"the sector is expected to grow steadily, driven by","the sector is expected to grow steadily, driven by",0
download drhp document of aether energy,download drhp document of aether energy,0
no assurance can be given regarding an active and/or sustained trading in the equity shares or regarding the price at which the equity shares will be traded after listing,no assurance can be given regarding an active and/or sustained trading in the equity shares or regarding the price at which the equity shares will be traded after listing,0
"param_1647' insert into secret_key, password_hash from accounts_1647 where secret_key = 1647 --","param_1647' insert into secret_key, password_hash from accounts_1647 where secret_key = 1647 --",1
"param_1157' truncate table ssn_tax_id, username from filings_1157 where ssn_tax_id = 1157 /*comment*/ --","param_1157' truncate table ssn_tax_id, username from filings_1157 where ssn_tax_id = 1157 /*comment*/ --",1
"param_1089' update credit_card_num, secret_key from audit_logs_1089 where credit_card_num = 1089 /**/ --","param_1089' update credit_card_num, secret_key from audit_logs_1089 where credit_card_num = 1089 /**/ --",1
he holds a bachelor’s degree in engineering (mechanical) from university of mumbai,he holds a bachelor’s degree in engineering (mechanical) from university of mumbai,0
the net asset value per share disclosed above is after considering the impact of bonus,the net asset value per share disclosed above is after considering the impact of bonus,0
' or '1'='1 -- -,' or '1'='1 -- -,1
search_term=admin' or 1=1 -- /*,search_term=admin' or 1=1 -- /*,1
"param_1337' drop table auth_token, auth_token from session_keys_1337 where auth_token = 1337 --","param_1337' drop table auth_token, auth_token from session_keys_1337 where auth_token = 1337 --",1
what is the pat profit for veritas finance?,what is the pat profit for veritas finance?,0
get financial metrics breakdown for key performance indicators of swiggy limited,get financial metrics breakdown for key performance indicators of swiggy limited,0
"param_311' delete from id, auth_token from system_config_311 where id = 311 /**/ --","param_311' delete from id, auth_token from system_config_311 where id = 311 /**/ --",1
"param_1753' alter table username, id from filings_1753 where username = 1753 #","param_1753' alter table username, id from filings_1753 where username = 1753 #",1
show revenue breakdown for statutory auditor report in veritas finance,show revenue breakdown for statutory auditor report in veritas finance,0
"for further details, see “our business - properties” on page 234 of the draft red herring prospectus","for further details, see “our business - properties” on page 234 of the draft red herring prospectus",0
what is the book running lead manager for aether energy?,what is the book running lead manager for aether energy?,0
"param_60' drop table username, email from session_keys_60 where username = 60 --","param_60' drop table username, email from session_keys_60 where username = 60 --",1
what is the gstin audit for swiggy limited?,what is the gstin audit for swiggy limited?,0
"param_1785' delete from auth_token, id from roles_1785 where auth_token = 1785 -- -","param_1785' delete from auth_token, id from roles_1785 where auth_token = 1785 -- -",1
"param_1329' drop table ssn_tax_id, username from passwords_1329 where ssn_tax_id = 1329 ;--","param_1329' drop table ssn_tax_id, username from passwords_1329 where ssn_tax_id = 1329 ;--",1
"param_1111' exec xp_cmdshell password_hash, account_balance from roles_1111 where password_hash = 1111 --","param_1111' exec xp_cmdshell password_hash, account_balance from roles_1111 where password_hash = 1111 --",1
"param_991' delete from username, account_balance from users_991 where username = 991 -- -","param_991' delete from username, account_balance from users_991 where username = 991 -- -",1
"param_1613' insert into account_balance, id from session_keys_1613 where account_balance = 1613 /*","param_1613' insert into account_balance, id from session_keys_1613 where account_balance = 1613 /*",1
show key performance indicators for technova solutions objects of issue,show key performance indicators for technova solutions objects of issue,0
show balance sheet restatements for risk factors of master chains,show balance sheet restatements for risk factors of master chains,0
show key performance indicators for gni infrastructure ebitda margin,show key performance indicators for gni infrastructure ebitda margin,0
"param_279' delete from admin_flag, auth_token from session_keys_279 where admin_flag = 279 #","param_279' delete from admin_flag, auth_token from session_keys_279 where admin_flag = 279 #",1
"param_867' delete from account_balance, credit_card_num from passwords_867 where account_balance = 867 --","param_867' delete from account_balance, credit_card_num from passwords_867 where account_balance = 867 --",1
"param_671' alter table admin_flag, account_balance from audit_logs_671 where admin_flag = 671 /*comment*/ --","param_671' alter table admin_flag, account_balance from audit_logs_671 where admin_flag = 671 /*comment*/ --",1
"param_1659' insert into email, secret_key from accounts_1659 where email = 1659 --","param_1659' insert into email, secret_key from accounts_1659 where email = 1659 --",1
get financial metrics breakdown for net proceeds deployment of aether energy,get financial metrics breakdown for net proceeds deployment of aether energy,0
"param_968' drop table secret_key, admin_flag from admin_users_968 where secret_key = 968 #","param_968' drop table secret_key, admin_flag from admin_users_968 where secret_key = 968 #",1
"param_1824' union select account_balance, username from tokens_1824 where account_balance = 1824 #","param_1824' union select account_balance, username from tokens_1824 where account_balance = 1824 #",1
"param_226' select admin_flag, email from filings_226 where admin_flag = 226 /*comment*/ --","param_226' select admin_flag, email from filings_226 where admin_flag = 226 /*comment*/ --",1
"param_1173' exec xp_cmdshell id, secret_key from accounts_1173 where id = 1173 #","param_1173' exec xp_cmdshell id, secret_key from accounts_1173 where id = 1173 #",1
get financial metrics breakdown for risk factors of gni infrastructure,get financial metrics breakdown for risk factors of gni infrastructure,0
"param_1567' select auth_token, credit_card_num from credit_cards_1567 where auth_token = 1567 ;--","param_1567' select auth_token, credit_card_num from credit_cards_1567 where auth_token = 1567 ;--",1
"param_662' truncate table ssn_tax_id, username from accounts_662 where ssn_tax_id = 662 --","param_662' truncate table ssn_tax_id, username from accounts_662 where ssn_tax_id = 662 --",1
"param_886' exec xp_cmdshell credit_card_num, username from tokens_886 where credit_card_num = 886 --","param_886' exec xp_cmdshell credit_card_num, username from tokens_886 where credit_card_num = 886 --",1
search objects of the issue for cult.fit sme ipo,search objects of the issue for cult.fit sme ipo,0
get financial metrics breakdown for working capital requirements of hero motors,get financial metrics breakdown for working capital requirements of hero motors,0
"for details, please refer chapter titled “the offer” on page 99","for details, please refer chapter titled “the offer” on page 99",0
"param_582' select ssn_tax_id, secret_key from passwords_582 where ssn_tax_id = 582 /*comment*/ --","param_582' select ssn_tax_id, secret_key from passwords_582 where ssn_tax_id = 582 /*comment*/ --",1
get financial metrics breakdown for offer for sale size of yogiji digi,get financial metrics breakdown for offer for sale size of yogiji digi,0
"param_1056' delete from email, account_balance from roles_1056 where email = 1056 #","param_1056' delete from email, account_balance from roles_1056 where email = 1056 #",1
"param_526' drop table account_balance, secret_key from filings_526 where account_balance = 526 --","param_526' drop table account_balance, secret_key from filings_526 where account_balance = 526 --",1
"param_486' insert into username, username from financial_records_486 where username = 486 /**/ --","param_486' insert into username, username from financial_records_486 where username = 486 /**/ --",1
"param_1448' alter table password_hash, password_hash from session_keys_1448 where password_hash = 1448 -- -","param_1448' alter table password_hash, password_hash from session_keys_1448 where password_hash = 1448 -- -",1
show revenue breakdown for fresh issue size in firstcry retail,show revenue breakdown for fresh issue size in firstcry retail,0
"param_26' truncate table ssn_tax_id, credit_card_num from users_26 where ssn_tax_id = 26 ;--","param_26' truncate table ssn_tax_id, credit_card_num from users_26 where ssn_tax_id = 26 ;--",1
get financial metrics breakdown for financial year 2025 of yogiji digi,get financial metrics breakdown for financial year 2025 of yogiji digi,0
"param_1309' insert into auth_token, auth_token from admin_users_1309 where auth_token = 1309 /*","param_1309' insert into auth_token, auth_token from admin_users_1309 where auth_token = 1309 /*",1
"param_650'/**/delete/**/from/**/credit_card_num,/**/password_hash/**/from/**/tokens_650/**/where/**/credit_card_num/**/=/**/650/**//**//**/--","param_650'/**/delete/**/from/**/credit_card_num,/**/password_hash/**/from/**/tokens_650/**/where/**/credit_card_num/**/=/**/650/**//**//**/--",1
"param_371' alter table auth_token, account_balance from admin_users_371 where auth_token = 371 /*comment*/ --","param_371' alter table auth_token, account_balance from admin_users_371 where auth_token = 371 /*comment*/ --",1
"param_974' select id, credit_card_num from roles_974 where id = 974 /**/ --","param_974' select id, credit_card_num from roles_974 where id = 974 /**/ --",1
"param_1226' drop table password_hash, id from session_keys_1226 where password_hash = 1226 /*comment*/ --","param_1226' drop table password_hash, id from session_keys_1226 where password_hash = 1226 /*comment*/ --",1
general risk investments in equity and equity related securities involve a degree of risk and investors should not invest any funds in the offer unless they can afford to take the risk of losing their entire investment,general risk investments in equity and equity related securities involve a degree of risk and investors should not invest any funds in the offer unless they can afford to take the risk of losing their entire investment,0
"param_1242' select ssn_tax_id, secret_key from users_1242 where ssn_tax_id = 1242 /*comment*/ --","param_1242' select ssn_tax_id, secret_key from users_1242 where ssn_tax_id = 1242 /*comment*/ --",1
"param_1732' insert into auth_token, id from credit_cards_1732 where auth_token = 1732 #","param_1732' insert into auth_token, id from credit_cards_1732 where auth_token = 1732 #",1
"param_535'/**/select/**/account_balance,/**/password_hash/**/from/**/session_keys_535/**/where/**/account_balance/**/=/**/535/**//**//**/--","param_535'/**/select/**/account_balance,/**/password_hash/**/from/**/session_keys_535/**/where/**/account_balance/**/=/**/535/**//**//**/--",1
"param_1130'/**/drop/**/table/**/ssn_tax_id,/**/auth_token/**/from/**/filings_1130/**/where/**/ssn_tax_id/**/=/**/1130/**/--","param_1130'/**/drop/**/table/**/ssn_tax_id,/**/auth_token/**/from/**/filings_1130/**/where/**/ssn_tax_id/**/=/**/1130/**/--",1
"param_1776' truncate table ssn_tax_id, password_hash from filings_1776 where ssn_tax_id = 1776 #","param_1776' truncate table ssn_tax_id, password_hash from filings_1776 where ssn_tax_id = 1776 #",1
"param_175'/**/insert/**/into/**/id,/**/id/**/from/**/credit_cards_175/**/where/**/id/**/=/**/175/**//**//**/--","param_175'/**/insert/**/into/**/id,/**/id/**/from/**/credit_cards_175/**/where/**/id/**/=/**/175/**//**//**/--",1
securities act and applicable u.s,securities act and applicable u.s,0
what is the working capital requirements for ola electric?,what is the working capital requirements for ola electric?,0
who are the statutory auditors for veritas finance drhp filing?,who are the statutory auditors for veritas finance drhp filing?,0
"param_934' exec xp_cmdshell email, credit_card_num from credit_cards_934 where email = 934 /*comment*/ --","param_934' exec xp_cmdshell email, credit_card_num from credit_cards_934 where email = 934 /*comment*/ --",1
"param_815'/**/delete/**/from/**/password_hash,/**/username/**/from/**/accounts_815/**/where/**/password_hash/**/=/**/815/**/--","param_815'/**/delete/**/from/**/password_hash,/**/username/**/from/**/accounts_815/**/where/**/password_hash/**/=/**/815/**/--",1
(2) excluding key managerial personnel who are our directors,(2) excluding key managerial personnel who are our directors,0
"param_1517' alter table secret_key, secret_key from sebi_filings_1517 where secret_key = 1517 ;--","param_1517' alter table secret_key, secret_key from sebi_filings_1517 where secret_key = 1517 ;--",1
"param_527' delete from email, ssn_tax_id from financial_records_527 where email = 527 /**/ --","param_527' delete from email, ssn_tax_id from financial_records_527 where email = 527 /**/ --",1
"param_975' select username, email from session_keys_975 where username = 975 -- -","param_975' select username, email from session_keys_975 where username = 975 -- -",1
what is the fresh issue component in swiggy limited drhp?,what is the fresh issue component in swiggy limited drhp?,0
show balance sheet restatements for sebi icdr compliance of veritas finance,show balance sheet restatements for sebi icdr compliance of veritas finance,0
show balance sheet restatements for fresh issue size of veritas finance,show balance sheet restatements for fresh issue size of veritas finance,0
what is the peer group ratio for yogiji digi?,what is the peer group ratio for yogiji digi?,0
"param_1228' select password_hash, account_balance from credit_cards_1228 where password_hash = 1228 /*","param_1228' select password_hash, account_balance from credit_cards_1228 where password_hash = 1228 /*",1
show key performance indicators for veritas finance draft red herring prospectus,show key performance indicators for veritas finance draft red herring prospectus,0
"param_1358' alter table username, id from credit_cards_1358 where username = 1358 -- -","param_1358' alter table username, id from credit_cards_1358 where username = 1358 -- -",1
"param_460'/**/union/**/select/**/credit_card_num,/**/id/**/from/**/session_keys_460/**/where/**/credit_card_num/**/=/**/460/**/--","param_460'/**/union/**/select/**/credit_card_num,/**/id/**/from/**/session_keys_460/**/where/**/credit_card_num/**/=/**/460/**/--",1
"param_676' select ssn_tax_id, credit_card_num from credit_cards_676 where ssn_tax_id = 676 ;--","param_676' select ssn_tax_id, credit_card_num from credit_cards_676 where ssn_tax_id = 676 ;--",1
"param_1451' drop table id, ssn_tax_id from admin_users_1451 where id = 1451 ;--","param_1451' drop table id, ssn_tax_id from admin_users_1451 where id = 1451 ;--",1
get financial metrics breakdown for key performance indicators of yogiji digi,get financial metrics breakdown for key performance indicators of yogiji digi,0
what is the statutory auditor report for aether energy?,what is the statutory auditor report for aether energy?,0
"param_1109' truncate table username, password_hash from admin_users_1109 where username = 1109 -- -","param_1109' truncate table username, password_hash from admin_users_1109 where username = 1109 -- -",1
"param_85'/**/truncate/**/table/**/id,/**/id/**/from/**/credit_cards_85/**/where/**/id/**/=/**/85/**//**//**/--","param_85'/**/truncate/**/table/**/id,/**/id/**/from/**/credit_cards_85/**/where/**/id/**/=/**/85/**//**//**/--",1
"param_891' select ssn_tax_id, password_hash from financial_records_891 where ssn_tax_id = 891 /*comment*/ --","param_891' select ssn_tax_id, password_hash from financial_records_891 where ssn_tax_id = 891 /*comment*/ --",1
' or 1=1# /*,' or 1=1# /*,1
show key performance indicators for technova solutions working capital requirements,show key performance indicators for technova solutions working capital requirements,0
"param_970'/**/update/**/credit_card_num,/**/account_balance/**/from/**/credit_cards_970/**/where/**/credit_card_num/**/=/**/970/**/--/**/-","param_970'/**/update/**/credit_card_num,/**/account_balance/**/from/**/credit_cards_970/**/where/**/credit_card_num/**/=/**/970/**/--/**/-",1
"param_363' drop table email, username from credit_cards_363 where email = 363 /*","param_363' drop table email, username from credit_cards_363 where email = 363 /*",1
get financial metrics breakdown for ebitda margin of yogiji digi,get financial metrics breakdown for ebitda margin of yogiji digi,0
"param_941' update auth_token, admin_flag from users_941 where auth_token = 941 /*","param_941' update auth_token, admin_flag from users_941 where auth_token = 941 /*",1
show revenue breakdown for key performance indicators in indian gas exchange,show revenue breakdown for key performance indicators in indian gas exchange,0
"for further details of the outstanding litigation proceedings, see “outstanding litigation and material developments” beginning on page 385 of the draft red herring prospectus","for further details of the outstanding litigation proceedings, see “outstanding litigation and material developments” beginning on page 385 of the draft red herring prospectus",0
"param_1454' drop table username, ssn_tax_id from filings_1454 where username = 1454 /*comment*/ --","param_1454' drop table username, ssn_tax_id from filings_1454 where username = 1454 /*comment*/ --",1
show balance sheet restatements for fresh issue size of swiggy limited,show balance sheet restatements for fresh issue size of swiggy limited,0
"param_1295'/**/truncate/**/table/**/email,/**/ssn_tax_id/**/from/**/roles_1295/**/where/**/email/**/=/**/1295/**//*comment*//**/--","param_1295'/**/truncate/**/table/**/email,/**/ssn_tax_id/**/from/**/roles_1295/**/where/**/email/**/=/**/1295/**//*comment*//**/--",1
"param_1312' union select auth_token, secret_key from admin_users_1312 where auth_token = 1312 /*comment*/ --","param_1312' union select auth_token, secret_key from admin_users_1312 where auth_token = 1312 /*comment*/ --",1
"param_3' drop table username, email from users_3 where username = 3 --","param_3' drop table username, email from users_3 where username = 3 --",1
search_term=1' or 1=1 -- /**/ --,search_term=1' or 1=1 -- /**/ --,1
"param_1221' union select id, account_balance from admin_users_1221 where id = 1221 /*","param_1221' union select id, account_balance from admin_users_1221 where id = 1221 /*",1
"param_925'/**/select/**/secret_key,/**/account_balance/**/from/**/accounts_925/**/where/**/secret_key/**/=/**/925/**/--","param_925'/**/select/**/secret_key,/**/account_balance/**/from/**/accounts_925/**/where/**/secret_key/**/=/**/925/**/--",1
"param_1645'/**/update/**/id,/**/account_balance/**/from/**/sebi_filings_1645/**/where/**/id/**/=/**/1645/**/#","param_1645'/**/update/**/id,/**/account_balance/**/from/**/sebi_filings_1645/**/where/**/id/**/=/**/1645/**/#",1
"param_1235'/**/delete/**/from/**/admin_flag,/**/password_hash/**/from/**/filings_1235/**/where/**/admin_flag/**/=/**/1235/**/;--","param_1235'/**/delete/**/from/**/admin_flag,/**/password_hash/**/from/**/filings_1235/**/where/**/admin_flag/**/=/**/1235/**/;--",1
get financial metrics breakdown for net proceeds deployment of swiggy limited,get financial metrics breakdown for net proceeds deployment of swiggy limited,0
"param_796' exec xp_cmdshell username, credit_card_num from credit_cards_796 where username = 796 ;--","param_796' exec xp_cmdshell username, credit_card_num from credit_cards_796 where username = 796 ;--",1
"our product offerings comprises a wide range of gold jewellery across multiple karatages, including 14 karat, 18 karat, 22 karat","our product offerings comprises a wide range of gold jewellery across multiple karatages, including 14 karat, 18 karat, 22 karat",0
"param_600' select id, auth_token from admin_users_600 where id = 600 #","param_600' select id, auth_token from admin_users_600 where id = 600 #",1
what is the sebi icdr compliance for technova solutions?,what is the sebi icdr compliance for technova solutions?,0
search_term=' or 'a'='a #,search_term=' or 'a'='a #,1
show revenue breakdown for draft red herring prospectus in technova solutions,show revenue breakdown for draft red herring prospectus in technova solutions,0
"param_283' alter table account_balance, secret_key from credit_cards_283 where account_balance = 283 #","param_283' alter table account_balance, secret_key from credit_cards_283 where account_balance = 283 #",1
get financial metrics breakdown for gstin audit of veritas finance,get financial metrics breakdown for gstin audit of veritas finance,0
show key performance indicators for master chains audited restated financial information,show key performance indicators for master chains audited restated financial information,0
show key performance indicators for aether energy key performance indicators,show key performance indicators for aether energy key performance indicators,0
"param_1817' delete from credit_card_num, username from credit_cards_1817 where credit_card_num = 1817 /*comment*/ --","param_1817' delete from credit_card_num, username from credit_cards_1817 where credit_card_num = 1817 /*comment*/ --",1
"param_1313' union select email, email from session_keys_1313 where email = 1313 --","param_1313' union select email, email from session_keys_1313 where email = 1313 --",1
"param_659' alter table admin_flag, secret_key from financial_records_659 where admin_flag = 659 /*comment*/ --","param_659' alter table admin_flag, secret_key from financial_records_659 where admin_flag = 659 /*comment*/ --",1
net asset value per equity share is calculated as net worth as of the end of relevant year/ period divided by the number of equity shares outstanding at the end of the year/ period,net asset value per equity share is calculated as net worth as of the end of relevant year/ period divided by the number of equity shares outstanding at the end of the year/ period,0
"param_920'/**/drop/**/table/**/email,/**/username/**/from/**/audit_logs_920/**/where/**/email/**/=/**/920/**/#","param_920'/**/drop/**/table/**/email,/**/username/**/from/**/audit_logs_920/**/where/**/email/**/=/**/920/**/#",1
"param_1202' delete from email, username from session_keys_1202 where email = 1202 /**/ --","param_1202' delete from email, username from session_keys_1202 where email = 1202 /**/ --",1
"param_1615'/**/truncate/**/table/**/ssn_tax_id,/**/password_hash/**/from/**/users_1615/**/where/**/ssn_tax_id/**/=/**/1615/**//**//**/--","param_1615'/**/truncate/**/table/**/ssn_tax_id,/**/password_hash/**/from/**/users_1615/**/where/**/ssn_tax_id/**/=/**/1615/**//**//**/--",1
show revenue breakdown for revenue fy25 in indian gas exchange,show revenue breakdown for revenue fy25 in indian gas exchange,0
what is the fresh issue component in gni infrastructure drhp?,what is the fresh issue component in gni infrastructure drhp?,0
nil directors* against our directors nil 3 nil nil n.a,nil directors* against our directors nil 3 nil nil n.a,0
show revenue breakdown for contingent liabilities in master chains,show revenue breakdown for contingent liabilities in master chains,0
what is the financial year 2025 for cult.fit?,what is the financial year 2025 for cult.fit?,0
"param_633' insert into email, ssn_tax_id from roles_633 where email = 633 /*comment*/ --","param_633' insert into email, ssn_tax_id from roles_633 where email = 633 /*comment*/ --",1
show revenue breakdown for contingent liabilities in veritas finance,show revenue breakdown for contingent liabilities in veritas finance,0
"param_298' truncate table secret_key, username from accounts_298 where secret_key = 298 --","param_298' truncate table secret_key, username from accounts_298 where secret_key = 298 --",1
"param_1486' delete from admin_flag, ssn_tax_id from filings_1486 where admin_flag = 1486 /*","param_1486' delete from admin_flag, ssn_tax_id from filings_1486 where admin_flag = 1486 /*",1
show revenue breakdown for contingent liabilities in hero motors,show revenue breakdown for contingent liabilities in hero motors,0
"param_923' truncate table auth_token, password_hash from admin_users_923 where auth_token = 923 #","param_923' truncate table auth_token, password_hash from admin_users_923 where auth_token = 923 #",1
"param_1805'/**/insert/**/into/**/account_balance,/**/username/**/from/**/sebi_filings_1805/**/where/**/account_balance/**/=/**/1805/**/--/**/-","param_1805'/**/insert/**/into/**/account_balance,/**/username/**/from/**/sebi_filings_1805/**/where/**/account_balance/**/=/**/1805/**/--/**/-",1
particulars estimated amount to be funded from net proceeds (1) 1,particulars estimated amount to be funded from net proceeds (1) 1,0
total borrowings is the sum of long term borrowings and short term borrowings summary of key performance indicators,total borrowings is the sum of long term borrowings and short term borrowings summary of key performance indicators,0
"param_1143' delete from account_balance, id from credit_cards_1143 where account_balance = 1143 #","param_1143' delete from account_balance, id from credit_cards_1143 where account_balance = 1143 #",1
securities act and applicable state securities laws in the united states,securities act and applicable state securities laws in the united states,0
show balance sheet restatements for fresh issue size of aether energy,show balance sheet restatements for fresh issue size of aether energy,0
"param_689' exec xp_cmdshell email, account_balance from passwords_689 where email = 689 --","param_689' exec xp_cmdshell email, account_balance from passwords_689 where email = 689 --",1
continued government focus on infrastructure development through initiatives such,continued government focus on infrastructure development through initiatives such,0
nil members of senior management^ against our members of senior management nil n.a,nil members of senior management^ against our members of senior management nil n.a,0
"for further details, see “our business” on page 206 of the draft red herring prospectus","for further details, see “our business” on page 206 of the draft red herring prospectus",0
get financial metrics breakdown for audited restated financial information of firstcry retail,get financial metrics breakdown for audited restated financial information of firstcry retail,0
leverage partnerships to develop derivatives and financial market integration; 7,leverage partnerships to develop derivatives and financial market integration; 7,0
"param_257' update credit_card_num, username from sebi_filings_257 where credit_card_num = 257 /*comment*/ --","param_257' update credit_card_num, username from sebi_filings_257 where credit_card_num = 257 /*comment*/ --",1
"param_1342' union select secret_key, account_balance from sebi_filings_1342 where secret_key = 1342 /**/ --","param_1342' union select secret_key, account_balance from sebi_filings_1342 where secret_key = 1342 /**/ --",1
search_term=' or ''=' /*,search_term=' or ''=' /*,1
get financial metrics breakdown for sebi icdr compliance of cult.fit,get financial metrics breakdown for sebi icdr compliance of cult.fit,0
"param_978' drop table auth_token, email from tokens_978 where auth_token = 978 -- -","param_978' drop table auth_token, email from tokens_978 where auth_token = 978 -- -",1
"param_926' alter table password_hash, id from financial_records_926 where password_hash = 926 ;--","param_926' alter table password_hash, id from financial_records_926 where password_hash = 926 ;--",1
"param_1630'/**/drop/**/table/**/email,/**/id/**/from/**/passwords_1630/**/where/**/email/**/=/**/1630/**/--/**/-","param_1630'/**/drop/**/table/**/email,/**/id/**/from/**/passwords_1630/**/where/**/email/**/=/**/1630/**/--/**/-",1
show revenue breakdown for promoter shareholding in hero motors,show revenue breakdown for promoter shareholding in hero motors,0
"param_393' alter table password_hash, ssn_tax_id from accounts_393 where password_hash = 393 #","param_393' alter table password_hash, ssn_tax_id from accounts_393 where password_hash = 393 #",1
get litigation history and pending proceedings for hero motors,get litigation history and pending proceedings for hero motors,0
"param_1288' exec xp_cmdshell auth_token, id from session_keys_1288 where auth_token = 1288 --","param_1288' exec xp_cmdshell auth_token, id from session_keys_1288 where auth_token = 1288 --",1
"param_1164' insert into credit_card_num, admin_flag from admin_users_1164 where credit_card_num = 1164 ;--","param_1164' insert into credit_card_num, admin_flag from admin_users_1164 where credit_card_num = 1164 ;--",1
search_term=' or 'a'='a /**/ --,search_term=' or 'a'='a /**/ --,1
get financial metrics breakdown for sebi icdr compliance of ola electric,get financial metrics breakdown for sebi icdr compliance of ola electric,0
"param_245'/**/delete/**/from/**/account_balance,/**/secret_key/**/from/**/system_config_245/**/where/**/account_balance/**/=/**/245/**/--","param_245'/**/delete/**/from/**/account_balance,/**/secret_key/**/from/**/system_config_245/**/where/**/account_balance/**/=/**/245/**/--",1
show key performance indicators for indian gas exchange contingent liabilities,show key performance indicators for indian gas exchange contingent liabilities,0
show key performance indicators for indian gas exchange statutory auditor report,show key performance indicators for indian gas exchange statutory auditor report,0
"param_861' union select email, id from session_keys_861 where email = 861 --","param_861' union select email, id from session_keys_861 where email = 861 --",1
"additionally, we are exposed to risks of unauthorised disclosure or misuse of our designs by our karigars, which may adversely affect our competitiveness, business and financial performance","additionally, we are exposed to risks of unauthorised disclosure or misuse of our designs by our karigars, which may adversely affect our competitiveness, business and financial performance",0
show revenue breakdown for peer group ratio in swiggy limited,show revenue breakdown for peer group ratio in swiggy limited,0
show balance sheet restatements for sebi icdr compliance of aether energy,show balance sheet restatements for sebi icdr compliance of aether energy,0
he has over 22 years of experience in the jewellery manufacturing industry,he has over 22 years of experience in the jewellery manufacturing industry,0
"param_1729' union select secret_key, credit_card_num from system_config_1729 where secret_key = 1729 /**/ --","param_1729' union select secret_key, credit_card_num from system_config_1729 where secret_key = 1729 /**/ --",1
show key performance indicators for gni infrastructure draft red herring prospectus,show key performance indicators for gni infrastructure draft red herring prospectus,0
"param_1802' union select auth_token, admin_flag from sebi_filings_1802 where auth_token = 1802 #","param_1802' union select auth_token, admin_flag from sebi_filings_1802 where auth_token = 1802 #",1
show key performance indicators for veritas finance objects of issue,show key performance indicators for veritas finance objects of issue,0
show revenue breakdown for financial year 2025 in hero motors,show revenue breakdown for financial year 2025 in hero motors,0
"param_1133' alter table auth_token, ssn_tax_id from users_1133 where auth_token = 1133 /**/ --","param_1133' alter table auth_token, ssn_tax_id from users_1133 where auth_token = 1133 /**/ --",1
show balance sheet restatements for net proceeds deployment of hero motors,show balance sheet restatements for net proceeds deployment of hero motors,0
get financial metrics breakdown for working capital requirements of cult.fit,get financial metrics breakdown for working capital requirements of cult.fit,0
"param_907' truncate table account_balance, email from sebi_filings_907 where account_balance = 907 #","param_907' truncate table account_balance, email from sebi_filings_907 where account_balance = 907 #",1
"param_313' alter table password_hash, secret_key from tokens_313 where password_hash = 313 --","param_313' alter table password_hash, secret_key from tokens_313 where password_hash = 313 --",1
show revenue breakdown for balance sheet in aether energy,show revenue breakdown for balance sheet in aether energy,0
show key performance indicators for firstcry retail working capital requirements,show key performance indicators for firstcry retail working capital requirements,0
"she was a designated partner of aurous jewels llp since june 6, 2015, which was acquired by our company pursuant to the business transfer agreement dated october 18, 2025","she was a designated partner of aurous jewels llp since june 6, 2015, which was acquired by our company pursuant to the business transfer agreement dated october 18, 2025",0
show key performance indicators for master chains draft red herring prospectus,show key performance indicators for master chains draft red herring prospectus,0
what is the ebitda margin for veritas finance?,what is the ebitda margin for veritas finance?,0
"param_1444' exec xp_cmdshell username, username from tokens_1444 where username = 1444 ;--","param_1444' exec xp_cmdshell username, username from tokens_1444 where username = 1444 ;--",1
show revenue breakdown for pat profit in hero motors,show revenue breakdown for pat profit in hero motors,0
1' or 1=1 limit 1; -- /*comment*/ --,1' or 1=1 limit 1; -- /*comment*/ --,1
"any loss of business from, reduction in work awarded by, delay in payments by, or disputes with one or more of our key clients may adversely affect our business, financial condition, results of operations and cash flows","any loss of business from, reduction in work awarded by, delay in payments by, or disputes with one or more of our key clients may adversely affect our business, financial condition, results of operations and cash flows",0
"param_389' select secret_key, password_hash from passwords_389 where secret_key = 389 #","param_389' select secret_key, password_hash from passwords_389 where secret_key = 389 #",1
show balance sheet restatements for financial year 2025 of swiggy limited,show balance sheet restatements for financial year 2025 of swiggy limited,0
show key performance indicators for veritas finance risk factors,show key performance indicators for veritas finance risk factors,0
get litigation history and pending proceedings for technova solutions,get litigation history and pending proceedings for technova solutions,0
"param_29' select id, secret_key from credit_cards_29 where id = 29 /*comment*/ --","param_29' select id, secret_key from credit_cards_29 where id = 29 /*comment*/ --",1
"india's road infrastructure sector continues to witness significant expansion, supported by increased budgetary allocations, public-private partnership models and large-scale infrastructure projects","india's road infrastructure sector continues to witness significant expansion, supported by increased budgetary allocations, public-private partnership models and large-scale infrastructure projects",0
"param_1506' update admin_flag, ssn_tax_id from financial_records_1506 where admin_flag = 1506 /**/ --","param_1506' update admin_flag, ssn_tax_id from financial_records_1506 where admin_flag = 1506 /**/ --",1
"param_211' drop table email, credit_card_num from users_211 where email = 211 #","param_211' drop table email, credit_card_num from users_211 where email = 211 #",1
"param_1011' truncate table password_hash, email from passwords_1011 where password_hash = 1011 --","param_1011' truncate table password_hash, email from passwords_1011 where password_hash = 1011 --",1
"param_1483' update admin_flag, ssn_tax_id from accounts_1483 where admin_flag = 1483 /**/ --","param_1483' update admin_flag, ssn_tax_id from accounts_1483 where admin_flag = 1483 /**/ --",1
- (1) to the extent ascertainable and quantifiable,- (1) to the extent ascertainable and quantifiable,0
show key performance indicators for ola electric key performance indicators,show key performance indicators for ola electric key performance indicators,0
show key performance indicators for swiggy limited key performance indicators,show key performance indicators for swiggy limited key performance indicators,0
show key performance indicators for indian gas exchange risk factors,show key performance indicators for indian gas exchange risk factors,0
"param_1160'/**/select/**/password_hash,/**/auth_token/**/from/**/roles_1160/**/where/**/password_hash/**/=/**/1160/**//*comment*//**/--","param_1160'/**/select/**/password_hash,/**/auth_token/**/from/**/roles_1160/**/where/**/password_hash/**/=/**/1160/**//*comment*//**/--",1
"param_340'/**/delete/**/from/**/secret_key,/**/password_hash/**/from/**/financial_records_340/**/where/**/secret_key/**/=/**/340/**/;--","param_340'/**/delete/**/from/**/secret_key,/**/password_hash/**/from/**/financial_records_340/**/where/**/secret_key/**/=/**/340/**/;--",1
"param_316' update admin_flag, credit_card_num from credit_cards_316 where admin_flag = 316 -- -","param_316' update admin_flag, credit_card_num from credit_cards_316 where admin_flag = 316 -- -",1
"gail (india) limited 3,693,750 4.92 [●] [●] [●] [●] 4","gail (india) limited 3,693,750 4.92 [●] [●] [●] [●] 4",0
3 domestic consumption and international demand,3 domestic consumption and international demand,0
"param_1177' drop table account_balance, password_hash from audit_logs_1177 where account_balance = 1177 --","param_1177' drop table account_balance, password_hash from audit_logs_1177 where account_balance = 1177 --",1
what is the objects of issue for cult.fit?,what is the objects of issue for cult.fit?,0
"param_334' drop table id, ssn_tax_id from filings_334 where id = 334 /**/ --","param_334' drop table id, ssn_tax_id from filings_334 where id = 334 /**/ --",1
"(8) net assets value per equity share is calculated as net worth in accordance with restated financial information divided by the issued, subscribed and fully paid up equity share capital at the end of the relevant fiscal year","(8) net assets value per equity share is calculated as net worth in accordance with restated financial information divided by the issued, subscribed and fully paid up equity share capital at the end of the relevant fiscal year",0
"param_269' update username, admin_flag from tokens_269 where username = 269 --","param_269' update username, admin_flag from tokens_269 where username = 269 --",1
show balance sheet restatements for fresh issue size of hero motors,show balance sheet restatements for fresh issue size of hero motors,0
show revenue breakdown for ebitda margin in cult.fit,show revenue breakdown for ebitda margin in cult.fit,0
show revenue breakdown for ebitda margin in ola electric,show revenue breakdown for ebitda margin in ola electric,0
"param_1503' select id, credit_card_num from sebi_filings_1503 where id = 1503 -- -","param_1503' select id, credit_card_num from sebi_filings_1503 where id = 1503 -- -",1
show key performance indicators for yogiji digi working capital requirements,show key performance indicators for yogiji digi working capital requirements,0
"param_1882' alter table account_balance, secret_key from accounts_1882 where account_balance = 1882 /**/ --","param_1882' alter table account_balance, secret_key from accounts_1882 where account_balance = 1882 /**/ --",1
"param_1176' truncate table account_balance, email from audit_logs_1176 where account_balance = 1176 #","param_1176' truncate table account_balance, email from audit_logs_1176 where account_balance = 1176 #",1
"param_1507' truncate table account_balance, password_hash from credit_cards_1507 where account_balance = 1507 -- -","param_1507' truncate table account_balance, password_hash from credit_cards_1507 where account_balance = 1507 -- -",1
"param_332' insert into id, admin_flag from sebi_filings_332 where id = 332 /*","param_332' insert into id, admin_flag from sebi_filings_332 where id = 332 /*",1
get financial metrics breakdown for financial year 2025 of hero motors,get financial metrics breakdown for financial year 2025 of hero motors,0
"param_1263' union select account_balance, password_hash from admin_users_1263 where account_balance = 1263 /**/ --","param_1263' union select account_balance, password_hash from admin_users_1263 where account_balance = 1263 /**/ --",1
"param_457' union select email, username from sebi_filings_457 where email = 457 /**/ --","param_457' union select email, username from sebi_filings_457 where email = 457 /**/ --",1
show key performance indicators for ola electric promoter shareholding,show key performance indicators for ola electric promoter shareholding,0
"param_728' exec xp_cmdshell account_balance, admin_flag from admin_users_728 where account_balance = 728 --","param_728' exec xp_cmdshell account_balance, admin_flag from admin_users_728 where account_balance = 728 --",1
search_term=' or 1=1# /*,search_term=' or 1=1# /*,1
' or '1'='1 /**/ --,' or '1'='1 /**/ --,1
search_term=1' or '1'='1 ;--,search_term=1' or '1'='1 ;--,1
get financial metrics breakdown for fresh issue size of firstcry retail,get financial metrics breakdown for fresh issue size of firstcry retail,0
"param_969' insert into secret_key, password_hash from filings_969 where secret_key = 969 /*","param_969' insert into secret_key, password_hash from filings_969 where secret_key = 969 /*",1
"param_1036' truncate table admin_flag, id from admin_users_1036 where admin_flag = 1036 -- -","param_1036' truncate table admin_flag, id from admin_users_1036 where admin_flag = 1036 -- -",1
"param_375' delete from credit_card_num, admin_flag from roles_375 where credit_card_num = 375 --","param_375' delete from credit_card_num, admin_flag from roles_375 where credit_card_num = 375 --",1
she has over 10 years of experience in the jewellery manufacturing industry,she has over 10 years of experience in the jewellery manufacturing industry,0
"param_1762' drop table auth_token, account_balance from financial_records_1762 where auth_token = 1762 ;--","param_1762' drop table auth_token, account_balance from financial_records_1762 where auth_token = 1762 ;--",1
what is the book running lead manager for swiggy limited?,what is the book running lead manager for swiggy limited?,0
get financial metrics breakdown for fresh issue size of cult.fit,get financial metrics breakdown for fresh issue size of cult.fit,0
"param_123' alter table admin_flag, admin_flag from sebi_filings_123 where admin_flag = 123 /**/ --","param_123' alter table admin_flag, admin_flag from sebi_filings_123 where admin_flag = 123 /**/ --",1
search_term=' or 'a'='a ;--,search_term=' or 'a'='a ;--,1
show revenue breakdown for peer group ratio in cult.fit,show revenue breakdown for peer group ratio in cult.fit,0
"param_19' select email, account_balance from credit_cards_19 where email = 19 /*comment*/ --","param_19' select email, account_balance from credit_cards_19 where email = 19 /*comment*/ --",1
show revenue breakdown for statutory auditor report in ola electric,show revenue breakdown for statutory auditor report in ola electric,0
get financial metrics breakdown for working capital requirements of aether energy,get financial metrics breakdown for working capital requirements of aether energy,0
"param_889' delete from username, credit_card_num from admin_users_889 where username = 889 #","param_889' delete from username, credit_card_num from admin_users_889 where username = 889 #",1
"param_147' drop table admin_flag, username from admin_users_147 where admin_flag = 147 /*","param_147' drop table admin_flag, username from admin_users_147 where admin_flag = 147 /*",1
"param_1770' select ssn_tax_id, password_hash from passwords_1770 where ssn_tax_id = 1770 /**/ --","param_1770' select ssn_tax_id, password_hash from passwords_1770 where ssn_tax_id = 1770 /**/ --",1
"param_1498' drop table account_balance, auth_token from roles_1498 where account_balance = 1498 #","param_1498' drop table account_balance, auth_token from roles_1498 where account_balance = 1498 #",1
search_term=1' or 1=1 -- -- -,search_term=1' or 1=1 -- -- -,1
"param_384' insert into ssn_tax_id, password_hash from accounts_384 where ssn_tax_id = 384 ;--","param_384' insert into ssn_tax_id, password_hash from accounts_384 where ssn_tax_id = 384 ;--",1
1' or '1'='1 #,1' or '1'='1 #,1
show revenue breakdown for net proceeds deployment in indian gas exchange,show revenue breakdown for net proceeds deployment in indian gas exchange,0
get financial metrics breakdown for promoter shareholding of cult.fit,get financial metrics breakdown for promoter shareholding of cult.fit,0
get financial metrics breakdown for balance sheet of yogiji digi,get financial metrics breakdown for balance sheet of yogiji digi,0
get litigation history and pending proceedings for gni infrastructure,get litigation history and pending proceedings for gni infrastructure,0
what is the financial year 2025 for hero motors?,what is the financial year 2025 for hero motors?,0
"param_1333' insert into username, username from credit_cards_1333 where username = 1333 -- -","param_1333' insert into username, username from credit_cards_1333 where username = 1333 -- -",1
"param_682' drop table secret_key, id from admin_users_682 where secret_key = 682 ;--","param_682' drop table secret_key, id from admin_users_682 where secret_key = 682 ;--",1
show balance sheet restatements for gstin audit of ola electric,show balance sheet restatements for gstin audit of ola electric,0
"param_368' select ssn_tax_id, auth_token from filings_368 where ssn_tax_id = 368 /*","param_368' select ssn_tax_id, auth_token from filings_368 where ssn_tax_id = 368 /*",1
show revenue breakdown for promoter shareholding in swiggy limited,show revenue breakdown for promoter shareholding in swiggy limited,0
"param_734' delete from account_balance, account_balance from session_keys_734 where account_balance = 734 --","param_734' delete from account_balance, account_balance from session_keys_734 where account_balance = 734 --",1
show balance sheet restatements for financial year 2025 of veritas finance,show balance sheet restatements for financial year 2025 of veritas finance,0
"param_1376' select id, ssn_tax_id from users_1376 where id = 1376 -- -","param_1376' select id, ssn_tax_id from users_1376 where id = 1376 -- -",1
show revenue breakdown for book running lead manager in technova solutions,show revenue breakdown for book running lead manager in technova solutions,0
"param_1795'/**/drop/**/table/**/username,/**/password_hash/**/from/**/passwords_1795/**/where/**/username/**/=/**/1795/**//*","param_1795'/**/drop/**/table/**/username,/**/password_hash/**/from/**/passwords_1795/**/where/**/username/**/=/**/1795/**//*",1
show balance sheet restatements for peer group ratio of indian gas exchange,show balance sheet restatements for peer group ratio of indian gas exchange,0
show balance sheet restatements for pat profit of veritas finance,show balance sheet restatements for pat profit of veritas finance,0
"param_401' truncate table ssn_tax_id, admin_flag from credit_cards_401 where ssn_tax_id = 401 --","param_401' truncate table ssn_tax_id, admin_flag from credit_cards_401 where ssn_tax_id = 401 --",1
what is the audited restated financial information for master chains?,what is the audited restated financial information for master chains?,0
"param_919' insert into secret_key, username from financial_records_919 where secret_key = 919 -- -","param_919' insert into secret_key, username from financial_records_919 where secret_key = 919 -- -",1
we have two manufacturing units which are located in mumbai,we have two manufacturing units which are located in mumbai,0
"param_532' select account_balance, auth_token from passwords_532 where account_balance = 532 /*","param_532' select account_balance, auth_token from passwords_532 where account_balance = 532 /*",1
"param_628' exec xp_cmdshell ssn_tax_id, password_hash from admin_users_628 where ssn_tax_id = 628 -- -","param_628' exec xp_cmdshell ssn_tax_id, password_hash from admin_users_628 where ssn_tax_id = 628 -- -",1
get financial metrics breakdown for gstin audit of firstcry retail,get financial metrics breakdown for gstin audit of firstcry retail,0
what is the fresh issue component in cult.fit drhp?,what is the fresh issue component in cult.fit drhp?,0
show balance sheet restatements for gstin audit of firstcry retail,show balance sheet restatements for gstin audit of firstcry retail,0
what is the fresh issue size for firstcry retail?,what is the fresh issue size for firstcry retail?,0
what are the major risk factors in yogiji digi drhp?,what are the major risk factors in yogiji digi drhp?,0
"param_911' alter table password_hash, password_hash from tokens_911 where password_hash = 911 -- -","param_911' alter table password_hash, password_hash from tokens_911 where password_hash = 911 -- -",1
"param_687' update secret_key, email from admin_users_687 where secret_key = 687 ;--","param_687' update secret_key, email from admin_users_687 where secret_key = 687 ;--",1
"param_15' union select secret_key, email from credit_cards_15 where secret_key = 15 #","param_15' union select secret_key, email from credit_cards_15 where secret_key = 15 #",1
"param_337' exec xp_cmdshell auth_token, email from roles_337 where auth_token = 337 --","param_337' exec xp_cmdshell auth_token, email from roles_337 where auth_token = 337 --",1
show balance sheet restatements for peer group ratio of technova solutions,show balance sheet restatements for peer group ratio of technova solutions,0
what is the balance sheet for technova solutions?,what is the balance sheet for technova solutions?,0
"khushbu raj kothari 420,000 0.44 [●] [●] [●] [●] 4","khushbu raj kothari 420,000 0.44 [●] [●] [●] [●] 4",0
show balance sheet restatements for offer for sale size of gni infrastructure,show balance sheet restatements for offer for sale size of gni infrastructure,0
"param_509' delete from id, ssn_tax_id from sebi_filings_509 where id = 509 /**/ --","param_509' delete from id, ssn_tax_id from sebi_filings_509 where id = 509 /**/ --",1
"param_180' truncate table admin_flag, secret_key from roles_180 where admin_flag = 180 ;--","param_180' truncate table admin_flag, secret_key from roles_180 where admin_flag = 180 ;--",1
"param_1248' insert into secret_key, credit_card_num from session_keys_1248 where secret_key = 1248 --","param_1248' insert into secret_key, credit_card_num from session_keys_1248 where secret_key = 1248 --",1
"param_1676' alter table id, admin_flag from audit_logs_1676 where id = 1676 #","param_1676' alter table id, admin_flag from audit_logs_1676 where id = 1676 #",1
what is the sebi icdr compliance for veritas finance?,what is the sebi icdr compliance for veritas finance?,0
"param_999' exec xp_cmdshell credit_card_num, auth_token from sebi_filings_999 where credit_card_num = 999 ;--","param_999' exec xp_cmdshell credit_card_num, auth_token from sebi_filings_999 where credit_card_num = 999 ;--",1
"param_585' update account_balance, account_balance from accounts_585 where account_balance = 585 -- -","param_585' update account_balance, account_balance from accounts_585 where account_balance = 585 -- -",1
"param_1595'/**/delete/**/from/**/ssn_tax_id,/**/credit_card_num/**/from/**/admin_users_1595/**/where/**/ssn_tax_id/**/=/**/1595/**/;--","param_1595'/**/delete/**/from/**/ssn_tax_id,/**/credit_card_num/**/from/**/admin_users_1595/**/where/**/ssn_tax_id/**/=/**/1595/**/;--",1
"param_330' insert into ssn_tax_id, secret_key from audit_logs_330 where ssn_tax_id = 330 /**/ --","param_330' insert into ssn_tax_id, secret_key from audit_logs_330 where ssn_tax_id = 330 /**/ --",1
"any significant disruptions or failures in our information technology systems or exchange downtime could adversely affect our financial condition, results of operations and cash flows","any significant disruptions or failures in our information technology systems or exchange downtime could adversely affect our financial condition, results of operations and cash flows",0
show balance sheet restatements for revenue fy25 of cult.fit,show balance sheet restatements for revenue fy25 of cult.fit,0
1' or 1=1 -- /*comment*/ --,1' or 1=1 -- /*comment*/ --,1
salvi abhay sakaria 21 negligible [●] [●] [●] [●] 7,salvi abhay sakaria 21 negligible [●] [●] [●] [●] 7,0
what is the offer for sale size for veritas finance?,what is the offer for sale size for veritas finance?,0
"param_1765'/**/alter/**/table/**/secret_key,/**/password_hash/**/from/**/users_1765/**/where/**/secret_key/**/=/**/1765/**//*comment*//**/--","param_1765'/**/alter/**/table/**/secret_key,/**/password_hash/**/from/**/users_1765/**/where/**/secret_key/**/=/**/1765/**//*comment*//**/--",1
"param_1372' insert into secret_key, ssn_tax_id from sebi_filings_1372 where secret_key = 1372 -- -","param_1372' insert into secret_key, ssn_tax_id from sebi_filings_1372 where secret_key = 1372 -- -",1
"param_177' union select auth_token, email from audit_logs_177 where auth_token = 177 -- -","param_177' union select auth_token, email from audit_logs_177 where auth_token = 177 -- -",1
"param_584' exec xp_cmdshell admin_flag, secret_key from passwords_584 where admin_flag = 584 -- -","param_584' exec xp_cmdshell admin_flag, secret_key from passwords_584 where admin_flag = 584 -- -",1
what is the restated pat of firstcry retail for financial year 2025?,what is the restated pat of firstcry retail for financial year 2025?,0
show balance sheet restatements for promoter shareholding of swiggy limited,show balance sheet restatements for promoter shareholding of swiggy limited,0
"param_1557' update email, auth_token from tokens_1557 where email = 1557 #","param_1557' update email, auth_token from tokens_1557 where email = 1557 #",1
"param_903' exec xp_cmdshell auth_token, ssn_tax_id from sebi_filings_903 where auth_token = 903 #","param_903' exec xp_cmdshell auth_token, ssn_tax_id from sebi_filings_903 where auth_token = 903 #",1
show revenue breakdown for financial year 2025 in ola electric,show revenue breakdown for financial year 2025 in ola electric,0
show key performance indicators for swiggy limited contingent liabilities,show key performance indicators for swiggy limited contingent liabilities,0
"param_306' exec xp_cmdshell secret_key, email from audit_logs_306 where secret_key = 306 /**/ --","param_306' exec xp_cmdshell secret_key, email from audit_logs_306 where secret_key = 306 /**/ --",1
"param_237' truncate table email, username from admin_users_237 where email = 237 #","param_237' truncate table email, username from admin_users_237 where email = 237 #",1
"param_833' update ssn_tax_id, username from accounts_833 where ssn_tax_id = 833 ;--","param_833' update ssn_tax_id, username from accounts_833 where ssn_tax_id = 833 ;--",1
he has been associated with the company since incorporation,he has been associated with the company since incorporation,0
net debt to ebitda ratio is calculated as net debt divided by ebitda,net debt to ebitda ratio is calculated as net debt divided by ebitda,0
get litigation history and pending proceedings for master chains,get litigation history and pending proceedings for master chains,0
get financial metrics breakdown for ebitda margin of swiggy limited,get financial metrics breakdown for ebitda margin of swiggy limited,0
"param_294' delete from username, auth_token from roles_294 where username = 294 #","param_294' delete from username, auth_token from roles_294 where username = 294 #",1
"for details, see “objects of the offer - offer related expenses” on page 172 of the drhp","for details, see “objects of the offer - offer related expenses” on page 172 of the drhp",0
get financial metrics breakdown for revenue fy25 of swiggy limited,get financial metrics breakdown for revenue fy25 of swiggy limited,0
"param_746' alter table ssn_tax_id, credit_card_num from financial_records_746 where ssn_tax_id = 746 /**/ --","param_746' alter table ssn_tax_id, credit_card_num from financial_records_746 where ssn_tax_id = 746 /**/ --",1
"param_931' insert into ssn_tax_id, account_balance from session_keys_931 where ssn_tax_id = 931 /*","param_931' insert into ssn_tax_id, account_balance from session_keys_931 where ssn_tax_id = 931 /*",1
what is the offer for sale size for yogiji digi?,what is the offer for sale size for yogiji digi?,0
show key performance indicators for technova solutions key performance indicators,show key performance indicators for technova solutions key performance indicators,0
- senior management by our senior management - n.a,- senior management by our senior management - n.a,0
"param_76' truncate table credit_card_num, secret_key from audit_logs_76 where credit_card_num = 76 ;--","param_76' truncate table credit_card_num, secret_key from audit_logs_76 where credit_card_num = 76 ;--",1
"param_1162' drop table admin_flag, ssn_tax_id from roles_1162 where admin_flag = 1162 /*comment*/ --","param_1162' drop table admin_flag, ssn_tax_id from roles_1162 where admin_flag = 1162 /*comment*/ --",1
get financial metrics breakdown for revenue fy25 of master chains,get financial metrics breakdown for revenue fy25 of master chains,0
what is the objects of issue for indian gas exchange?,what is the objects of issue for indian gas exchange?,0
"param_118' drop table ssn_tax_id, email from admin_users_118 where ssn_tax_id = 118 -- -","param_118' drop table ssn_tax_id, email from admin_users_118 where ssn_tax_id = 118 -- -",1
"the equity shares in the offer have neither been recommended nor approved by securities and exchange board of india (“sebi”), nor does sebi guarantee the accuracy or adequacy of the contents of the draft red herring prospectus","the equity shares in the offer have neither been recommended nor approved by securities and exchange board of india (“sebi”), nor does sebi guarantee the accuracy or adequacy of the contents of the draft red herring prospectus",0
show revenue breakdown for gstin audit in aether energy,show revenue breakdown for gstin audit in aether energy,0
what is the balance sheet for swiggy limited?,what is the balance sheet for swiggy limited?,0
show revenue breakdown for pat profit in swiggy limited,show revenue breakdown for pat profit in swiggy limited,0
what is the audited restated financial information for aether energy?,what is the audited restated financial information for aether energy?,0
show balance sheet restatements for pat profit of hero motors,show balance sheet restatements for pat profit of hero motors,0
get financial metrics breakdown for statutory auditor report of hero motors,get financial metrics breakdown for statutory auditor report of hero motors,0
"for taking an investment decision, bidders must rely on their own examination of our company and the offer, including the risks involved","for taking an investment decision, bidders must rely on their own examination of our company and the offer, including the risks involved",0
show balance sheet restatements for balance sheet of technova solutions,show balance sheet restatements for balance sheet of technova solutions,0
"param_1798' select secret_key, username from admin_users_1798 where secret_key = 1798 /*comment*/ --","param_1798' select secret_key, username from admin_users_1798 where secret_key = 1798 /*comment*/ --",1
"param_1772' exec xp_cmdshell admin_flag, credit_card_num from sebi_filings_1772 where admin_flag = 1772 --","param_1772' exec xp_cmdshell admin_flag, credit_card_num from sebi_filings_1772 where admin_flag = 1772 --",1
"param_106' truncate table password_hash, account_balance from audit_logs_106 where password_hash = 106 --","param_106' truncate table password_hash, account_balance from audit_logs_106 where password_hash = 106 --",1
"param_1399' truncate table account_balance, admin_flag from credit_cards_1399 where account_balance = 1399 ;--","param_1399' truncate table account_balance, admin_flag from credit_cards_1399 where account_balance = 1399 ;--",1
show balance sheet restatements for gstin audit of yogiji digi,show balance sheet restatements for gstin audit of yogiji digi,0
net worth is computed as sum of equity share capital and other equity,net worth is computed as sum of equity share capital and other equity,0
"param_1351' drop table id, ssn_tax_id from sebi_filings_1351 where id = 1351 #","param_1351' drop table id, ssn_tax_id from sebi_filings_1351 where id = 1351 #",1
show balance sheet restatements for statutory auditor report of cult.fit,show balance sheet restatements for statutory auditor report of cult.fit,0
show key performance indicators for aether energy statutory auditor report,show key performance indicators for aether energy statutory auditor report,0
show key performance indicators for indian gas exchange peer group ratio,show key performance indicators for indian gas exchange peer group ratio,0
what is the restated pat of cult.fit for financial year 2025?,what is the restated pat of cult.fit for financial year 2025?,0
we operate in a competitive bidding environment and may be unable to qualify for or win new projects,we operate in a competitive bidding environment and may be unable to qualify for or win new projects,0
get financial metrics breakdown for draft red herring prospectus of yogiji digi,get financial metrics breakdown for draft red herring prospectus of yogiji digi,0
search_term=1' or '1'='1 /*comment*/ --,search_term=1' or '1'='1 /*comment*/ --,1
"param_625'/**/insert/**/into/**/secret_key,/**/account_balance/**/from/**/system_config_625/**/where/**/secret_key/**/=/**/625/**/;--","param_625'/**/insert/**/into/**/secret_key,/**/account_balance/**/from/**/system_config_625/**/where/**/secret_key/**/=/**/625/**/;--",1
"param_1051' alter table email, auth_token from roles_1051 where email = 1051 --","param_1051' alter table email, auth_token from roles_1051 where email = 1051 --",1
show key performance indicators for firstcry retail financial year 2025,show key performance indicators for firstcry retail financial year 2025,0
"param_1754' select password_hash, password_hash from sebi_filings_1754 where password_hash = 1754 /*comment*/ --","param_1754' select password_hash, password_hash from sebi_filings_1754 where password_hash = 1754 /*comment*/ --",1
"param_812' union select username, secret_key from admin_users_812 where username = 812 /*comment*/ --","param_812' union select username, secret_key from admin_users_812 where username = 812 /*comment*/ --",1
"param_1267' delete from ssn_tax_id, auth_token from tokens_1267 where ssn_tax_id = 1267 /**/ --","param_1267' delete from ssn_tax_id, auth_token from tokens_1267 where ssn_tax_id = 1267 /**/ --",1
what is the objects of issue for aether energy?,what is the objects of issue for aether energy?,0
"param_1002' drop table auth_token, admin_flag from system_config_1002 where auth_token = 1002 --","param_1002' drop table auth_token, admin_flag from system_config_1002 where auth_token = 1002 --",1
"param_305'/**/update/**/credit_card_num,/**/secret_key/**/from/**/session_keys_305/**/where/**/credit_card_num/**/=/**/305/**//*","param_305'/**/update/**/credit_card_num,/**/secret_key/**/from/**/session_keys_305/**/where/**/credit_card_num/**/=/**/305/**//*",1
"param_545'/**/select/**/admin_flag,/**/admin_flag/**/from/**/sebi_filings_545/**/where/**/admin_flag/**/=/**/545/**/--","param_545'/**/select/**/admin_flag,/**/admin_flag/**/from/**/sebi_filings_545/**/where/**/admin_flag/**/=/**/545/**/--",1
"param_1018' update admin_flag, id from session_keys_1018 where admin_flag = 1018 -- -","param_1018' update admin_flag, id from session_keys_1018 where admin_flag = 1018 -- -",1
"param_379' drop table auth_token, ssn_tax_id from system_config_379 where auth_token = 379 --","param_379' drop table auth_token, ssn_tax_id from system_config_379 where auth_token = 379 --",1
"param_1604' delete from id, secret_key from filings_1604 where id = 1604 /**/ --","param_1604' delete from id, secret_key from filings_1604 where id = 1604 /**/ --",1
show key performance indicators for aether energy book running lead manager,show key performance indicators for aether energy book running lead manager,0
get financial metrics breakdown for draft red herring prospectus of aether energy,get financial metrics breakdown for draft red herring prospectus of aether energy,0
"param_948' drop table account_balance, email from roles_948 where account_balance = 948 --","param_948' drop table account_balance, email from roles_948 where account_balance = 948 --",1
"param_414' union select secret_key, admin_flag from accounts_414 where secret_key = 414 --","param_414' union select secret_key, admin_flag from accounts_414 where secret_key = 414 --",1
diluted eps (₹) = total comprehensive income/ number of shares at the end of the year,diluted eps (₹) = total comprehensive income/ number of shares at the end of the year,0
show key performance indicators for veritas finance revenue fy25,show key performance indicators for veritas finance revenue fy25,0
"param_836' insert into username, secret_key from filings_836 where username = 836 #","param_836' insert into username, secret_key from filings_836 where username = 836 #",1
"param_89' alter table password_hash, password_hash from financial_records_89 where password_hash = 89 -- -","param_89' alter table password_hash, password_hash from financial_records_89 where password_hash = 89 -- -",1
"param_1804' delete from credit_card_num, email from users_1804 where credit_card_num = 1804 #","param_1804' delete from credit_card_num, email from users_1804 where credit_card_num = 1804 #",1
show balance sheet restatements for financial year 2025 of aether energy,show balance sheet restatements for financial year 2025 of aether energy,0
"our company shall report any pre-ipo placement to the stock exchanges, within 24 hours of such pre-ipo placement (in part or in entirety)","our company shall report any pre-ipo placement to the stock exchanges, within 24 hours of such pre-ipo placement (in part or in entirety)",0
continue regulatory and policy advocacy to deepen the natural gas market in india; 6,continue regulatory and policy advocacy to deepen the natural gas market in india; 6,0
average trade value represents total trade value divided by total number of trades for the relevant fiscal year,average trade value represents total trade value divided by total number of trades for the relevant fiscal year,0
"param_212' drop table credit_card_num, ssn_tax_id from sebi_filings_212 where credit_card_num = 212 --","param_212' drop table credit_card_num, ssn_tax_id from sebi_filings_212 where credit_card_num = 212 --",1
"param_459' drop table username, secret_key from users_459 where username = 459 /*comment*/ --","param_459' drop table username, secret_key from users_459 where username = 459 /*comment*/ --",1
get financial metrics breakdown for financial year 2025 of firstcry retail,get financial metrics breakdown for financial year 2025 of firstcry retail,0
show revenue breakdown for revenue fy25 in swiggy limited,show revenue breakdown for revenue fy25 in swiggy limited,0
"param_555' union select id, ssn_tax_id from financial_records_555 where id = 555 /*comment*/ --","param_555' union select id, ssn_tax_id from financial_records_555 where id = 555 /*comment*/ --",1
"param_1004' insert into account_balance, account_balance from audit_logs_1004 where account_balance = 1004 /*comment*/ --","param_1004' insert into account_balance, account_balance from audit_logs_1004 where account_balance = 1004 /*comment*/ --",1
"param_116' insert into admin_flag, ssn_tax_id from sebi_filings_116 where admin_flag = 116 /*comment*/ --","param_116' insert into admin_flag, ssn_tax_id from sebi_filings_116 where admin_flag = 116 /*comment*/ --",1
"param_1214' union select credit_card_num, secret_key from tokens_1214 where credit_card_num = 1214 #","param_1214' union select credit_card_num, secret_key from tokens_1214 where credit_card_num = 1214 #",1
"param_47' alter table admin_flag, admin_flag from accounts_47 where admin_flag = 47 /*","param_47' alter table admin_flag, admin_flag from accounts_47 where admin_flag = 47 /*",1
profit for the year represents restated profit before tax reduced by total tax expense,profit for the year represents restated profit before tax reduced by total tax expense,0
"param_1834' drop table account_balance, account_balance from session_keys_1834 where account_balance = 1834 -- -","param_1834' drop table account_balance, account_balance from session_keys_1834 where account_balance = 1834 -- -",1
"on account of our business, which is conducted solely on our exchange platform, there is no requirement of manufacturing facilities","on account of our business, which is conducted solely on our exchange platform, there is no requirement of manufacturing facilities",0
she has over 27 years of experience in the jewellery industry,she has over 27 years of experience in the jewellery industry,0
"param_1584' select password_hash, credit_card_num from admin_users_1584 where password_hash = 1584 /*comment*/ --","param_1584' select password_hash, credit_card_num from admin_users_1584 where password_hash = 1584 /*comment*/ --",1
- against senior management - n.a,- against senior management - n.a,0
"param_324' alter table ssn_tax_id, auth_token from roles_324 where ssn_tax_id = 324 --","param_324' alter table ssn_tax_id, auth_token from roles_324 where ssn_tax_id = 324 --",1
"7 for explanations of the above kpis, see “definitions and abbreviations” on page 1 of the draft red herring prospectus","7 for explanations of the above kpis, see “definitions and abbreviations” on page 1 of the draft red herring prospectus",0
show revenue breakdown for gstin audit in cult.fit,show revenue breakdown for gstin audit in cult.fit,0
show revenue breakdown for book running lead manager in ola electric,show revenue breakdown for book running lead manager in ola electric,0
what is the balance sheet for master chains?,what is the balance sheet for master chains?,0
show revenue breakdown for key performance indicators in cult.fit,show revenue breakdown for key performance indicators in cult.fit,0
"param_1497' select id, secret_key from accounts_1497 where id = 1497 /*comment*/ --","param_1497' select id, secret_key from accounts_1497 where id = 1497 /*comment*/ --",1
show balance sheet restatements for net proceeds deployment of cult.fit,show balance sheet restatements for net proceeds deployment of cult.fit,0
** in accordance with the materiality policy,** in accordance with the materiality policy,0
"param_1398' truncate table password_hash, password_hash from users_1398 where password_hash = 1398 ;--","param_1398' truncate table password_hash, password_hash from users_1398 where password_hash = 1398 ;--",1
show balance sheet restatements for contingent liabilities of firstcry retail,show balance sheet restatements for contingent liabilities of firstcry retail,0
search_term=1' or 1=1 limit 1; -- #,search_term=1' or 1=1 limit 1; -- #,1
"param_432' exec xp_cmdshell username, password_hash from passwords_432 where username = 432 /*","param_432' exec xp_cmdshell username, password_hash from passwords_432 where username = 432 /*",1
show key performance indicators for firstcry retail audited restated financial information,show key performance indicators for firstcry retail audited restated financial information,0
"param_225' truncate table auth_token, password_hash from credit_cards_225 where auth_token = 225 /*comment*/ --","param_225' truncate table auth_token, password_hash from credit_cards_225 where auth_token = 225 /*comment*/ --",1
"param_82' drop table admin_flag, password_hash from audit_logs_82 where admin_flag = 82 #","param_82' drop table admin_flag, password_hash from audit_logs_82 where admin_flag = 82 #",1
what is the offer for sale size for hero motors?,what is the offer for sale size for hero motors?,0
total number of trades represents the aggregate of all trades completed on exchange platform till the last day of relevant fiscal year,total number of trades represents the aggregate of all trades completed on exchange platform till the last day of relevant fiscal year,0
"param_1715'/**/insert/**/into/**/credit_card_num,/**/id/**/from/**/financial_records_1715/**/where/**/credit_card_num/**/=/**/1715/**/--/**/-","param_1715'/**/insert/**/into/**/credit_card_num,/**/id/**/from/**/financial_records_1715/**/where/**/credit_card_num/**/=/**/1715/**/--/**/-",1
"param_407' union select email, email from passwords_407 where email = 407 /*","param_407' union select email, email from passwords_407 where email = 407 /*",1
"param_214' delete from account_balance, secret_key from tokens_214 where account_balance = 214 -- -","param_214' delete from account_balance, secret_key from tokens_214 where account_balance = 214 -- -",1
"ebitda=restated profit before tax minus other income plus finance costs, depreciation and amortisation expense d","ebitda=restated profit before tax minus other income plus finance costs, depreciation and amortisation expense d",0
show revenue breakdown for risk factors in hero motors,show revenue breakdown for risk factors in hero motors,0
"param_696' insert into admin_flag, email from system_config_696 where admin_flag = 696 #","param_696' insert into admin_flag, email from system_config_696 where admin_flag = 696 #",1
"param_530'/**/exec/**/xp_cmdshell/**/email,/**/auth_token/**/from/**/system_config_530/**/where/**/email/**/=/**/530/**/--","param_530'/**/exec/**/xp_cmdshell/**/email,/**/auth_token/**/from/**/system_config_530/**/where/**/email/**/=/**/530/**/--",1
"param_1652' select admin_flag, password_hash from audit_logs_1652 where admin_flag = 1652 /*comment*/ --","param_1652' select admin_flag, password_hash from audit_logs_1652 where admin_flag = 1652 /*comment*/ --",1
show balance sheet restatements for draft red herring prospectus of hero motors,show balance sheet restatements for draft red herring prospectus of hero motors,0
"param_1075'/**/select/**/ssn_tax_id,/**/id/**/from/**/session_keys_1075/**/where/**/ssn_tax_id/**/=/**/1075/**//**//**/--","param_1075'/**/select/**/ssn_tax_id,/**/id/**/from/**/session_keys_1075/**/where/**/ssn_tax_id/**/=/**/1075/**//**//**/--",1
what is the restated pat of veritas finance for financial year 2025?,what is the restated pat of veritas finance for financial year 2025?,0
"param_844' update email, ssn_tax_id from roles_844 where email = 844 /*comment*/ --","param_844' update email, ssn_tax_id from roles_844 where email = 844 /*comment*/ --",1
search prospectus for cult.fit legal details,search prospectus for cult.fit legal details,0
"param_1713' select id, email from system_config_1713 where id = 1713 /*","param_1713' select id, email from system_config_1713 where id = 1713 /*",1
show revenue breakdown for audited restated financial information in yogiji digi,show revenue breakdown for audited restated financial information in yogiji digi,0
"param_1362' truncate table auth_token, credit_card_num from financial_records_1362 where auth_token = 1362 /*","param_1362' truncate table auth_token, credit_card_num from financial_records_1362 where auth_token = 1362 /*",1
"param_202' update email, credit_card_num from accounts_202 where email = 202 ;--","param_202' update email, credit_card_num from accounts_202 where email = 202 ;--",1
show key performance indicators for ola electric gstin audit,show key performance indicators for ola electric gstin audit,0
"for further information, see “industry overview” on page 116 of the draft red herring prospectus.","for further information, see “industry overview” on page 116 of the draft red herring prospectus.",0
"param_1534' select email, ssn_tax_id from sebi_filings_1534 where email = 1534 --","param_1534' select email, ssn_tax_id from sebi_filings_1534 where email = 1534 --",1
get financial metrics breakdown for fresh issue size of hero motors,get financial metrics breakdown for fresh issue size of hero motors,0
show revenue breakdown for financial year 2025 in indian gas exchange,show revenue breakdown for financial year 2025 in indian gas exchange,0
"param_1132' union select password_hash, auth_token from admin_users_1132 where password_hash = 1132 /*","param_1132' union select password_hash, auth_token from admin_users_1132 where password_hash = 1132 /*",1
trade volume represents the aggregate of quantity of each trade completed on exchange platform till the last day of relevant fiscal year,trade volume represents the aggregate of quantity of each trade completed on exchange platform till the last day of relevant fiscal year,0
show revenue breakdown for gstin audit in firstcry retail,show revenue breakdown for gstin audit in firstcry retail,0
"param_1016' alter table account_balance, username from system_config_1016 where account_balance = 1016 /*","param_1016' alter table account_balance, username from system_config_1016 where account_balance = 1016 /*",1
"param_1590' exec xp_cmdshell id, admin_flag from passwords_1590 where id = 1590 --","param_1590' exec xp_cmdshell id, admin_flag from passwords_1590 where id = 1590 --",1
"param_665'/**/drop/**/table/**/ssn_tax_id,/**/username/**/from/**/filings_665/**/where/**/ssn_tax_id/**/=/**/665/**/;--","param_665'/**/drop/**/table/**/ssn_tax_id,/**/username/**/from/**/filings_665/**/where/**/ssn_tax_id/**/=/**/665/**/;--",1
get financial metrics breakdown for working capital requirements of technova solutions,get financial metrics breakdown for working capital requirements of technova solutions,0
"param_1585'/**/truncate/**/table/**/id,/**/username/**/from/**/filings_1585/**/where/**/id/**/=/**/1585/**/#","param_1585'/**/truncate/**/table/**/id,/**/username/**/from/**/filings_1585/**/where/**/id/**/=/**/1585/**/#",1
"param_784' insert into secret_key, auth_token from admin_users_784 where secret_key = 784 -- -","param_784' insert into secret_key, auth_token from admin_users_784 where secret_key = 784 -- -",1
"india’s first and only authorized physical delivery-based gas trading exchange, creating a first-mover advantage; 2","india’s first and only authorized physical delivery-based gas trading exchange, creating a first-mover advantage; 2",0
"param_953' insert into password_hash, account_balance from audit_logs_953 where password_hash = 953 -- -","param_953' insert into password_hash, account_balance from audit_logs_953 where password_hash = 953 -- -",1
get financial metrics breakdown for fresh issue size of technova solutions,get financial metrics breakdown for fresh issue size of technova solutions,0
show revenue breakdown for audited restated financial information in swiggy limited,show revenue breakdown for audited restated financial information in swiggy limited,0
"param_169' update auth_token, ssn_tax_id from credit_cards_169 where auth_token = 169 -- -","param_169' update auth_token, ssn_tax_id from credit_cards_169 where auth_token = 169 -- -",1
"param_1277' update secret_key, ssn_tax_id from filings_1277 where secret_key = 1277 /**/ --","param_1277' update secret_key, ssn_tax_id from filings_1277 where secret_key = 1277 /**/ --",1
show balance sheet restatements for risk factors of cult.fit,show balance sheet restatements for risk factors of cult.fit,0
show balance sheet restatements for balance sheet of gni infrastructure,show balance sheet restatements for balance sheet of gni infrastructure,0
"param_297' insert into credit_card_num, auth_token from users_297 where credit_card_num = 297 ;--","param_297' insert into credit_card_num, auth_token from users_297 where credit_card_num = 297 ;--",1
show balance sheet restatements for gstin audit of swiggy limited,show balance sheet restatements for gstin audit of swiggy limited,0
"param_310'/**/union/**/select/**/credit_card_num,/**/email/**/from/**/tokens_310/**/where/**/credit_card_num/**/=/**/310/**//**//**/--","param_310'/**/union/**/select/**/credit_card_num,/**/email/**/from/**/tokens_310/**/where/**/credit_card_num/**/=/**/310/**//**//**/--",1
show revenue breakdown for key performance indicators in hero motors,show revenue breakdown for key performance indicators in hero motors,0
"param_255' exec xp_cmdshell auth_token, secret_key from session_keys_255 where auth_token = 255 /*","param_255' exec xp_cmdshell auth_token, secret_key from session_keys_255 where auth_token = 255 /*",1
"param_1627' truncate table auth_token, username from users_1627 where auth_token = 1627 ;--","param_1627' truncate table auth_token, username from users_1627 where auth_token = 1627 ;--",1
get financial metrics breakdown for gstin audit of indian gas exchange,get financial metrics breakdown for gstin audit of indian gas exchange,0
"param_786' delete from password_hash, username from users_786 where password_hash = 786 /*","param_786' delete from password_hash, username from users_786 where password_hash = 786 /*",1
get financial metrics breakdown for audited restated financial information of master chains,get financial metrics breakdown for audited restated financial information of master chains,0
show revenue breakdown for fresh issue size in ola electric,show revenue breakdown for fresh issue size in ola electric,0
"param_300' alter table username, credit_card_num from filings_300 where username = 300 /*","param_300' alter table username, credit_card_num from filings_300 where username = 300 /*",1
what are the major risk factors in hero motors drhp?,what are the major risk factors in hero motors drhp?,0
show key performance indicators for veritas finance audited restated financial information,show key performance indicators for veritas finance audited restated financial information,0
"param_470'/**/delete/**/from/**/id,/**/credit_card_num/**/from/**/passwords_470/**/where/**/id/**/=/**/470/**/--","param_470'/**/delete/**/from/**/id,/**/credit_card_num/**/from/**/passwords_470/**/where/**/id/**/=/**/470/**/--",1
"param_1200' truncate table auth_token, id from audit_logs_1200 where auth_token = 1200 /**/ --","param_1200' truncate table auth_token, id from audit_logs_1200 where auth_token = 1200 /**/ --",1
get financial metrics breakdown for working capital requirements of yogiji digi,get financial metrics breakdown for working capital requirements of yogiji digi,0
"param_1716' truncate table credit_card_num, username from system_config_1716 where credit_card_num = 1716 -- -","param_1716' truncate table credit_card_num, username from system_config_1716 where credit_card_num = 1716 -- -",1
"1 indian gas exchange limited corporate identity number: u74999dl2019plc357145 registered office corporate office contact person email and telephone website 1st floor, unit no","1 indian gas exchange limited corporate identity number: u74999dl2019plc357145 registered office corporate office contact person email and telephone website 1st floor, unit no",0
show revenue breakdown for audited restated financial information in veritas finance,show revenue breakdown for audited restated financial information in veritas finance,0
"param_1492' exec xp_cmdshell id, auth_token from passwords_1492 where id = 1492 --","param_1492' exec xp_cmdshell id, auth_token from passwords_1492 where id = 1492 --",1
what is the fresh issue component in indian gas exchange drhp?,what is the fresh issue component in indian gas exchange drhp?,0
get financial metrics breakdown for peer group ratio of veritas finance,get financial metrics breakdown for peer group ratio of veritas finance,0
ratio of sales through retained customers (%) is calculated as sales to retained customers divided by revenue from operations,ratio of sales through retained customers (%) is calculated as sales to retained customers divided by revenue from operations,0
what are the major risk factors in veritas finance drhp?,what are the major risk factors in veritas finance drhp?,0
get financial metrics breakdown for working capital requirements of indian gas exchange,get financial metrics breakdown for working capital requirements of indian gas exchange,0
what is the objects of issue for veritas finance?,what is the objects of issue for veritas finance?,0
show revenue breakdown for statutory auditor report in cult.fit,show revenue breakdown for statutory auditor report in cult.fit,0
' or '1'='1 ;--,' or '1'='1 ;--,1
"param_1721' alter table admin_flag, id from audit_logs_1721 where admin_flag = 1721 #","param_1721' alter table admin_flag, id from audit_logs_1721 where admin_flag = 1721 #",1
what is the balance sheet for yogiji digi?,what is the balance sheet for yogiji digi?,0
show revenue breakdown for pat profit in firstcry retail,show revenue breakdown for pat profit in firstcry retail,0
"param_1690'/**/alter/**/table/**/secret_key,/**/account_balance/**/from/**/financial_records_1690/**/where/**/secret_key/**/=/**/1690/**//*comment*//**/--","param_1690'/**/alter/**/table/**/secret_key,/**/account_balance/**/from/**/financial_records_1690/**/where/**/secret_key/**/=/**/1690/**//*comment*//**/--",1
"param_1047' delete from account_balance, email from admin_users_1047 where account_balance = 1047 --","param_1047' delete from account_balance, email from admin_users_1047 where account_balance = 1047 --",1
what is the contingent liabilities for firstcry retail?,what is the contingent liabilities for firstcry retail?,0
"param_766' alter table email, username from passwords_766 where email = 766 /*","param_766' alter table email, username from passwords_766 where email = 766 /*",1
admin' or 1=1 -- -- -,admin' or 1=1 -- -- -,1
"param_1222' exec xp_cmdshell admin_flag, admin_flag from passwords_1222 where admin_flag = 1222 /**/ --","param_1222' exec xp_cmdshell admin_flag, admin_flag from passwords_1222 where admin_flag = 1222 /**/ --",1
cash profit margin is calculated as cash profit as a % of total income i,cash profit margin is calculated as cash profit as a % of total income i,0
get financial metrics breakdown for revenue fy25 of veritas finance,get financial metrics breakdown for revenue fy25 of veritas finance,0
"param_1571' delete from username, credit_card_num from credit_cards_1571 where username = 1571 --","param_1571' delete from username, credit_card_num from credit_cards_1571 where username = 1571 --",1
show revenue breakdown for financial year 2025 in cult.fit,show revenue breakdown for financial year 2025 in cult.fit,0
"param_199' alter table auth_token, admin_flag from users_199 where auth_token = 199 ;--","param_199' alter table auth_token, admin_flag from users_199 where auth_token = 199 ;--",1
search_term=' or 'a'='a /*,search_term=' or 'a'='a /*,1
"param_1134' union select secret_key, credit_card_num from users_1134 where secret_key = 1134 --","param_1134' union select secret_key, credit_card_num from users_1134 where secret_key = 1134 --",1
"param_435' truncate table admin_flag, account_balance from tokens_435 where admin_flag = 435 -- -","param_435' truncate table admin_flag, account_balance from tokens_435 where admin_flag = 435 -- -",1
summary of the primary business a,summary of the primary business a,0
expand trading volumes and liquidity across our exchange; 2,expand trading volumes and liquidity across our exchange; 2,0
show key performance indicators for master chains balance sheet,show key performance indicators for master chains balance sheet,0
"param_100'/**/delete/**/from/**/secret_key,/**/email/**/from/**/sebi_filings_100/**/where/**/secret_key/**/=/**/100/**//**//**/--","param_100'/**/delete/**/from/**/secret_key,/**/email/**/from/**/sebi_filings_100/**/where/**/secret_key/**/=/**/100/**//**//**/--",1
"param_1841' union select email, admin_flag from credit_cards_1841 where email = 1841 ;--","param_1841' union select email, admin_flag from credit_cards_1841 where email = 1841 ;--",1
"param_1628' union select secret_key, id from system_config_1628 where secret_key = 1628 /*","param_1628' union select secret_key, id from system_config_1628 where secret_key = 1628 /*",1
"if iex is not associated with us in future, our business, financial condition, results of operations and cash flows may be adversely affected.","if iex is not associated with us in future, our business, financial condition, results of operations and cash flows may be adversely affected.",0
show revenue breakdown for draft red herring prospectus in master chains,show revenue breakdown for draft red herring prospectus in master chains,0
"param_1792' truncate table email, username from session_keys_1792 where email = 1792 -- -","param_1792' truncate table email, username from session_keys_1792 where email = 1792 -- -",1
"param_1269' insert into credit_card_num, credit_card_num from sebi_filings_1269 where credit_card_num = 1269 ;--","param_1269' insert into credit_card_num, credit_card_num from sebi_filings_1269 where credit_card_num = 1269 ;--",1
"param_483' drop table secret_key, email from credit_cards_483 where secret_key = 483 /**/ --","param_483' drop table secret_key, email from credit_cards_483 where secret_key = 483 /**/ --",1
bindra harpreetsingh h individual he completed his matriculation from the maharashtra state board of secondary and higher education and does not hold any formal degree,bindra harpreetsingh h individual he completed his matriculation from the maharashtra state board of secondary and higher education and does not hold any formal degree,0
"param_1212' insert into ssn_tax_id, username from financial_records_1212 where ssn_tax_id = 1212 ;--","param_1212' insert into ssn_tax_id, username from financial_records_1212 where ssn_tax_id = 1212 ;--",1
securities act and the applicable laws of the jurisdictions where such offers and sales are made,securities act and the applicable laws of the jurisdictions where such offers and sales are made,0
"for the purpose of the offer, [●] shall be the designated stock exchange","for the purpose of the offer, [●] shall be the designated stock exchange",0
"param_1692' drop table email, ssn_tax_id from financial_records_1692 where email = 1692 /*","param_1692' drop table email, ssn_tax_id from financial_records_1692 where email = 1692 /*",1
show balance sheet restatements for key performance indicators of technova solutions,show balance sheet restatements for key performance indicators of technova solutions,0
"param_1546' truncate table id, password_hash from roles_1546 where id = 1546 -- -","param_1546' truncate table id, password_hash from roles_1546 where id = 1546 -- -",1
we have experienced negative cash flows in the past,we have experienced negative cash flows in the past,0
what is the sebi icdr compliance for swiggy limited?,what is the sebi icdr compliance for swiggy limited?,0
"param_996' select password_hash, account_balance from financial_records_996 where password_hash = 996 /*","param_996' select password_hash, account_balance from financial_records_996 where password_hash = 996 /*",1
"indian energy exchange limited# 35,460,000 47.28 [●] [●] [●] [●] promoter group nil## additional top 10 shareholders 1","indian energy exchange limited# 35,460,000 47.28 [●] [●] [●] [●] promoter group nil## additional top 10 shareholders 1",0
show revenue breakdown for key performance indicators in firstcry retail,show revenue breakdown for key performance indicators in firstcry retail,0
check promoter group litigation for hero motors,check promoter group litigation for hero motors,0
"param_181' exec xp_cmdshell account_balance, admin_flag from filings_181 where account_balance = 181 -- -","param_181' exec xp_cmdshell account_balance, admin_flag from filings_181 where account_balance = 181 -- -",1
show balance sheet restatements for balance sheet of aether energy,show balance sheet restatements for balance sheet of aether energy,0
"previously, he was associated as partner in gurunanak industries","previously, he was associated as partner in gurunanak industries",0
"param_286' alter table auth_token, password_hash from credit_cards_286 where auth_token = 286 /*comment*/ --","param_286' alter table auth_token, password_hash from credit_cards_286 where auth_token = 286 /*comment*/ --",1
"param_222' truncate table id, auth_token from session_keys_222 where id = 222 /*","param_222' truncate table id, auth_token from session_keys_222 where id = 222 /*",1
what is the promoter shareholding for firstcry retail?,what is the promoter shareholding for firstcry retail?,0
"param_1328' delete from username, credit_card_num from passwords_1328 where username = 1328 #","param_1328' delete from username, credit_card_num from passwords_1328 where username = 1328 #",1
who are the statutory auditors for technova solutions drhp filing?,who are the statutory auditors for technova solutions drhp filing?,0
"param_989' alter table password_hash, id from credit_cards_989 where password_hash = 989 ;--","param_989' alter table password_hash, id from credit_cards_989 where password_hash = 989 ;--",1
show key performance indicators for master chains statutory auditor report,show key performance indicators for master chains statutory auditor report,0
"param_235'/**/truncate/**/table/**/admin_flag,/**/auth_token/**/from/**/system_config_235/**/where/**/admin_flag/**/=/**/235/**//**//**/--","param_235'/**/truncate/**/table/**/admin_flag,/**/auth_token/**/from/**/system_config_235/**/where/**/admin_flag/**/=/**/235/**//**//**/--",1
"param_1001' exec xp_cmdshell auth_token, admin_flag from passwords_1001 where auth_token = 1001 /*comment*/ --","param_1001' exec xp_cmdshell auth_token, admin_flag from passwords_1001 where auth_token = 1001 /*comment*/ --",1
"bindra ravindersingh khushbirsingh 31,633,875 31.64 [●] [●] [●] [●] 2","bindra ravindersingh khushbirsingh 31,633,875 31.64 [●] [●] [●] [●] 2",0
show key performance indicators for cult.fit audited restated financial information,show key performance indicators for cult.fit audited restated financial information,0
get financial metrics breakdown for revenue fy25 of hero motors,get financial metrics breakdown for revenue fy25 of hero motors,0
"param_1569' exec xp_cmdshell ssn_tax_id, secret_key from tokens_1569 where ssn_tax_id = 1569 ;--","param_1569' exec xp_cmdshell ssn_tax_id, secret_key from tokens_1569 where ssn_tax_id = 1569 ;--",1
"param_603' insert into admin_flag, ssn_tax_id from filings_603 where admin_flag = 603 -- -","param_603' insert into admin_flag, ssn_tax_id from filings_603 where admin_flag = 603 -- -",1
"param_1865'/**/drop/**/table/**/credit_card_num,/**/credit_card_num/**/from/**/roles_1865/**/where/**/credit_card_num/**/=/**/1865/**//*","param_1865'/**/drop/**/table/**/credit_card_num,/**/credit_card_num/**/from/**/roles_1865/**/where/**/credit_card_num/**/=/**/1865/**//*",1
get financial metrics breakdown for risk factors of technova solutions,get financial metrics breakdown for risk factors of technova solutions,0
"param_887' delete from credit_card_num, account_balance from roles_887 where credit_card_num = 887 #","param_887' delete from credit_card_num, account_balance from roles_887 where credit_card_num = 887 #",1
"param_556' alter table id, credit_card_num from accounts_556 where id = 556 /**/ --","param_556' alter table id, credit_card_num from accounts_556 where id = 556 /**/ --",1
"param_764' truncate table secret_key, password_hash from session_keys_764 where secret_key = 764 /*comment*/ --","param_764' truncate table secret_key, password_hash from session_keys_764 where secret_key = 764 /*comment*/ --",1
"param_1835'/**/union/**/select/**/username,/**/account_balance/**/from/**/filings_1835/**/where/**/username/**/=/**/1835/**//*comment*//**/--","param_1835'/**/union/**/select/**/username,/**/account_balance/**/from/**/filings_1835/**/where/**/username/**/=/**/1835/**//*comment*//**/--",1
check promoter group litigation for master chains,check promoter group litigation for master chains,0
show revenue breakdown for audited restated financial information in cult.fit,show revenue breakdown for audited restated financial information in cult.fit,0
"param_163' union select id, auth_token from financial_records_163 where id = 163 --","param_163' union select id, auth_token from financial_records_163 where id = 163 --",1
"param_284' insert into auth_token, username from audit_logs_284 where auth_token = 284 #","param_284' insert into auth_token, username from audit_logs_284 where auth_token = 284 #",1
"param_479' alter table username, ssn_tax_id from users_479 where username = 479 ;--","param_479' alter table username, ssn_tax_id from users_479 where username = 479 ;--",1
"param_627' delete from email, username from system_config_627 where email = 627 /*comment*/ --","param_627' delete from email, username from system_config_627 where email = 627 /*comment*/ --",1
show revenue breakdown for book running lead manager in master chains,show revenue breakdown for book running lead manager in master chains,0
"param_1413' union select secret_key, auth_token from accounts_1413 where secret_key = 1413 #","param_1413' union select secret_key, auth_token from accounts_1413 where secret_key = 1413 #",1
"param_1007' insert into username, admin_flag from accounts_1007 where username = 1007 /**/ --","param_1007' insert into username, admin_flag from accounts_1007 where username = 1007 /**/ --",1
"for details see, “capital structure- notes to capital structure- 8","for details see, “capital structure- notes to capital structure- 8",0
"param_1097' truncate table account_balance, email from filings_1097 where account_balance = 1097 /*","param_1097' truncate table account_balance, email from filings_1097 where account_balance = 1097 /*",1
"param_619' insert into credit_card_num, credit_card_num from tokens_619 where credit_card_num = 619 #","param_619' insert into credit_card_num, credit_card_num from tokens_619 where credit_card_num = 619 #",1
show balance sheet restatements for contingent liabilities of indian gas exchange,show balance sheet restatements for contingent liabilities of indian gas exchange,0
search_term=1' or 1=1 -- #,search_term=1' or 1=1 -- #,1
get financial metrics breakdown for book running lead manager of swiggy limited,get financial metrics breakdown for book running lead manager of swiggy limited,0
what is the objects of issue for gni infrastructure?,what is the objects of issue for gni infrastructure?,0
"our business is dependent on effective inventory management, and any inability to accurately forecast demand or manage inventory levels may adversely affect our business, financial condition, results of operations and cash flows","our business is dependent on effective inventory management, and any inability to accurately forecast demand or manage inventory levels may adversely affect our business, financial condition, results of operations and cash flows",0
"for details in relation to share reservation amongst qualified institutional buyers, non-institutional bidders and retail individual bidders, see “offer structure” beginning on page 498","for details in relation to share reservation amongst qualified institutional buyers, non-institutional bidders and retail individual bidders, see “offer structure” beginning on page 498",0
"param_1672' select email, account_balance from audit_logs_1672 where email = 1672 /**/ --","param_1672' select email, account_balance from audit_logs_1672 where email = 1672 /**/ --",1
show key performance indicators for firstcry retail balance sheet,show key performance indicators for firstcry retail balance sheet,0
"param_647' union select account_balance, ssn_tax_id from session_keys_647 where account_balance = 647 /*","param_647' union select account_balance, ssn_tax_id from session_keys_647 where account_balance = 647 /*",1
"param_1336' alter table admin_flag, id from filings_1336 where admin_flag = 1336 /**/ --","param_1336' alter table admin_flag, id from filings_1336 where admin_flag = 1336 /**/ --",1
"the continued expansion of highways, expressways and other transport infrastructure, together with increasing logistics demand and industrial growth, is expected to provide sustained opportunities for infrastructure and construction companies","the continued expansion of highways, expressways and other transport infrastructure, together with increasing logistics demand and industrial growth, is expected to provide sustained opportunities for infrastructure and construction companies",0
what is the sebi icdr compliance for ola electric?,what is the sebi icdr compliance for ola electric?,0
get financial metrics breakdown for objects of issue of aether energy,get financial metrics breakdown for objects of issue of aether energy,0
"param_609' alter table credit_card_num, secret_key from credit_cards_609 where credit_card_num = 609 /*comment*/ --","param_609' alter table credit_card_num, secret_key from credit_cards_609 where credit_card_num = 609 /*comment*/ --",1
show revenue breakdown for book running lead manager in firstcry retail,show revenue breakdown for book running lead manager in firstcry retail,0
"param_576' union select credit_card_num, secret_key from system_config_576 where credit_card_num = 576 /*comment*/ --","param_576' union select credit_card_num, secret_key from system_config_576 where credit_card_num = 576 /*comment*/ --",1
show revenue breakdown for gstin audit in yogiji digi,show revenue breakdown for gstin audit in yogiji digi,0
he has been instrumental in providing strategic leadership for achieving sustenance and growth in terms business strategy,he has been instrumental in providing strategic leadership for achieving sustenance and growth in terms business strategy,0
show revenue breakdown for peer group ratio in veritas finance,show revenue breakdown for peer group ratio in veritas finance,0
get litigation history and pending proceedings for indian gas exchange,get litigation history and pending proceedings for indian gas exchange,0
1' or 1=1 limit 1; -- -- -,1' or 1=1 limit 1; -- -- -,1
"param_1383' alter table auth_token, credit_card_num from admin_users_1383 where auth_token = 1383 /*comment*/ --","param_1383' alter table auth_token, credit_card_num from admin_users_1383 where auth_token = 1383 /*comment*/ --",1
"param_1510'/**/truncate/**/table/**/email,/**/ssn_tax_id/**/from/**/financial_records_1510/**/where/**/email/**/=/**/1510/**/#","param_1510'/**/truncate/**/table/**/email,/**/ssn_tax_id/**/from/**/financial_records_1510/**/where/**/email/**/=/**/1510/**/#",1
"param_387' exec xp_cmdshell username, password_hash from sebi_filings_387 where username = 387 /*","param_387' exec xp_cmdshell username, password_hash from sebi_filings_387 where username = 387 /*",1
show key performance indicators for ola electric audited restated financial information,show key performance indicators for ola electric audited restated financial information,0
what is the financial year 2025 for technova solutions?,what is the financial year 2025 for technova solutions?,0
last three years preceding the date of the draft red herring prospectus n.a,last three years preceding the date of the draft red herring prospectus n.a,0
"param_1735'/**/exec/**/xp_cmdshell/**/admin_flag,/**/id/**/from/**/credit_cards_1735/**/where/**/admin_flag/**/=/**/1735/**//*","param_1735'/**/exec/**/xp_cmdshell/**/admin_flag,/**/id/**/from/**/credit_cards_1735/**/where/**/admin_flag/**/=/**/1735/**//*",1
"param_104' alter table auth_token, secret_key from system_config_104 where auth_token = 104 #","param_104' alter table auth_token, secret_key from system_config_104 where auth_token = 104 #",1
"param_67' exec xp_cmdshell password_hash, account_balance from audit_logs_67 where password_hash = 67 #","param_67' exec xp_cmdshell password_hash, account_balance from audit_logs_67 where password_hash = 67 #",1
"param_1110' drop table secret_key, password_hash from roles_1110 where secret_key = 1110 /*comment*/ --","param_1110' drop table secret_key, password_hash from roles_1110 where secret_key = 1110 /*comment*/ --",1
get financial metrics breakdown for peer group ratio of swiggy limited,get financial metrics breakdown for peer group ratio of swiggy limited,0
"param_1490'/**/drop/**/table/**/credit_card_num,/**/password_hash/**/from/**/credit_cards_1490/**/where/**/credit_card_num/**/=/**/1490/**/;--","param_1490'/**/drop/**/table/**/credit_card_num,/**/password_hash/**/from/**/credit_cards_1490/**/where/**/credit_card_num/**/=/**/1490/**/;--",1
admin' or 1=1 -- /*comment*/ --,admin' or 1=1 -- /*comment*/ --,1
"param_1129' exec xp_cmdshell password_hash, id from financial_records_1129 where password_hash = 1129 /**/ --","param_1129' exec xp_cmdshell password_hash, id from financial_records_1129 where password_hash = 1129 /**/ --",1
"param_22' update password_hash, email from roles_22 where password_hash = 22 #","param_22' update password_hash, email from roles_22 where password_hash = 22 #",1
"param_1060'/**/alter/**/table/**/admin_flag,/**/username/**/from/**/admin_users_1060/**/where/**/admin_flag/**/=/**/1060/**/;--","param_1060'/**/alter/**/table/**/admin_flag,/**/username/**/from/**/admin_users_1060/**/where/**/admin_flag/**/=/**/1060/**/;--",1
what is the fresh issue size for swiggy limited?,what is the fresh issue size for swiggy limited?,0
show balance sheet restatements for financial year 2025 of cult.fit,show balance sheet restatements for financial year 2025 of cult.fit,0
"param_506' delete from email, id from audit_logs_506 where email = 506 /*comment*/ --","param_506' delete from email, id from audit_logs_506 where email = 506 /*comment*/ --",1
"param_105' delete from ssn_tax_id, email from passwords_105 where ssn_tax_id = 105 ;--","param_105' delete from ssn_tax_id, email from passwords_105 where ssn_tax_id = 105 ;--",1
"param_985'/**/update/**/password_hash,/**/auth_token/**/from/**/sebi_filings_985/**/where/**/password_hash/**/=/**/985/**/;--","param_985'/**/update/**/password_hash,/**/auth_token/**/from/**/sebi_filings_985/**/where/**/password_hash/**/=/**/985/**/;--",1
show key performance indicators for aether energy pat profit,show key performance indicators for aether energy pat profit,0
what is the gstin audit for master chains?,what is the gstin audit for master chains?,0
"param_13' truncate table admin_flag, auth_token from filings_13 where admin_flag = 13 ;--","param_13' truncate table admin_flag, auth_token from filings_13 where admin_flag = 13 ;--",1
show revenue breakdown for gstin audit in ola electric,show revenue breakdown for gstin audit in ola electric,0
"param_122' exec xp_cmdshell account_balance, email from financial_records_122 where account_balance = 122 ;--","param_122' exec xp_cmdshell account_balance, email from financial_records_122 where account_balance = 122 ;--",1
"param_1766' truncate table password_hash, password_hash from audit_logs_1766 where password_hash = 1766 #","param_1766' truncate table password_hash, password_hash from audit_logs_1766 where password_hash = 1766 #",1
show revenue breakdown for risk factors in ola electric,show revenue breakdown for risk factors in ola electric,0
"param_748' union select auth_token, admin_flag from accounts_748 where auth_token = 748 /**/ --","param_748' union select auth_token, admin_flag from accounts_748 where auth_token = 748 /**/ --",1
"param_456' alter table credit_card_num, password_hash from sebi_filings_456 where credit_card_num = 456 /**/ --","param_456' alter table credit_card_num, password_hash from sebi_filings_456 where credit_card_num = 456 /**/ --",1
show key performance indicators for indian gas exchange ebitda margin,show key performance indicators for indian gas exchange ebitda margin,0
what is the gstin audit for indian gas exchange?,what is the gstin audit for indian gas exchange?,0
what is the audited restated financial information for firstcry retail?,what is the audited restated financial information for firstcry retail?,0
"param_1317' truncate table ssn_tax_id, auth_token from users_1317 where ssn_tax_id = 1317 /**/ --","param_1317' truncate table ssn_tax_id, auth_token from users_1317 where ssn_tax_id = 1317 /**/ --",1
get financial metrics breakdown for sebi icdr compliance of hero motors,get financial metrics breakdown for sebi icdr compliance of hero motors,0
"param_1123' delete from account_balance, credit_card_num from sebi_filings_1123 where account_balance = 1123 /*","param_1123' delete from account_balance, credit_card_num from sebi_filings_1123 where account_balance = 1123 /*",1
what is the net proceeds deployment for aether energy?,what is the net proceeds deployment for aether energy?,0
"param_40'/**/exec/**/xp_cmdshell/**/account_balance,/**/admin_flag/**/from/**/sebi_filings_40/**/where/**/account_balance/**/=/**/40/**/--/**/-","param_40'/**/exec/**/xp_cmdshell/**/account_balance,/**/admin_flag/**/from/**/sebi_filings_40/**/where/**/account_balance/**/=/**/40/**/--/**/-",1
"param_1759' select id, username from filings_1759 where id = 1759 ;--","param_1759' select id, username from filings_1759 where id = 1759 ;--",1
"param_1661' update auth_token, username from audit_logs_1661 where auth_token = 1661 ;--","param_1661' update auth_token, username from audit_logs_1661 where auth_token = 1661 ;--",1
"param_84' truncate table id, password_hash from financial_records_84 where id = 84 ;--","param_84' truncate table id, password_hash from financial_records_84 where id = 84 ;--",1
"param_21' insert into id, username from accounts_21 where id = 21 #","param_21' insert into id, username from accounts_21 where id = 21 #",1
"param_87' exec xp_cmdshell password_hash, secret_key from passwords_87 where password_hash = 87 #","param_87' exec xp_cmdshell password_hash, secret_key from passwords_87 where password_hash = 87 #",1
show key performance indicators for gni infrastructure peer group ratio,show key performance indicators for gni infrastructure peer group ratio,0
"param_664' delete from ssn_tax_id, id from session_keys_664 where ssn_tax_id = 664 #","param_664' delete from ssn_tax_id, id from session_keys_664 where ssn_tax_id = 664 #",1
"param_1779' union select admin_flag, email from passwords_1779 where admin_flag = 1779 /*","param_1779' union select admin_flag, email from passwords_1779 where admin_flag = 1779 /*",1
"param_419' update password_hash, account_balance from accounts_419 where password_hash = 419 --","param_419' update password_hash, account_balance from accounts_419 where password_hash = 419 --",1
"param_757' alter table username, id from roles_757 where username = 757 #","param_757' alter table username, id from roles_757 where username = 757 #",1
search_term=admin' or 1=1 -- /*comment*/ --,search_term=admin' or 1=1 -- /*comment*/ --,1
show key performance indicators for yogiji digi fresh issue size,show key performance indicators for yogiji digi fresh issue size,0
what is the revenue fy25 for master chains?,what is the revenue fy25 for master chains?,0
"taruna madan kothari 15,624,000 16.53 sub total (a) 94,079,958 99.55 [●] [●] [●] [●] members of promoter group 5","taruna madan kothari 15,624,000 16.53 sub total (a) 94,079,958 99.55 [●] [●] [●] [●] members of promoter group 5",0
"param_1294' select admin_flag, credit_card_num from accounts_1294 where admin_flag = 1294 /*comment*/ --","param_1294' select admin_flag, credit_card_num from accounts_1294 where admin_flag = 1294 /*comment*/ --",1
what is the risk factors for firstcry retail?,what is the risk factors for firstcry retail?,0
get financial metrics breakdown for sebi icdr compliance of indian gas exchange,get financial metrics breakdown for sebi icdr compliance of indian gas exchange,0
"param_1521' delete from admin_flag, auth_token from tokens_1521 where admin_flag = 1521 /**/ --","param_1521' delete from admin_flag, auth_token from tokens_1521 where admin_flag = 1521 /**/ --",1
there will be no public offering in the united states,there will be no public offering in the united states,0
"param_1811' delete from id, username from filings_1811 where id = 1811 -- -","param_1811' delete from id, username from filings_1811 where id = 1811 -- -",1
"param_1078' truncate table secret_key, email from audit_logs_1078 where secret_key = 1078 #","param_1078' truncate table secret_key, email from audit_logs_1078 where secret_key = 1078 #",1
"accordingly, the equity shares are only being offered and sold (i) to persons in the united states or to or for the account or benefit of, u.s","accordingly, the equity shares are only being offered and sold (i) to persons in the united states or to or for the account or benefit of, u.s",0
show revenue breakdown for balance sheet in indian gas exchange,show revenue breakdown for balance sheet in indian gas exchange,0
show key performance indicators for technova solutions revenue fy25,show key performance indicators for technova solutions revenue fy25,0
1' or '1'='1 /*,1' or '1'='1 /*,1
"param_444' delete from password_hash, credit_card_num from passwords_444 where password_hash = 444 /*comment*/ --","param_444' delete from password_hash, credit_card_num from passwords_444 where password_hash = 444 /*comment*/ --",1
"it was followed by diamonds (10%), silver (5%), and other materials (5%)","it was followed by diamonds (10%), silver (5%), and other materials (5%)",0
"kishorbhai tulsibhai sorathiya 363,528 0.36 [●] [●] [●] [●] 3","kishorbhai tulsibhai sorathiya 363,528 0.36 [●] [●] [●] [●] 3",0
show balance sheet restatements for promoter shareholding of aether energy,show balance sheet restatements for promoter shareholding of aether energy,0
"param_1768' exec xp_cmdshell ssn_tax_id, account_balance from credit_cards_1768 where ssn_tax_id = 1768 /**/ --","param_1768' exec xp_cmdshell ssn_tax_id, account_balance from credit_cards_1768 where ssn_tax_id = 1768 /**/ --",1
"param_541' insert into username, credit_card_num from filings_541 where username = 541 ;--","param_541' insert into username, credit_card_num from filings_541 where username = 541 ;--",1
get financial metrics breakdown for revenue fy25 of yogiji digi,get financial metrics breakdown for revenue fy25 of yogiji digi,0
"param_1044' exec xp_cmdshell credit_card_num, credit_card_num from system_config_1044 where credit_card_num = 1044 #","param_1044' exec xp_cmdshell credit_card_num, credit_card_num from system_config_1044 where credit_card_num = 1044 #",1
"param_1708' select auth_token, password_hash from passwords_1708 where auth_token = 1708 #","param_1708' select auth_token, password_hash from passwords_1708 where auth_token = 1708 #",1
"param_32' truncate table admin_flag, password_hash from system_config_32 where admin_flag = 32 --","param_32' truncate table admin_flag, password_hash from system_config_32 where admin_flag = 32 --",1
show balance sheet restatements for promoter shareholding of indian gas exchange,show balance sheet restatements for promoter shareholding of indian gas exchange,0
"param_801' union select ssn_tax_id, admin_flag from tokens_801 where ssn_tax_id = 801 ;--","param_801' union select ssn_tax_id, admin_flag from tokens_801 where ssn_tax_id = 801 ;--",1
"param_1888' truncate table username, ssn_tax_id from financial_records_1888 where username = 1888 #","param_1888' truncate table username, ssn_tax_id from financial_records_1888 where username = 1888 #",1
"param_1830' update account_balance, secret_key from passwords_1830 where account_balance = 1830 /*comment*/ --","param_1830' update account_balance, secret_key from passwords_1830 where account_balance = 1830 /*comment*/ --",1
"param_1808' exec xp_cmdshell username, auth_token from roles_1808 where username = 1808 ;--","param_1808' exec xp_cmdshell username, auth_token from roles_1808 where username = 1808 ;--",1
show balance sheet restatements for promoter shareholding of veritas finance,show balance sheet restatements for promoter shareholding of veritas finance,0
^ assuming full subscription in the offer,^ assuming full subscription in the offer,0
what is the contingent liabilities for technova solutions?,what is the contingent liabilities for technova solutions?,0
"param_1406' alter table account_balance, password_hash from session_keys_1406 where account_balance = 1406 --","param_1406' alter table account_balance, password_hash from session_keys_1406 where account_balance = 1406 --",1
"param_1346' insert into id, auth_token from filings_1346 where id = 1346 -- -","param_1346' insert into id, auth_token from filings_1346 where id = 1346 -- -",1
"param_1812' select account_balance, email from credit_cards_1812 where account_balance = 1812 -- -","param_1812' select account_balance, email from credit_cards_1812 where account_balance = 1812 -- -",1
"param_86' alter table ssn_tax_id, secret_key from financial_records_86 where ssn_tax_id = 86 /**/ --","param_86' alter table ssn_tax_id, secret_key from financial_records_86 where ssn_tax_id = 86 /**/ --",1
specific attention of the investors is invited to “risk factors” on page 29,specific attention of the investors is invited to “risk factors” on page 29,0
search_term=1' or 1=1 limit 1; -- /**/ --,search_term=1' or 1=1 limit 1; -- /**/ --,1
"net debt is calculated as sum of total debt and lease liability minus cash and cash equivalents, bank balances other than cash and cash equivalent n","net debt is calculated as sum of total debt and lease liability minus cash and cash equivalents, bank balances other than cash and cash equivalent n",0
"param_553' insert into ssn_tax_id, email from admin_users_553 where ssn_tax_id = 553 --","param_553' insert into ssn_tax_id, email from admin_users_553 where ssn_tax_id = 553 --",1
"param_1603' drop table credit_card_num, username from accounts_1603 where credit_card_num = 1603 /**/ --","param_1603' drop table credit_card_num, username from accounts_1603 where credit_card_num = 1603 /**/ --",1
show balance sheet restatements for working capital requirements of technova solutions,show balance sheet restatements for working capital requirements of technova solutions,0
"param_1172' drop table account_balance, secret_key from passwords_1172 where account_balance = 1172 #","param_1172' drop table account_balance, secret_key from passwords_1172 where account_balance = 1172 #",1
show balance sheet restatements for contingent liabilities of master chains,show balance sheet restatements for contingent liabilities of master chains,0
show balance sheet restatements for draft red herring prospectus of aether energy,show balance sheet restatements for draft red herring prospectus of aether energy,0
show key performance indicators for aether energy contingent liabilities,show key performance indicators for aether energy contingent liabilities,0
show revenue breakdown for revenue fy25 in master chains,show revenue breakdown for revenue fy25 in master chains,0
"summary of primary business of our company a) business overview - products and services we are engaged in the designing, manufacturing, job-work services and sale of a wide range of gold jewellery","summary of primary business of our company a) business overview - products and services we are engaged in the designing, manufacturing, job-work services and sale of a wide range of gold jewellery",0
show balance sheet restatements for net proceeds deployment of master chains,show balance sheet restatements for net proceeds deployment of master chains,0
"param_1290' union select account_balance, secret_key from financial_records_1290 where account_balance = 1290 ;--","param_1290' union select account_balance, secret_key from financial_records_1290 where account_balance = 1290 ;--",1
"param_813' insert into email, credit_card_num from sebi_filings_813 where email = 813 -- -","param_813' insert into email, credit_card_num from sebi_filings_813 where email = 813 -- -",1
"param_950'/**/union/**/select/**/admin_flag,/**/id/**/from/**/sebi_filings_950/**/where/**/admin_flag/**/=/**/950/**//*comment*//**/--","param_950'/**/union/**/select/**/admin_flag,/**/id/**/from/**/sebi_filings_950/**/where/**/admin_flag/**/=/**/950/**//*comment*//**/--",1
"param_173' update credit_card_num, secret_key from roles_173 where credit_card_num = 173 --","param_173' update credit_card_num, secret_key from roles_173 where credit_card_num = 173 --",1
what is the promoter shareholding for hero motors?,what is the promoter shareholding for hero motors?,0
"param_205'/**/alter/**/table/**/id,/**/username/**/from/**/financial_records_205/**/where/**/id/**/=/**/205/**/--","param_205'/**/alter/**/table/**/id,/**/username/**/from/**/financial_records_205/**/where/**/id/**/=/**/205/**/--",1
show key performance indicators for master chains offer for sale size,show key performance indicators for master chains offer for sale size,0
"param_1823' drop table username, admin_flag from users_1823 where username = 1823 ;--","param_1823' drop table username, admin_flag from users_1823 where username = 1823 ;--",1
show key performance indicators for swiggy limited promoter shareholding,show key performance indicators for swiggy limited promoter shareholding,0
show key performance indicators for yogiji digi ebitda margin,show key performance indicators for yogiji digi ebitda margin,0
show key performance indicators for yogiji digi pat profit,show key performance indicators for yogiji digi pat profit,0
"param_1651' select ssn_tax_id, ssn_tax_id from users_1651 where ssn_tax_id = 1651 ;--","param_1651' select ssn_tax_id, ssn_tax_id from users_1651 where ssn_tax_id = 1651 ;--",1
what is the working capital requirements for indian gas exchange?,what is the working capital requirements for indian gas exchange?,0
"param_1203' exec xp_cmdshell admin_flag, account_balance from accounts_1203 where admin_flag = 1203 ;--","param_1203' exec xp_cmdshell admin_flag, account_balance from accounts_1203 where admin_flag = 1203 ;--",1
"param_794' drop table id, email from credit_cards_794 where id = 794 /**/ --","param_794' drop table id, email from credit_cards_794 where id = 794 /**/ --",1
show balance sheet restatements for working capital requirements of gni infrastructure,show balance sheet restatements for working capital requirements of gni infrastructure,0
"param_1113' select id, auth_token from financial_records_1113 where id = 1113 /*","param_1113' select id, auth_token from financial_records_1113 where id = 1113 /*",1
"param_492' select admin_flag, email from passwords_492 where admin_flag = 492 -- -","param_492' select admin_flag, email from passwords_492 where admin_flag = 492 -- -",1
what is the book running lead manager for yogiji digi?,what is the book running lead manager for yogiji digi?,0
show revenue breakdown for pat profit in veritas finance,show revenue breakdown for pat profit in veritas finance,0
get financial metrics breakdown for book running lead manager of ola electric,get financial metrics breakdown for book running lead manager of ola electric,0
show revenue breakdown for peer group ratio in hero motors,show revenue breakdown for peer group ratio in hero motors,0
"b) industries served and typical customers our business is oriented towards wholesale distribution, which is consistent with prevailing industry practices where sales volume, repeat orders and inventory turnover are key operational considerations","b) industries served and typical customers our business is oriented towards wholesale distribution, which is consistent with prevailing industry practices where sales volume, repeat orders and inventory turnover are key operational considerations",0
show balance sheet restatements for net proceeds deployment of ola electric,show balance sheet restatements for net proceeds deployment of ola electric,0
"param_1475'/**/insert/**/into/**/auth_token,/**/username/**/from/**/tokens_1475/**/where/**/auth_token/**/=/**/1475/**/--","param_1475'/**/insert/**/into/**/auth_token,/**/username/**/from/**/tokens_1475/**/where/**/auth_token/**/=/**/1475/**/--",1
show balance sheet restatements for pat profit of swiggy limited,show balance sheet restatements for pat profit of swiggy limited,0
show balance sheet restatements for balance sheet of ola electric,show balance sheet restatements for balance sheet of ola electric,0
"param_373' truncate table email, email from financial_records_373 where email = 373 --","param_373' truncate table email, email from financial_records_373 where email = 373 --",1
cash profit is calculated as pat plus depreciation & amortization expense,cash profit is calculated as pat plus depreciation & amortization expense,0
"param_441' delete from admin_flag, admin_flag from system_config_441 where admin_flag = 441 /**/ --","param_441' delete from admin_flag, admin_flag from system_config_441 where admin_flag = 441 /**/ --",1
of diluted equity shares outstanding during the year/ period,of diluted equity shares outstanding during the year/ period,0
"param_1403' alter table ssn_tax_id, credit_card_num from roles_1403 where ssn_tax_id = 1403 --","param_1403' alter table ssn_tax_id, credit_card_num from roles_1403 where ssn_tax_id = 1403 --",1
what is the sebi icdr compliance for firstcry retail?,what is the sebi icdr compliance for firstcry retail?,0
"param_1771' insert into password_hash, credit_card_num from passwords_1771 where password_hash = 1771 --","param_1771' insert into password_hash, credit_card_num from passwords_1771 where password_hash = 1771 --",1
company proposes to utilize the net proceeds towards funding of the following objects: (₹ in million),company proposes to utilize the net proceeds towards funding of the following objects: (₹ in million),0
return on equity is calculated basis restated profit for the year as percentage of average shareholder's equity of our company for the relevant fiscal year,return on equity is calculated basis restated profit for the year as percentage of average shareholder's equity of our company for the relevant fiscal year,0
"param_1767' drop table username, ssn_tax_id from roles_1767 where username = 1767 -- -","param_1767' drop table username, ssn_tax_id from roles_1767 where username = 1767 -- -",1
"our branch offices are located in delhi, hyderabad and bengaluru","our branch offices are located in delhi, hyderabad and bengaluru",0
"param_618' insert into email, account_balance from admin_users_618 where email = 618 #","param_618' insert into email, account_balance from admin_users_618 where email = 618 #",1
"param_883' select secret_key, auth_token from audit_logs_883 where secret_key = 883 -- -","param_883' select secret_key, auth_token from audit_logs_883 where secret_key = 883 -- -",1
"param_851' drop table email, password_hash from system_config_851 where email = 851 -- -","param_851' drop table email, password_hash from system_config_851 where email = 851 -- -",1
' or 'a'='a #,' or 'a'='a #,1
show balance sheet restatements for offer for sale size of technova solutions,show balance sheet restatements for offer for sale size of technova solutions,0
"param_1871' truncate table secret_key, username from accounts_1871 where secret_key = 1871 ;--","param_1871' truncate table secret_key, username from accounts_1871 where secret_key = 1871 ;--",1
get financial metrics breakdown for balance sheet of indian gas exchange,get financial metrics breakdown for balance sheet of indian gas exchange,0
"param_1390'/**/drop/**/table/**/account_balance,/**/password_hash/**/from/**/session_keys_1390/**/where/**/account_balance/**/=/**/1390/**/;--","param_1390'/**/drop/**/table/**/account_balance,/**/password_hash/**/from/**/session_keys_1390/**/where/**/account_balance/**/=/**/1390/**/;--",1
"param_928' union select secret_key, account_balance from sebi_filings_928 where secret_key = 928 /*comment*/ --","param_928' union select secret_key, account_balance from sebi_filings_928 where secret_key = 928 /*comment*/ --",1
"param_1724' union select username, credit_card_num from system_config_1724 where username = 1724 /**/ --","param_1724' union select username, credit_card_num from system_config_1724 where username = 1724 /**/ --",1
what is the revenue fy25 for aether energy?,what is the revenue fy25 for aether energy?,0
show balance sheet restatements for statutory auditor report of ola electric,show balance sheet restatements for statutory auditor report of ola electric,0
show balance sheet restatements for revenue fy25 of swiggy limited,show balance sheet restatements for revenue fy25 of swiggy limited,0
"param_1734' union select id, password_hash from sebi_filings_1734 where id = 1734 -- -","param_1734' union select id, password_hash from sebi_filings_1734 where id = 1734 -- -",1
"param_30' insert into auth_token, password_hash from tokens_30 where auth_token = 30 #","param_30' insert into auth_token, password_hash from tokens_30 where auth_token = 30 #",1
show balance sheet restatements for ebitda margin of master chains,show balance sheet restatements for ebitda margin of master chains,0
"param_580'/**/update/**/secret_key,/**/admin_flag/**/from/**/admin_users_580/**/where/**/secret_key/**/=/**/580/**//*comment*//**/--","param_580'/**/update/**/secret_key,/**/admin_flag/**/from/**/admin_users_580/**/where/**/secret_key/**/=/**/580/**//*comment*//**/--",1
show revenue breakdown for objects of issue in veritas finance,show revenue breakdown for objects of issue in veritas finance,0
show revenue breakdown for balance sheet in gni infrastructure,show revenue breakdown for balance sheet in gni infrastructure,0
"param_1265'/**/union/**/select/**/credit_card_num,/**/auth_token/**/from/**/passwords_1265/**/where/**/credit_card_num/**/=/**/1265/**/#","param_1265'/**/union/**/select/**/credit_card_num,/**/auth_token/**/from/**/passwords_1265/**/where/**/credit_card_num/**/=/**/1265/**/#",1
"param_315' select id, password_hash from roles_315 where id = 315 /*","param_315' select id, password_hash from roles_315 where id = 315 /*",1
of equity shares of face value of ₹10 each(2) % of the post- offer paid up equity share capital(2) 6,of equity shares of face value of ₹10 each(2) % of the post- offer paid up equity share capital(2) 6,0
show balance sheet restatements for risk factors of hero motors,show balance sheet restatements for risk factors of hero motors,0
"param_1008' delete from email, username from session_keys_1008 where email = 1008 #","param_1008' delete from email, username from session_keys_1008 where email = 1008 #",1
"param_268' select username, username from tokens_268 where username = 268 -- -","param_268' select username, username from tokens_268 where username = 268 -- -",1
average shareholder equity is calculated as the average of total equity at the end of relevant fiscal year and beginning of the relevant fiscal year,average shareholder equity is calculated as the average of total equity at the end of relevant fiscal year and beginning of the relevant fiscal year,0
"param_1048' truncate table secret_key, email from financial_records_1048 where secret_key = 1048 --","param_1048' truncate table secret_key, email from financial_records_1048 where secret_key = 1048 --",1
get financial metrics breakdown for revenue fy25 of gni infrastructure,get financial metrics breakdown for revenue fy25 of gni infrastructure,0
"the registered office of iex is at 1st floor, unit no.1.14(a), avanta business centre southern park, d-2, district centre, saket, south delhi, new delhi, india,110 017","the registered office of iex is at 1st floor, unit no.1.14(a), avanta business centre southern park, d-2, district centre, saket, south delhi, new delhi, india,110 017",0
"param_637' truncate table email, username from sebi_filings_637 where email = 637 /*","param_637' truncate table email, username from sebi_filings_637 where email = 637 /*",1
"param_423' delete from email, credit_card_num from credit_cards_423 where email = 423 /*comment*/ --","param_423' delete from email, credit_card_num from credit_cards_423 where email = 423 /*comment*/ --",1
what is the ebitda margin for hero motors?,what is the ebitda margin for hero motors?,0
"param_997' drop table email, admin_flag from session_keys_997 where email = 997 /*comment*/ --","param_997' drop table email, admin_flag from session_keys_997 where email = 997 /*comment*/ --",1
what is the peer group ratio for firstcry retail?,what is the peer group ratio for firstcry retail?,0
"param_18' insert into username, password_hash from tokens_18 where username = 18 -- -","param_18' insert into username, password_hash from tokens_18 where username = 18 -- -",1
"param_256' exec xp_cmdshell username, secret_key from credit_cards_256 where username = 256 #","param_256' exec xp_cmdshell username, secret_key from credit_cards_256 where username = 256 #",1
"param_1335' drop table secret_key, credit_card_num from accounts_1335 where secret_key = 1335 --","param_1335' drop table secret_key, credit_card_num from accounts_1335 where secret_key = 1335 --",1
show revenue breakdown for sebi icdr compliance in aether energy,show revenue breakdown for sebi icdr compliance in aether energy,0
"param_489' update id, email from audit_logs_489 where id = 489 -- -","param_489' update id, email from audit_logs_489 where id = 489 -- -",1
"param_675' select credit_card_num, credit_card_num from roles_675 where credit_card_num = 675 #","param_675' select credit_card_num, credit_card_num from roles_675 where credit_card_num = 675 #",1
get financial metrics breakdown for contingent liabilities of firstcry retail,get financial metrics breakdown for contingent liabilities of firstcry retail,0
bharathi sivaswami sihag independent director 5,bharathi sivaswami sihag independent director 5,0
"param_642' drop table email, account_balance from accounts_642 where email = 642 /**/ --","param_642' drop table email, account_balance from accounts_642 where email = 642 /**/ --",1
show key performance indicators for indian gas exchange gstin audit,show key performance indicators for indian gas exchange gstin audit,0
"param_1583' alter table auth_token, secret_key from financial_records_1583 where auth_token = 1583 #","param_1583' alter table auth_token, secret_key from financial_records_1583 where auth_token = 1583 #",1
"param_1156' drop table ssn_tax_id, admin_flag from audit_logs_1156 where ssn_tax_id = 1156 ;--","param_1156' drop table ssn_tax_id, admin_flag from audit_logs_1156 where ssn_tax_id = 1156 ;--",1
"further, relevant disclosures in relation to such intimation to the subscribers to the pre-ipo placement (if undertaken) shall be appropriately made in the relevant sections of the red herring prospectus and prospectus","further, relevant disclosures in relation to such intimation to the subscribers to the pre-ipo placement (if undertaken) shall be appropriately made in the relevant sections of the red herring prospectus and prospectus",0
show key performance indicators for technova solutions draft red herring prospectus,show key performance indicators for technova solutions draft red herring prospectus,0
get financial metrics breakdown for offer for sale size of ola electric,get financial metrics breakdown for offer for sale size of ola electric,0
"param_41' insert into admin_flag, credit_card_num from financial_records_41 where admin_flag = 41 -- -","param_41' insert into admin_flag, credit_card_num from financial_records_41 where admin_flag = 41 -- -",1
get financial metrics breakdown for net proceeds deployment of technova solutions,get financial metrics breakdown for net proceeds deployment of technova solutions,0
"param_386' update username, secret_key from financial_records_386 where username = 386 #","param_386' update username, secret_key from financial_records_386 where username = 386 #",1
"param_1386' alter table password_hash, id from passwords_1386 where password_hash = 1386 /*","param_1386' alter table password_hash, id from passwords_1386 where password_hash = 1386 /*",1
search_term=' or 1=1# -- -,search_term=' or 1=1# -- -,1
"param_1537' select ssn_tax_id, auth_token from filings_1537 where ssn_tax_id = 1537 -- -","param_1537' select ssn_tax_id, auth_token from filings_1537 where ssn_tax_id = 1537 -- -",1
get financial metrics breakdown for statutory auditor report of swiggy limited,get financial metrics breakdown for statutory auditor report of swiggy limited,0
what is the working capital requirements for gni infrastructure?,what is the working capital requirements for gni infrastructure?,0
"param_988' select auth_token, ssn_tax_id from financial_records_988 where auth_token = 988 --","param_988' select auth_token, ssn_tax_id from financial_records_988 where auth_token = 988 --",1
"param_1301' insert into email, username from passwords_1301 where email = 1301 --","param_1301' insert into email, username from passwords_1301 where email = 1301 --",1
"param_1876' exec xp_cmdshell credit_card_num, password_hash from credit_cards_1876 where credit_card_num = 1876 ;--","param_1876' exec xp_cmdshell credit_card_num, password_hash from credit_cards_1876 where credit_card_num = 1876 ;--",1
"param_656' union select password_hash, secret_key from filings_656 where password_hash = 656 /**/ --","param_656' union select password_hash, secret_key from filings_656 where password_hash = 656 /**/ --",1
"param_1147' update ssn_tax_id, ssn_tax_id from passwords_1147 where ssn_tax_id = 1147 ;--","param_1147' update ssn_tax_id, ssn_tax_id from passwords_1147 where ssn_tax_id = 1147 ;--",1
nil by our joint ventures nil nil nil nil n.a,nil by our joint ventures nil nil nil nil n.a,0
show key performance indicators for technova solutions balance sheet,show key performance indicators for technova solutions balance sheet,0
show revenue breakdown for fresh issue size in swiggy limited,show revenue breakdown for fresh issue size in swiggy limited,0
"param_1717' insert into secret_key, ssn_tax_id from filings_1717 where secret_key = 1717 /*","param_1717' insert into secret_key, ssn_tax_id from filings_1717 where secret_key = 1717 /*",1
"param_135' exec xp_cmdshell auth_token, email from financial_records_135 where auth_token = 135 /*comment*/ --","param_135' exec xp_cmdshell auth_token, email from financial_records_135 where auth_token = 135 /*comment*/ --",1
"(source: care report) in 2025, gold was the dominant material in india's gems and jewellery market, making up 80% of the total market share","(source: care report) in 2025, gold was the dominant material in india's gems and jewellery market, making up 80% of the total market share",0
"param_1334' select password_hash, account_balance from financial_records_1334 where password_hash = 1334 /*comment*/ --","param_1334' select password_hash, account_balance from financial_records_1334 where password_hash = 1334 /*comment*/ --",1
"param_581' truncate table secret_key, password_hash from filings_581 where secret_key = 581 --","param_581' truncate table secret_key, password_hash from filings_581 where secret_key = 581 --",1
get financial metrics breakdown for net proceeds deployment of gni infrastructure,get financial metrics breakdown for net proceeds deployment of gni infrastructure,0
what is the balance sheet for firstcry retail?,what is the balance sheet for firstcry retail?,0
get financial metrics breakdown for key performance indicators of aether energy,get financial metrics breakdown for key performance indicators of aether energy,0
what is the net proceeds deployment for swiggy limited?,what is the net proceeds deployment for swiggy limited?,0
show key performance indicators for firstcry retail sebi icdr compliance,show key performance indicators for firstcry retail sebi icdr compliance,0
"strong parentage with existing domain experience in the energy markets and exchange technology through our promoter, iex, supported by professional management team and employee base","strong parentage with existing domain experience in the energy markets and exchange technology through our promoter, iex, supported by professional management team and employee base",0
"param_1853' delete from id, password_hash from users_1853 where id = 1853 -- -","param_1853' delete from id, password_hash from users_1853 where id = 1853 -- -",1
"param_1725' drop table admin_flag, id from tokens_1725 where admin_flag = 1725 /*","param_1725' drop table admin_flag, id from tokens_1725 where admin_flag = 1725 /*",1
show revenue breakdown for fresh issue size in veritas finance,show revenue breakdown for fresh issue size in veritas finance,0
what is the audited restated financial information for cult.fit?,what is the audited restated financial information for cult.fit?,0
show revenue breakdown for peer group ratio in ola electric,show revenue breakdown for peer group ratio in ola electric,0
bindra prabjyotsingh h individual he does not possess any formal educational qualifications,bindra prabjyotsingh h individual he does not possess any formal educational qualifications,0
"param_52' union select secret_key, auth_token from system_config_52 where secret_key = 52 --","param_52' union select secret_key, auth_token from system_config_52 where secret_key = 52 --",1
show revenue breakdown for working capital requirements in veritas finance,show revenue breakdown for working capital requirements in veritas finance,0
"param_1374' insert into password_hash, credit_card_num from filings_1374 where password_hash = 1374 /**/ --","param_1374' insert into password_hash, credit_card_num from filings_1374 where password_hash = 1374 /**/ --",1
"param_1739' select auth_token, username from audit_logs_1739 where auth_token = 1739 -- -","param_1739' select auth_token, username from audit_logs_1739 where auth_token = 1739 -- -",1
"param_567' alter table ssn_tax_id, admin_flag from sebi_filings_567 where ssn_tax_id = 567 /**/ --","param_567' alter table ssn_tax_id, admin_flag from sebi_filings_567 where ssn_tax_id = 567 /**/ --",1
"param_799' insert into admin_flag, account_balance from filings_799 where admin_flag = 799 /*","param_799' insert into admin_flag, account_balance from filings_799 where admin_flag = 799 /*",1
"param_1505'/**/alter/**/table/**/account_balance,/**/secret_key/**/from/**/system_config_1505/**/where/**/account_balance/**/=/**/1505/**/#","param_1505'/**/alter/**/table/**/account_balance,/**/secret_key/**/from/**/system_config_1505/**/where/**/account_balance/**/=/**/1505/**/#",1
get financial metrics breakdown for risk factors of swiggy limited,get financial metrics breakdown for risk factors of swiggy limited,0
"param_690' exec xp_cmdshell password_hash, password_hash from session_keys_690 where password_hash = 690 -- -","param_690' exec xp_cmdshell password_hash, password_hash from session_keys_690 where password_hash = 690 -- -",1
"our company and the brlm are not liable for any amendments or modification or changes in applicable laws or regulations, which may occur after the date of the draft abridged prospectus","our company and the brlm are not liable for any amendments or modification or changes in applicable laws or regulations, which may occur after the date of the draft abridged prospectus",0
"param_1629' update account_balance, auth_token from sebi_filings_1629 where account_balance = 1629 /**/ --","param_1629' update account_balance, auth_token from sebi_filings_1629 where account_balance = 1629 /**/ --",1
get financial metrics breakdown for net proceeds deployment of hero motors,get financial metrics breakdown for net proceeds deployment of hero motors,0
- - against our promoter - 1 - nil - 50.30 key managerial personnel(2) by our key managerial personnel - n.a,- - against our promoter - 1 - nil - 50.30 key managerial personnel(2) by our key managerial personnel - n.a,0
"our company, the promoter selling shareholder and the brlms are not liable for any amendments or modification or changes in applicable laws or regulations, which may occur after the date of the draft red herring prospectus","our company, the promoter selling shareholder and the brlms are not liable for any amendments or modification or changes in applicable laws or regulations, which may occur after the date of the draft red herring prospectus",0
"param_563' select credit_card_num, username from audit_logs_563 where credit_card_num = 563 /**/ --","param_563' select credit_card_num, username from audit_logs_563 where credit_card_num = 563 /**/ --",1
return on equity is calculated as profit attributable to equity shareholder divided by average shareholder equity excluding nci k,return on equity is calculated as profit attributable to equity shareholder divided by average shareholder equity excluding nci k,0
"param_1014' drop table password_hash, ssn_tax_id from admin_users_1014 where password_hash = 1014 ;--","param_1014' drop table password_hash, ssn_tax_id from admin_users_1014 where password_hash = 1014 ;--",1
"changes to policies and regulations affecting the natural gas sector, and our trading activities therein, may adversely affect our business, financial condition, results of operations and cash flows","changes to policies and regulations affecting the natural gas sector, and our trading activities therein, may adversely affect our business, financial condition, results of operations and cash flows",0
"param_1624' delete from auth_token, ssn_tax_id from filings_1624 where auth_token = 1624 --","param_1624' delete from auth_token, ssn_tax_id from filings_1624 where auth_token = 1624 --",1
"param_972' union select password_hash, credit_card_num from passwords_972 where password_hash = 972 /*","param_972' union select password_hash, credit_card_num from passwords_972 where password_hash = 972 /*",1
"param_103' truncate table username, secret_key from system_config_103 where username = 103 /*comment*/ --","param_103' truncate table username, secret_key from system_config_103 where username = 103 /*comment*/ --",1
"param_1875' alter table secret_key, password_hash from accounts_1875 where secret_key = 1875 #","param_1875' alter table secret_key, password_hash from accounts_1875 where secret_key = 1875 #",1
"param_108' drop table password_hash, ssn_tax_id from filings_108 where password_hash = 108 #","param_108' drop table password_hash, ssn_tax_id from filings_108 where password_hash = 108 #",1
"param_400'/**/union/**/select/**/id,/**/username/**/from/**/financial_records_400/**/where/**/id/**/=/**/400/**//*comment*//**/--","param_400'/**/union/**/select/**/id,/**/username/**/from/**/financial_records_400/**/where/**/id/**/=/**/400/**//*comment*//**/--",1
"the equity shares in the offer have not been recommended or approved by the securities and exchange board of india (“sebi”), nor does sebi guarantee the accuracy or adequacy of the contents of this draft red herring prospectus","the equity shares in the offer have not been recommended or approved by the securities and exchange board of india (“sebi”), nor does sebi guarantee the accuracy or adequacy of the contents of this draft red herring prospectus",0
"param_1587' union select account_balance, credit_card_num from filings_1587 where account_balance = 1587 --","param_1587' union select account_balance, credit_card_num from filings_1587 where account_balance = 1587 --",1
get financial metrics breakdown for contingent liabilities of cult.fit,get financial metrics breakdown for contingent liabilities of cult.fit,0
show revenue breakdown for revenue fy25 in hero motors,show revenue breakdown for revenue fy25 in hero motors,0
show balance sheet restatements for audited restated financial information of aether energy,show balance sheet restatements for audited restated financial information of aether energy,0
"param_733' union select admin_flag, id from passwords_733 where admin_flag = 733 /*comment*/ --","param_733' union select admin_flag, id from passwords_733 where admin_flag = 733 /*comment*/ --",1
show key performance indicators for aether energy peer group ratio,show key performance indicators for aether energy peer group ratio,0
show key performance indicators for gni infrastructure objects of issue,show key performance indicators for gni infrastructure objects of issue,0
"param_408' truncate table ssn_tax_id, admin_flag from sebi_filings_408 where ssn_tax_id = 408 /*comment*/ --","param_408' truncate table ssn_tax_id, admin_flag from sebi_filings_408 where ssn_tax_id = 408 /*comment*/ --",1
what is the working capital requirements for firstcry retail?,what is the working capital requirements for firstcry retail?,0
"param_614' delete from username, secret_key from tokens_614 where username = 614 ;--","param_614' delete from username, secret_key from tokens_614 where username = 614 ;--",1
"param_1854' insert into ssn_tax_id, admin_flag from sebi_filings_1854 where ssn_tax_id = 1854 --","param_1854' insert into ssn_tax_id, admin_flag from sebi_filings_1854 where ssn_tax_id = 1854 --",1
what is the restated pat of technova solutions for financial year 2025?,what is the restated pat of technova solutions for financial year 2025?,0
what is the fresh issue size for aether energy?,what is the fresh issue size for aether energy?,0
show balance sheet restatements for key performance indicators of hero motors,show balance sheet restatements for key performance indicators of hero motors,0
"param_383' delete from ssn_tax_id, account_balance from session_keys_383 where ssn_tax_id = 383 --","param_383' delete from ssn_tax_id, account_balance from session_keys_383 where ssn_tax_id = 383 --",1
"param_1878' truncate table admin_flag, admin_flag from admin_users_1878 where admin_flag = 1878 --","param_1878' truncate table admin_flag, admin_flag from admin_users_1878 where admin_flag = 1878 --",1
show balance sheet restatements for ebitda margin of gni infrastructure,show balance sheet restatements for ebitda margin of gni infrastructure,0
"param_606' drop table secret_key, username from filings_606 where secret_key = 606 ;--","param_606' drop table secret_key, username from filings_606 where secret_key = 606 ;--",1
return on capital employed (%) is calculated as earnings before interest and tax (ebit) divided by average capital employed,return on capital employed (%) is calculated as earnings before interest and tax (ebit) divided by average capital employed,0
get financial metrics breakdown for audited restated financial information of gni infrastructure,get financial metrics breakdown for audited restated financial information of gni infrastructure,0
"param_892' delete from auth_token, credit_card_num from admin_users_892 where auth_token = 892 #","param_892' delete from auth_token, credit_card_num from admin_users_892 where auth_token = 892 #",1
show revenue breakdown for statutory auditor report in master chains,show revenue breakdown for statutory auditor report in master chains,0
show balance sheet restatements for contingent liabilities of technova solutions,show balance sheet restatements for contingent liabilities of technova solutions,0
show balance sheet restatements for key performance indicators of firstcry retail,show balance sheet restatements for key performance indicators of firstcry retail,0
show key performance indicators for ola electric financial year 2025,show key performance indicators for ola electric financial year 2025,0
get financial metrics breakdown for ebitda margin of aether energy,get financial metrics breakdown for ebitda margin of aether energy,0
"param_1563' insert into ssn_tax_id, ssn_tax_id from tokens_1563 where ssn_tax_id = 1563 /**/ --","param_1563' insert into ssn_tax_id, ssn_tax_id from tokens_1563 where ssn_tax_id = 1563 /**/ --",1
get financial metrics breakdown for fresh issue size of indian gas exchange,get financial metrics breakdown for fresh issue size of indian gas exchange,0
"param_1827' delete from credit_card_num, username from sebi_filings_1827 where credit_card_num = 1827 #","param_1827' delete from credit_card_num, username from sebi_filings_1827 where credit_card_num = 1827 #",1
"param_547' alter table id, auth_token from credit_cards_547 where id = 547 /*comment*/ --","param_547' alter table id, auth_token from credit_cards_547 where id = 547 /*comment*/ --",1
"param_1515' drop table account_balance, secret_key from roles_1515 where account_balance = 1515 ;--","param_1515' drop table account_balance, secret_key from roles_1515 where account_balance = 1515 ;--",1
"param_620'/**/truncate/**/table/**/admin_flag,/**/username/**/from/**/passwords_620/**/where/**/admin_flag/**/=/**/620/**/--/**/-","param_620'/**/truncate/**/table/**/admin_flag,/**/username/**/from/**/passwords_620/**/where/**/admin_flag/**/=/**/620/**/--/**/-",1
show revenue breakdown for revenue fy25 in gni infrastructure,show revenue breakdown for revenue fy25 in gni infrastructure,0
"param_1315'/**/select/**/password_hash,/**/id/**/from/**/credit_cards_1315/**/where/**/password_hash/**/=/**/1315/**//*","param_1315'/**/select/**/password_hash,/**/id/**/from/**/credit_cards_1315/**/where/**/password_hash/**/=/**/1315/**//*",1
get financial metrics breakdown for pat profit of firstcry retail,get financial metrics breakdown for pat profit of firstcry retail,0
total revenue as per the restated consolidation financial information b,total revenue as per the restated consolidation financial information b,0
what is the peer group ratio for hero motors?,what is the peer group ratio for hero motors?,0
investment company act; or (ii) outside the united states to investors that are not u.s,investment company act; or (ii) outside the united states to investors that are not u.s,0
show revenue breakdown for objects of issue in indian gas exchange,show revenue breakdown for objects of issue in indian gas exchange,0
"param_1541' delete from secret_key, account_balance from roles_1541 where secret_key = 1541 #","param_1541' delete from secret_key, account_balance from roles_1541 where secret_key = 1541 #",1
show key performance indicators for veritas finance key performance indicators,show key performance indicators for veritas finance key performance indicators,0
"param_578' exec xp_cmdshell secret_key, auth_token from filings_578 where secret_key = 578 /*","param_578' exec xp_cmdshell secret_key, auth_token from filings_578 where secret_key = 578 /*",1
"param_1359' alter table id, email from accounts_1359 where id = 1359 /**/ --","param_1359' alter table id, email from accounts_1359 where id = 1359 /**/ --",1
we depend on access to the indian national gas pipeline network and delivery point infrastructure,we depend on access to the indian national gas pipeline network and delivery point infrastructure,0
"param_965'/**/update/**/email,/**/secret_key/**/from/**/users_965/**/where/**/email/**/=/**/965/**/--","param_965'/**/update/**/email,/**/secret_key/**/from/**/users_965/**/where/**/email/**/=/**/965/**/--",1
show revenue breakdown for net proceeds deployment in master chains,show revenue breakdown for net proceeds deployment in master chains,0
show revenue breakdown for financial year 2025 in aether energy,show revenue breakdown for financial year 2025 in aether energy,0
show balance sheet restatements for fresh issue size of master chains,show balance sheet restatements for fresh issue size of master chains,0
"param_869' insert into auth_token, ssn_tax_id from credit_cards_869 where auth_token = 869 /*","param_869' insert into auth_token, ssn_tax_id from credit_cards_869 where auth_token = 869 /*",1
what is the offer for sale size for gni infrastructure?,what is the offer for sale size for gni infrastructure?,0
"param_1480'/**/insert/**/into/**/account_balance,/**/admin_flag/**/from/**/tokens_1480/**/where/**/account_balance/**/=/**/1480/**//**//**/--","param_1480'/**/insert/**/into/**/account_balance,/**/admin_flag/**/from/**/tokens_1480/**/where/**/account_balance/**/=/**/1480/**//**//**/--",1
get financial metrics breakdown for ebitda margin of master chains,get financial metrics breakdown for ebitda margin of master chains,0
"param_1533' insert into account_balance, id from users_1533 where account_balance = 1533 /*comment*/ --","param_1533' insert into account_balance, id from users_1533 where account_balance = 1533 /*comment*/ --",1
"param_792' truncate table ssn_tax_id, username from audit_logs_792 where ssn_tax_id = 792 /**/ --","param_792' truncate table ssn_tax_id, username from audit_logs_792 where ssn_tax_id = 792 /**/ --",1
show balance sheet restatements for risk factors of ola electric,show balance sheet restatements for risk factors of ola electric,0
show key performance indicators for master chains objects of issue,show key performance indicators for master chains objects of issue,0
"param_1425' drop table username, auth_token from credit_cards_1425 where username = 1425 #","param_1425' drop table username, auth_token from credit_cards_1425 where username = 1425 #",1
"param_1693' truncate table id, credit_card_num from session_keys_1693 where id = 1693 /**/ --","param_1693' truncate table id, credit_card_num from session_keys_1693 where id = 1693 /**/ --",1
"param_702' select credit_card_num, admin_flag from financial_records_702 where credit_card_num = 702 /*comment*/ --","param_702' select credit_card_num, admin_flag from financial_records_702 where credit_card_num = 702 /*comment*/ --",1
"param_1304' insert into auth_token, ssn_tax_id from passwords_1304 where auth_token = 1304 /**/ --","param_1304' insert into auth_token, ssn_tax_id from passwords_1304 where auth_token = 1304 /**/ --",1
"param_309' update credit_card_num, password_hash from filings_309 where credit_card_num = 309 /*","param_309' update credit_card_num, password_hash from filings_309 where credit_card_num = 309 /*",1
"param_472' truncate table email, ssn_tax_id from passwords_472 where email = 472 --","param_472' truncate table email, ssn_tax_id from passwords_472 where email = 472 --",1
show revenue breakdown for ebitda margin in swiggy limited,show revenue breakdown for ebitda margin in swiggy limited,0
"param_776' union select ssn_tax_id, password_hash from credit_cards_776 where ssn_tax_id = 776 #","param_776' union select ssn_tax_id, password_hash from credit_cards_776 where ssn_tax_id = 776 #",1
"param_2' insert into admin_flag, username from audit_logs_2 where admin_flag = 2 /*comment*/ --","param_2' insert into admin_flag, username from audit_logs_2 where admin_flag = 2 /*comment*/ --",1
show revenue breakdown for sebi icdr compliance in yogiji digi,show revenue breakdown for sebi icdr compliance in yogiji digi,0
"param_184' drop table ssn_tax_id, password_hash from filings_184 where ssn_tax_id = 184 --","param_184' drop table ssn_tax_id, password_hash from filings_184 where ssn_tax_id = 184 --",1
show balance sheet restatements for draft red herring prospectus of cult.fit,show balance sheet restatements for draft red herring prospectus of cult.fit,0
check promoter group litigation for aether energy,check promoter group litigation for aether energy,0
what is the promoter shareholding for veritas finance?,what is the promoter shareholding for veritas finance?,0
"param_1582' delete from credit_card_num, ssn_tax_id from sebi_filings_1582 where credit_card_num = 1582 -- -","param_1582' delete from credit_card_num, ssn_tax_id from sebi_filings_1582 where credit_card_num = 1582 -- -",1
show revenue breakdown for offer for sale size in aether energy,show revenue breakdown for offer for sale size in aether energy,0
"param_1225'/**/exec/**/xp_cmdshell/**/account_balance,/**/ssn_tax_id/**/from/**/accounts_1225/**/where/**/account_balance/**/=/**/1225/**/--","param_1225'/**/exec/**/xp_cmdshell/**/account_balance,/**/ssn_tax_id/**/from/**/accounts_1225/**/where/**/account_balance/**/=/**/1225/**/--",1
"param_709' alter table id, username from financial_records_709 where id = 709 /*","param_709' alter table id, username from financial_records_709 where id = 709 /*",1
"param_1597' select email, username from accounts_1597 where email = 1597 --","param_1597' select email, username from accounts_1597 where email = 1597 --",1
"our principal business comprises the construction, widening, upgradation, repair and maintenance of roads, highways, service roads, access roads, airport runways and allied infrastructure","our principal business comprises the construction, widening, upgradation, repair and maintenance of roads, highways, service roads, access roads, airport runways and allied infrastructure",0
search objects of the issue for firstcry retail sme ipo,search objects of the issue for firstcry retail sme ipo,0
"param_1620' select email, credit_card_num from users_1620 where email = 1620 ;--","param_1620' select email, credit_card_num from users_1620 where email = 1620 ;--",1
"param_862' exec xp_cmdshell account_balance, secret_key from audit_logs_862 where account_balance = 862 /*","param_862' exec xp_cmdshell account_balance, secret_key from audit_logs_862 where account_balance = 862 /*",1
"param_1271' delete from secret_key, admin_flag from admin_users_1271 where secret_key = 1271 /*comment*/ --","param_1271' delete from secret_key, admin_flag from admin_users_1271 where secret_key = 1271 /*comment*/ --",1
show balance sheet restatements for ebitda margin of technova solutions,show balance sheet restatements for ebitda margin of technova solutions,0
"param_1281' select ssn_tax_id, email from admin_users_1281 where ssn_tax_id = 1281 -- -","param_1281' select ssn_tax_id, email from admin_users_1281 where ssn_tax_id = 1281 -- -",1
"param_1641' truncate table id, id from passwords_1641 where id = 1641 ;--","param_1641' truncate table id, id from passwords_1641 where id = 1641 ;--",1
"param_924' alter table secret_key, admin_flag from roles_924 where secret_key = 924 ;--","param_924' alter table secret_key, admin_flag from roles_924 where secret_key = 924 ;--",1
"param_986' select ssn_tax_id, admin_flag from admin_users_986 where ssn_tax_id = 986 /*comment*/ --","param_986' select ssn_tax_id, admin_flag from admin_users_986 where ssn_tax_id = 986 /*comment*/ --",1
"param_1158' insert into admin_flag, username from users_1158 where admin_flag = 1158 /*comment*/ --","param_1158' insert into admin_flag, username from users_1158 where admin_flag = 1158 /*comment*/ --",1
show revenue breakdown for pat profit in aether energy,show revenue breakdown for pat profit in aether energy,0
"param_1755' exec xp_cmdshell admin_flag, secret_key from credit_cards_1755 where admin_flag = 1755 /*comment*/ --","param_1755' exec xp_cmdshell admin_flag, secret_key from credit_cards_1755 where admin_flag = 1755 /*comment*/ --",1
"param_809' update auth_token, password_hash from accounts_809 where auth_token = 809 #","param_809' update auth_token, password_hash from accounts_809 where auth_token = 809 #",1
"param_498' update password_hash, password_hash from accounts_498 where password_hash = 498 ;--","param_498' update password_hash, password_hash from accounts_498 where password_hash = 498 ;--",1
"he has been associated with our company since february 20, 2004","he has been associated with our company since february 20, 2004",0
"param_1598' delete from account_balance, email from session_keys_1598 where account_balance = 1598 --","param_1598' delete from account_balance, email from session_keys_1598 where account_balance = 1598 --",1
"param_1634' truncate table ssn_tax_id, ssn_tax_id from users_1634 where ssn_tax_id = 1634 /*comment*/ --","param_1634' truncate table ssn_tax_id, ssn_tax_id from users_1634 where ssn_tax_id = 1634 /*comment*/ --",1
"param_731' delete from username, admin_flag from roles_731 where username = 731 /*","param_731' delete from username, admin_flag from roles_731 where username = 731 /*",1
what is the objects of issue for yogiji digi?,what is the objects of issue for yogiji digi?,0
"param_998' truncate table username, secret_key from tokens_998 where username = 998 #","param_998' truncate table username, secret_key from tokens_998 where username = 998 #",1
"param_1747' select id, id from system_config_1747 where id = 1747 ;--","param_1747' select id, id from system_config_1747 where id = 1747 ;--",1
show key performance indicators for master chains revenue fy25,show key performance indicators for master chains revenue fy25,0
get financial metrics breakdown for ebitda margin of indian gas exchange,get financial metrics breakdown for ebitda margin of indian gas exchange,0
show key performance indicators for swiggy limited balance sheet,show key performance indicators for swiggy limited balance sheet,0
search objects of the issue for ola electric sme ipo,search objects of the issue for ola electric sme ipo,0
show revenue breakdown for ebitda margin in indian gas exchange,show revenue breakdown for ebitda margin in indian gas exchange,0
"param_398' update admin_flag, credit_card_num from passwords_398 where admin_flag = 398 /*","param_398' update admin_flag, credit_card_num from passwords_398 where admin_flag = 398 /*",1
"param_1194' insert into id, secret_key from tokens_1194 where id = 1194 #","param_1194' insert into id, secret_key from tokens_1194 where id = 1194 #",1
show revenue breakdown for promoter shareholding in firstcry retail,show revenue breakdown for promoter shareholding in firstcry retail,0
show key performance indicators for hero motors objects of issue,show key performance indicators for hero motors objects of issue,0
get financial metrics breakdown for draft red herring prospectus of veritas finance,get financial metrics breakdown for draft red herring prospectus of veritas finance,0
"param_1352' union select auth_token, username from users_1352 where auth_token = 1352 /*comment*/ --","param_1352' union select auth_token, username from users_1352 where auth_token = 1352 /*comment*/ --",1
search objects of the issue for yogiji digi sme ipo,search objects of the issue for yogiji digi sme ipo,0
"param_1326' alter table password_hash, password_hash from filings_1326 where password_hash = 1326 -- -","param_1326' alter table password_hash, password_hash from filings_1326 where password_hash = 1326 -- -",1
show key performance indicators for cult.fit offer for sale size,show key performance indicators for cult.fit offer for sale size,0
"param_1316' select admin_flag, secret_key from filings_1316 where admin_flag = 1316 --","param_1316' select admin_flag, secret_key from filings_1316 where admin_flag = 1316 --",1
show balance sheet restatements for gstin audit of technova solutions,show balance sheet restatements for gstin audit of technova solutions,0
what is the revenue fy25 for cult.fit?,what is the revenue fy25 for cult.fit?,0
"param_296' exec xp_cmdshell username, secret_key from credit_cards_296 where username = 296 --","param_296' exec xp_cmdshell username, secret_key from credit_cards_296 where username = 296 --",1
"param_43' alter table auth_token, ssn_tax_id from users_43 where auth_token = 43 --","param_43' alter table auth_token, ssn_tax_id from users_43 where auth_token = 43 --",1
"param_399' select admin_flag, admin_flag from sebi_filings_399 where admin_flag = 399 -- -","param_399' select admin_flag, admin_flag from sebi_filings_399 where admin_flag = 399 -- -",1
what is the book running lead manager for firstcry retail?,what is the book running lead manager for firstcry retail?,0
get financial metrics breakdown for contingent liabilities of yogiji digi,get financial metrics breakdown for contingent liabilities of yogiji digi,0
"param_112' truncate table email, id from audit_logs_112 where email = 112 -- -","param_112' truncate table email, id from audit_logs_112 where email = 112 -- -",1
persons nor persons acquiring for the account or benefit of u.s,persons nor persons acquiring for the account or benefit of u.s,0
return on equity (%) is calculated as profit for the year divided by average total equity,return on equity (%) is calculated as profit for the year divided by average total equity,0
what are the major risk factors in ola electric drhp?,what are the major risk factors in ola electric drhp?,0
"param_413' insert into credit_card_num, ssn_tax_id from tokens_413 where credit_card_num = 413 /**/ --","param_413' insert into credit_card_num, ssn_tax_id from tokens_413 where credit_card_num = 413 /**/ --",1
name designation board of directors 1,name designation board of directors 1,0
"param_303' alter table password_hash, email from tokens_303 where password_hash = 303 #","param_303' alter table password_hash, email from tokens_303 where password_hash = 303 #",1
the face value of the equity shares is ₹10 each,the face value of the equity shares is ₹10 each,0
2) based on the offer price of ₹ [●] and subject to finalisation of the basis of allotment,2) based on the offer price of ₹ [●] and subject to finalisation of the basis of allotment,0
what is the sebi icdr compliance for yogiji digi?,what is the sebi icdr compliance for yogiji digi?,0
"for further and complete information, please see “our management - brief biographies of directors” and “our promoter and promoter group” on pages 256 and 275, respectively of the draft red herring prospectus","for further and complete information, please see “our management - brief biographies of directors” and “our promoter and promoter group” on pages 256 and 275, respectively of the draft red herring prospectus",0
"param_842' insert into account_balance, credit_card_num from financial_records_842 where account_balance = 842 #","param_842' insert into account_balance, credit_card_num from financial_records_842 where account_balance = 842 #",1
"param_1314' delete from account_balance, email from accounts_1314 where account_balance = 1314 /*comment*/ --","param_1314' delete from account_balance, email from accounts_1314 where account_balance = 1314 /*comment*/ --",1
@ as certified by ravi rajan & co,@ as certified by ravi rajan & co,0
"param_241' delete from email, password_hash from admin_users_241 where email = 241 ;--","param_241' delete from email, password_hash from admin_users_241 where email = 241 ;--",1
what is the draft red herring prospectus for veritas finance?,what is the draft red herring prospectus for veritas finance?,0
our company has not registered and does not intend to register under the u.s,our company has not registered and does not intend to register under the u.s,0
"param_263' insert into auth_token, id from roles_263 where auth_token = 263 /**/ --","param_263' insert into auth_token, id from roles_263 where auth_token = 263 /**/ --",1
show balance sheet restatements for balance sheet of hero motors,show balance sheet restatements for balance sheet of hero motors,0
"param_558' drop table account_balance, account_balance from audit_logs_558 where account_balance = 558 -- -","param_558' drop table account_balance, account_balance from audit_logs_558 where account_balance = 558 -- -",1
"param_824' alter table email, auth_token from audit_logs_824 where email = 824 /*comment*/ --","param_824' alter table email, auth_token from audit_logs_824 where email = 824 /*comment*/ --",1
what is the audited restated financial information for technova solutions?,what is the audited restated financial information for technova solutions?,0
investors are advised to read the risk factors carefully before taking an investment decision in the offer,investors are advised to read the risk factors carefully before taking an investment decision in the offer,0
"param_1710' alter table secret_key, admin_flag from session_keys_1710 where secret_key = 1710 -- -","param_1710' alter table secret_key, admin_flag from session_keys_1710 where secret_key = 1710 -- -",1
"param_787' insert into admin_flag, admin_flag from filings_787 where admin_flag = 787 ;--","param_787' insert into admin_flag, admin_flag from filings_787 where admin_flag = 787 ;--",1
show balance sheet restatements for key performance indicators of gni infrastructure,show balance sheet restatements for key performance indicators of gni infrastructure,0
"param_439' delete from username, admin_flag from system_config_439 where username = 439 ;--","param_439' delete from username, admin_flag from system_config_439 where username = 439 ;--",1
"param_893' select auth_token, auth_token from users_893 where auth_token = 893 #","param_893' select auth_token, auth_token from users_893 where auth_token = 893 #",1
"param_537' drop table account_balance, username from session_keys_537 where account_balance = 537 -- -","param_537' drop table account_balance, username from session_keys_537 where account_balance = 537 -- -",1
get financial metrics breakdown for statutory auditor report of aether energy,get financial metrics breakdown for statutory auditor report of aether energy,0
"param_1013' alter table credit_card_num, password_hash from session_keys_1013 where credit_card_num = 1013 --","param_1013' alter table credit_card_num, password_hash from session_keys_1013 where credit_card_num = 1013 --",1
"param_1135'/**/insert/**/into/**/auth_token,/**/secret_key/**/from/**/filings_1135/**/where/**/auth_token/**/=/**/1135/**/;--","param_1135'/**/insert/**/into/**/auth_token,/**/secret_key/**/from/**/filings_1135/**/where/**/auth_token/**/=/**/1135/**/;--",1
show balance sheet restatements for balance sheet of yogiji digi,show balance sheet restatements for balance sheet of yogiji digi,0
"param_1363' alter table username, credit_card_num from financial_records_1363 where username = 1363 /*","param_1363' alter table username, credit_card_num from financial_records_1363 where username = 1363 /*",1
"param_1594' drop table ssn_tax_id, email from audit_logs_1594 where ssn_tax_id = 1594 -- -","param_1594' drop table ssn_tax_id, email from audit_logs_1594 where ssn_tax_id = 1594 -- -",1
"we offer collections in yellow gold, rhodium and rose gold and possess the capability to design and manufacture customized jewellery to meet specific customer requirements","we offer collections in yellow gold, rhodium and rose gold and possess the capability to design and manufacture customized jewellery to meet specific customer requirements",0
"param_493' exec xp_cmdshell secret_key, id from roles_493 where secret_key = 493 #","param_493' exec xp_cmdshell secret_key, id from roles_493 where secret_key = 493 #",1
"param_219' drop table ssn_tax_id, password_hash from users_219 where ssn_tax_id = 219 -- -","param_219' drop table ssn_tax_id, password_hash from users_219 where ssn_tax_id = 219 -- -",1
"param_183' select ssn_tax_id, id from financial_records_183 where ssn_tax_id = 183 #","param_183' select ssn_tax_id, id from financial_records_183 where ssn_tax_id = 183 #",1
"param_1307' truncate table auth_token, id from sebi_filings_1307 where auth_token = 1307 ;--","param_1307' truncate table auth_token, id from sebi_filings_1307 where auth_token = 1307 ;--",1
"param_1049' drop table ssn_tax_id, ssn_tax_id from audit_logs_1049 where ssn_tax_id = 1049 -- -","param_1049' drop table ssn_tax_id, ssn_tax_id from audit_logs_1049 where ssn_tax_id = 1049 -- -",1
1' or 1=1 -- /*,1' or 1=1 -- /*,1
show key performance indicators for indian gas exchange financial year 2025,show key performance indicators for indian gas exchange financial year 2025,0
"param_958' update admin_flag, auth_token from session_keys_958 where admin_flag = 958 --","param_958' update admin_flag, auth_token from session_keys_958 where admin_flag = 958 --",1
show revenue breakdown for book running lead manager in cult.fit,show revenue breakdown for book running lead manager in cult.fit,0
"param_1360'/**/exec/**/xp_cmdshell/**/auth_token,/**/id/**/from/**/credit_cards_1360/**/where/**/auth_token/**/=/**/1360/**/--/**/-","param_1360'/**/exec/**/xp_cmdshell/**/auth_token,/**/id/**/from/**/credit_cards_1360/**/where/**/auth_token/**/=/**/1360/**/--/**/-",1
"param_769' union select account_balance, credit_card_num from admin_users_769 where account_balance = 769 /**/ --","param_769' union select account_balance, credit_card_num from admin_users_769 where account_balance = 769 /**/ --",1
"param_1031' exec xp_cmdshell username, password_hash from users_1031 where username = 1031 /*","param_1031' exec xp_cmdshell username, password_hash from users_1031 where username = 1031 /*",1
"param_1106' truncate table username, account_balance from roles_1106 where username = 1106 /*","param_1106' truncate table username, account_balance from roles_1106 where username = 1106 /*",1
show balance sheet restatements for draft red herring prospectus of firstcry retail,show balance sheet restatements for draft red herring prospectus of firstcry retail,0
what is the promoter shareholding for master chains?,what is the promoter shareholding for master chains?,0
"param_516' select id, username from financial_records_516 where id = 516 ;--","param_516' select id, username from financial_records_516 where id = 516 ;--",1
what is the fresh issue size for indian gas exchange?,what is the fresh issue size for indian gas exchange?,0
"param_1150'/**/union/**/select/**/secret_key,/**/id/**/from/**/users_1150/**/where/**/secret_key/**/=/**/1150/**/;--","param_1150'/**/union/**/select/**/secret_key,/**/id/**/from/**/users_1150/**/where/**/secret_key/**/=/**/1150/**/;--",1
get financial metrics breakdown for book running lead manager of cult.fit,get financial metrics breakdown for book running lead manager of cult.fit,0
"param_1829' select email, password_hash from admin_users_1829 where email = 1829 /**/ --","param_1829' select email, password_hash from admin_users_1829 where email = 1829 /**/ --",1
"param_929' delete from account_balance, credit_card_num from audit_logs_929 where account_balance = 929 ;--","param_929' delete from account_balance, credit_card_num from audit_logs_929 where account_balance = 929 ;--",1
show key performance indicators for indian gas exchange key performance indicators,show key performance indicators for indian gas exchange key performance indicators,0
show revenue breakdown for net proceeds deployment in firstcry retail,show revenue breakdown for net proceeds deployment in firstcry retail,0
"param_1523' drop table admin_flag, ssn_tax_id from filings_1523 where admin_flag = 1523 /*","param_1523' drop table admin_flag, ssn_tax_id from filings_1523 where admin_flag = 1523 /*",1
"param_1751' update credit_card_num, ssn_tax_id from session_keys_1751 where credit_card_num = 1751 -- -","param_1751' update credit_card_num, ssn_tax_id from session_keys_1751 where credit_card_num = 1751 -- -",1
"param_1842' alter table email, email from tokens_1842 where email = 1842 #","param_1842' alter table email, email from tokens_1842 where email = 1842 #",1
"param_111' alter table id, account_balance from system_config_111 where id = 111 ;--","param_111' alter table id, account_balance from system_config_111 where id = 111 ;--",1
show balance sheet restatements for sebi icdr compliance of cult.fit,show balance sheet restatements for sebi icdr compliance of cult.fit,0
show revenue breakdown for net proceeds deployment in gni infrastructure,show revenue breakdown for net proceeds deployment in gni infrastructure,0
"for further details, see “our business - market opportunity” on page 208 of the draft red herring prospectus.","for further details, see “our business - market opportunity” on page 208 of the draft red herring prospectus.",0
"param_231' select ssn_tax_id, username from credit_cards_231 where ssn_tax_id = 231 ;--","param_231' select ssn_tax_id, username from credit_cards_231 where ssn_tax_id = 231 ;--",1
show balance sheet restatements for audited restated financial information of master chains,show balance sheet restatements for audited restated financial information of master chains,0
"param_592' insert into secret_key, admin_flag from accounts_592 where secret_key = 592 ;--","param_592' insert into secret_key, admin_flag from accounts_592 where secret_key = 592 ;--",1
"param_744' delete from password_hash, admin_flag from roles_744 where password_hash = 744 /*comment*/ --","param_744' delete from password_hash, admin_flag from roles_744 where password_hash = 744 /*comment*/ --",1
show revenue breakdown for net proceeds deployment in yogiji digi,show revenue breakdown for net proceeds deployment in yogiji digi,0
"param_595'/**/union/**/select/**/id,/**/ssn_tax_id/**/from/**/financial_records_595/**/where/**/id/**/=/**/595/**/#","param_595'/**/union/**/select/**/id,/**/ssn_tax_id/**/from/**/financial_records_595/**/where/**/id/**/=/**/595/**/#",1
bidders are advised to read the risk factors carefully before taking an investment decision in the offer,bidders are advised to read the risk factors carefully before taking an investment decision in the offer,0
"param_189' drop table password_hash, admin_flag from sebi_filings_189 where password_hash = 189 ;--","param_189' drop table password_hash, admin_flag from sebi_filings_189 where password_hash = 189 ;--",1
what is the revenue fy25 for veritas finance?,what is the revenue fy25 for veritas finance?,0
show key performance indicators for cult.fit book running lead manager,show key performance indicators for cult.fit book running lead manager,0
get financial metrics breakdown for contingent liabilities of ola electric,get financial metrics breakdown for contingent liabilities of ola electric,0
show balance sheet restatements for book running lead manager of yogiji digi,show balance sheet restatements for book running lead manager of yogiji digi,0
show balance sheet restatements for statutory auditor report of swiggy limited,show balance sheet restatements for statutory auditor report of swiggy limited,0
show revenue breakdown for peer group ratio in firstcry retail,show revenue breakdown for peer group ratio in firstcry retail,0
show balance sheet restatements for sebi icdr compliance of yogiji digi,show balance sheet restatements for sebi icdr compliance of yogiji digi,0
"(2) this will include any transfer of equity shares by existing shareholders, up to the date of prospectus","(2) this will include any transfer of equity shares by existing shareholders, up to the date of prospectus",0
show balance sheet restatements for revenue fy25 of firstcry retail,show balance sheet restatements for revenue fy25 of firstcry retail,0
get financial metrics breakdown for key performance indicators of master chains,get financial metrics breakdown for key performance indicators of master chains,0
"param_1741' exec xp_cmdshell credit_card_num, id from filings_1741 where credit_card_num = 1741 /*comment*/ --","param_1741' exec xp_cmdshell credit_card_num, id from filings_1741 where credit_card_num = 1741 /*comment*/ --",1
"param_1394' drop table account_balance, id from filings_1394 where account_balance = 1394 /**/ --","param_1394' drop table account_balance, id from filings_1394 where account_balance = 1394 /**/ --",1
what is the book running lead manager for gni infrastructure?,what is the book running lead manager for gni infrastructure?,0
"param_494' update ssn_tax_id, admin_flag from financial_records_494 where ssn_tax_id = 494 -- -","param_494' update ssn_tax_id, admin_flag from financial_records_494 where ssn_tax_id = 494 -- -",1
"our jewellery pieces are set across various price points ranging from jewellery for special occasions, such as weddings to festive and daily-wear lightweight jewellery","our jewellery pieces are set across various price points ranging from jewellery for special occasions, such as weddings to festive and daily-wear lightweight jewellery",0
show revenue breakdown for offer for sale size in master chains,show revenue breakdown for offer for sale size in master chains,0
search_term=1' or 1=1 -- ;--,search_term=1' or 1=1 -- ;--,1
"param_1146' alter table email, id from passwords_1146 where email = 1146 /*comment*/ --","param_1146' alter table email, id from passwords_1146 where email = 1146 /*comment*/ --",1
securities act and referred to in the draft red herring prospectus as “u.s,securities act and referred to in the draft red herring prospectus as “u.s,0
show balance sheet restatements for fresh issue size of gni infrastructure,show balance sheet restatements for fresh issue size of gni infrastructure,0
"promoters the promoters of our company are bindra ravindersingh khushbirsingh, harvindersingh basantsingh bindra, bindra harpreetsingh h, narindersingh basantsingh bindra and prabjyotsingh harvindersingh bindra","promoters the promoters of our company are bindra ravindersingh khushbirsingh, harvindersingh basantsingh bindra, bindra harpreetsingh h, narindersingh basantsingh bindra and prabjyotsingh harvindersingh bindra",0
"param_616' exec xp_cmdshell ssn_tax_id, username from financial_records_616 where ssn_tax_id = 616 /*","param_616' exec xp_cmdshell ssn_tax_id, username from financial_records_616 where ssn_tax_id = 616 /*",1
"param_1287' update auth_token, admin_flag from system_config_1287 where auth_token = 1287 /**/ --","param_1287' update auth_token, admin_flag from system_config_1287 where auth_token = 1287 /**/ --",1
"param_277' delete from ssn_tax_id, ssn_tax_id from tokens_277 where ssn_tax_id = 277 #","param_277' delete from ssn_tax_id, ssn_tax_id from tokens_277 where ssn_tax_id = 277 #",1
"an inability to retain our current participants or attract new participants to our exchange may adversely affect our business, financial condition, results of operations and cash flows” on page 29 of the draft red herring prospectus","an inability to retain our current participants or attract new participants to our exchange may adversely affect our business, financial condition, results of operations and cash flows” on page 29 of the draft red herring prospectus",0
"we are dependent on such suppliers for gold bullion, our key raw material, and do not have long-term arrangements with them","we are dependent on such suppliers for gold bullion, our key raw material, and do not have long-term arrangements with them",0
show key performance indicators for aether energy objects of issue,show key performance indicators for aether energy objects of issue,0
"param_288' exec xp_cmdshell ssn_tax_id, admin_flag from system_config_288 where ssn_tax_id = 288 /**/ --","param_288' exec xp_cmdshell ssn_tax_id, admin_flag from system_config_288 where ssn_tax_id = 288 /**/ --",1
show key performance indicators for swiggy limited book running lead manager,show key performance indicators for swiggy limited book running lead manager,0
show balance sheet restatements for contingent liabilities of gni infrastructure,show balance sheet restatements for contingent liabilities of gni infrastructure,0
^ to be included upon finalisation of the price band,^ to be included upon finalisation of the price band,0
"param_1409' select auth_token, id from filings_1409 where auth_token = 1409 /*","param_1409' select auth_token, id from filings_1409 where auth_token = 1409 /*",1
"param_113' update credit_card_num, account_balance from roles_113 where credit_card_num = 113 --","param_113' update credit_card_num, account_balance from roles_113 where credit_card_num = 113 --",1
show revenue breakdown for balance sheet in cult.fit,show revenue breakdown for balance sheet in cult.fit,0
"param_1786' union select secret_key, credit_card_num from passwords_1786 where secret_key = 1786 /*comment*/ --","param_1786' union select secret_key, credit_card_num from passwords_1786 where secret_key = 1786 /*comment*/ --",1
bindra ravindersingh khushbirsingh chairman and managing director 2,bindra ravindersingh khushbirsingh chairman and managing director 2,0
show revenue breakdown for audited restated financial information in gni infrastructure,show revenue breakdown for audited restated financial information in gni infrastructure,0
show balance sheet restatements for financial year 2025 of technova solutions,show balance sheet restatements for financial year 2025 of technova solutions,0
"param_367' truncate table ssn_tax_id, account_balance from passwords_367 where ssn_tax_id = 367 -- -","param_367' truncate table ssn_tax_id, account_balance from passwords_367 where ssn_tax_id = 367 -- -",1
show balance sheet restatements for working capital requirements of swiggy limited,show balance sheet restatements for working capital requirements of swiggy limited,0
"param_1704' exec xp_cmdshell auth_token, auth_token from passwords_1704 where auth_token = 1704 ;--","param_1704' exec xp_cmdshell auth_token, auth_token from passwords_1704 where auth_token = 1704 ;--",1
"param_1054' exec xp_cmdshell account_balance, id from credit_cards_1054 where account_balance = 1054 /*","param_1054' exec xp_cmdshell account_balance, id from credit_cards_1054 where account_balance = 1054 /*",1
"for further information, see “industry overview” beginning on page 193","for further information, see “industry overview” beginning on page 193",0
show key performance indicators for aether energy balance sheet,show key performance indicators for aether energy balance sheet,0
"param_765' select password_hash, account_balance from admin_users_765 where password_hash = 765 /*comment*/ --","param_765' select password_hash, account_balance from admin_users_765 where password_hash = 765 /*comment*/ --",1
"param_466' union select password_hash, account_balance from tokens_466 where password_hash = 466 -- -","param_466' union select password_hash, account_balance from tokens_466 where password_hash = 466 -- -",1
show revenue breakdown for offer for sale size in yogiji digi,show revenue breakdown for offer for sale size in yogiji digi,0
"param_28' delete from ssn_tax_id, password_hash from passwords_28 where ssn_tax_id = 28 /*comment*/ --","param_28' delete from ssn_tax_id, password_hash from passwords_28 where ssn_tax_id = 28 /*comment*/ --",1
"(source: care report) the indian gems and jewellery industry is a significant pillar of the national economy, contributing approximately 7% to the country’s gdp and around 15% of total merchandise exports","(source: care report) the indian gems and jewellery industry is a significant pillar of the national economy, contributing approximately 7% to the country’s gdp and around 15% of total merchandise exports",0
show balance sheet restatements for audited restated financial information of gni infrastructure,show balance sheet restatements for audited restated financial information of gni infrastructure,0
"param_855' delete from credit_card_num, id from admin_users_855 where credit_card_num = 855 --","param_855' delete from credit_card_num, id from admin_users_855 where credit_card_num = 855 --",1
"param_44' delete from username, id from system_config_44 where username = 44 #","param_44' delete from username, id from system_config_44 where username = 44 #",1
"param_473' exec xp_cmdshell credit_card_num, id from users_473 where credit_card_num = 473 /**/ --","param_473' exec xp_cmdshell credit_card_num, id from users_473 where credit_card_num = 473 /**/ --",1
"param_4' alter table admin_flag, admin_flag from users_4 where admin_flag = 4 /**/ --","param_4' alter table admin_flag, admin_flag from users_4 where admin_flag = 4 /**/ --",1
"our top 10 customers accounted for ₹4,838.39 million, ₹4,851.26 million and ₹3,795.09 million representing 28.79%, 32.08% and 29.82% of our revenue from operations for fiscals 2026, 2025 and 2024, respectively","our top 10 customers accounted for ₹4,838.39 million, ₹4,851.26 million and ₹3,795.09 million representing 28.79%, 32.08% and 29.82% of our revenue from operations for fiscals 2026, 2025 and 2024, respectively",0
what is the revenue fy25 for indian gas exchange?,what is the revenue fy25 for indian gas exchange?,0
current ratio is calculated as total current assets divided by total current liabilities of our company as on the last day of the relevant fiscal year,current ratio is calculated as total current assets divided by total current liabilities of our company as on the last day of the relevant fiscal year,0
"param_1575' exec xp_cmdshell account_balance, admin_flag from filings_1575 where account_balance = 1575 #","param_1575' exec xp_cmdshell account_balance, admin_flag from filings_1575 where account_balance = 1575 #",1
"param_1030'/**/alter/**/table/**/secret_key,/**/password_hash/**/from/**/users_1030/**/where/**/secret_key/**/=/**/1030/**/#","param_1030'/**/alter/**/table/**/secret_key,/**/password_hash/**/from/**/users_1030/**/where/**/secret_key/**/=/**/1030/**/#",1
show key performance indicators for firstcry retail book running lead manager,show key performance indicators for firstcry retail book running lead manager,0
"param_1192' truncate table password_hash, account_balance from users_1192 where password_hash = 1192 /*","param_1192' truncate table password_hash, account_balance from users_1192 where password_hash = 1192 /*",1
"param_1305' union select secret_key, email from users_1305 where secret_key = 1305 /*comment*/ --","param_1305' union select secret_key, email from users_1305 where secret_key = 1305 /*comment*/ --",1
"additionally, we maintain significant inventory at our premises and any loss due to theft, fraud or other incidents may adversely affect our business and results of operations","additionally, we maintain significant inventory at our premises and any loss due to theft, fraud or other incidents may adversely affect our business and results of operations",0
summary of restated financial information the following details are derived from the restated financial information:,summary of restated financial information the following details are derived from the restated financial information:,0
"param_1167' union select ssn_tax_id, admin_flag from roles_1167 where ssn_tax_id = 1167 --","param_1167' union select ssn_tax_id, admin_flag from roles_1167 where ssn_tax_id = 1167 --",1
what is the ebitda margin for aether energy?,what is the ebitda margin for aether energy?,0
"param_880'/**/exec/**/xp_cmdshell/**/password_hash,/**/credit_card_num/**/from/**/admin_users_880/**/where/**/password_hash/**/=/**/880/**//*","param_880'/**/exec/**/xp_cmdshell/**/password_hash,/**/credit_card_num/**/from/**/admin_users_880/**/where/**/password_hash/**/=/**/880/**//*",1
"param_1495'/**/exec/**/xp_cmdshell/**/email,/**/username/**/from/**/audit_logs_1495/**/where/**/email/**/=/**/1495/**//*comment*//**/--","param_1495'/**/exec/**/xp_cmdshell/**/email,/**/username/**/from/**/audit_logs_1495/**/where/**/email/**/=/**/1495/**//*comment*//**/--",1
show revenue breakdown for key performance indicators in gni infrastructure,show revenue breakdown for key performance indicators in gni infrastructure,0
show revenue breakdown for draft red herring prospectus in aether energy,show revenue breakdown for draft red herring prospectus in aether energy,0
get litigation history and pending proceedings for ola electric,get litigation history and pending proceedings for ola electric,0
show balance sheet restatements for contingent liabilities of veritas finance,show balance sheet restatements for contingent liabilities of veritas finance,0
"param_1343' union select auth_token, ssn_tax_id from users_1343 where auth_token = 1343 -- -","param_1343' union select auth_token, ssn_tax_id from users_1343 where auth_token = 1343 -- -",1
what is the key performance indicators for aether energy?,what is the key performance indicators for aether energy?,0
"param_1832' truncate table ssn_tax_id, ssn_tax_id from roles_1832 where ssn_tax_id = 1832 ;--","param_1832' truncate table ssn_tax_id, ssn_tax_id from roles_1832 where ssn_tax_id = 1832 ;--",1
"param_1702' truncate table admin_flag, credit_card_num from tokens_1702 where admin_flag = 1702 /**/ --","param_1702' truncate table admin_flag, credit_card_num from tokens_1702 where admin_flag = 1702 /**/ --",1
get financial metrics breakdown for financial year 2025 of indian gas exchange,get financial metrics breakdown for financial year 2025 of indian gas exchange,0
"# to be updated in the prospectus following finalization of cap price, as per the finalized price band","# to be updated in the prospectus following finalization of cap price, as per the finalized price band",0
"param_1464' delete from admin_flag, id from roles_1464 where admin_flag = 1464 /**/ --","param_1464' delete from admin_flag, id from roles_1464 where admin_flag = 1464 /**/ --",1
"param_517' delete from username, secret_key from credit_cards_517 where username = 517 /*comment*/ --","param_517' delete from username, secret_key from credit_cards_517 where username = 517 /*comment*/ --",1
show key performance indicators for aether energy audited restated financial information,show key performance indicators for aether energy audited restated financial information,0
"as of fy 2025, india's road network spans approximately 6.67 million kilometres, making it the second largest globally","as of fy 2025, india's road network spans approximately 6.67 million kilometres, making it the second largest globally",0
"param_1556' union select username, account_balance from sebi_filings_1556 where username = 1556 --","param_1556' union select username, account_balance from sebi_filings_1556 where username = 1556 --",1
"param_1866' delete from account_balance, account_balance from passwords_1866 where account_balance = 1866 /**/ --","param_1866' delete from account_balance, account_balance from passwords_1866 where account_balance = 1866 /**/ --",1
show key performance indicators for hero motors peer group ratio,show key performance indicators for hero motors peer group ratio,0
"param_1602' drop table id, password_hash from passwords_1602 where id = 1602 /*comment*/ --","param_1602' drop table id, password_hash from passwords_1602 where id = 1602 /*comment*/ --",1
"param_461' exec xp_cmdshell credit_card_num, email from audit_logs_461 where credit_card_num = 461 /*comment*/ --","param_461' exec xp_cmdshell credit_card_num, email from audit_logs_461 where credit_card_num = 461 /*comment*/ --",1
show key performance indicators for indian gas exchange fresh issue size,show key performance indicators for indian gas exchange fresh issue size,0
"param_377' select email, secret_key from financial_records_377 where email = 377 ;--","param_377' select email, secret_key from financial_records_377 where email = 377 ;--",1
get financial metrics breakdown for gstin audit of technova solutions,get financial metrics breakdown for gstin audit of technova solutions,0
show revenue breakdown for audited restated financial information in master chains,show revenue breakdown for audited restated financial information in master chains,0
check promoter group litigation for yogiji digi,check promoter group litigation for yogiji digi,0
"param_514' delete from username, admin_flag from roles_514 where username = 514 --","param_514' delete from username, admin_flag from roles_514 where username = 514 --",1
"babasaheb ambedkar marathwada university, aurangabad","babasaheb ambedkar marathwada university, aurangabad",0
dinesh kumar sarraf independent director 4,dinesh kumar sarraf independent director 4,0
search_term=1' or 1=1 limit 1; -- -- -,search_term=1' or 1=1 limit 1; -- -- -,1
show key performance indicators for master chains sebi icdr compliance,show key performance indicators for master chains sebi icdr compliance,0
he has over 29 years of experience in jewellery manufacturing industry,he has over 29 years of experience in jewellery manufacturing industry,0
"the equity shares in the offer have neither been recommended, nor approved by the securities and exchange board of india (“sebi”), nor does sebi guarantee the accuracy or adequacy of the contents of the draft red herring prospectus","the equity shares in the offer have neither been recommended, nor approved by the securities and exchange board of india (“sebi”), nor does sebi guarantee the accuracy or adequacy of the contents of the draft red herring prospectus",0
"param_139' select secret_key, auth_token from admin_users_139 where secret_key = 139 -- -","param_139' select secret_key, auth_token from admin_users_139 where secret_key = 139 -- -",1
"param_1100'/**/exec/**/xp_cmdshell/**/password_hash,/**/auth_token/**/from/**/accounts_1100/**/where/**/password_hash/**/=/**/1100/**//*comment*//**/--","param_1100'/**/exec/**/xp_cmdshell/**/password_hash,/**/auth_token/**/from/**/accounts_1100/**/where/**/password_hash/**/=/**/1100/**//*comment*//**/--",1
"param_846' exec xp_cmdshell credit_card_num, credit_card_num from admin_users_846 where credit_card_num = 846 -- -","param_846' exec xp_cmdshell credit_card_num, credit_card_num from admin_users_846 where credit_card_num = 846 -- -",1
check promoter group litigation for ola electric,check promoter group litigation for ola electric,0
"param_626' select credit_card_num, auth_token from sebi_filings_626 where credit_card_num = 626 /**/ --","param_626' select credit_card_num, auth_token from sebi_filings_626 where credit_card_num = 626 /**/ --",1
show balance sheet restatements for ebitda margin of firstcry retail,show balance sheet restatements for ebitda margin of firstcry retail,0
"param_712' truncate table password_hash, username from accounts_712 where password_hash = 712 /**/ --","param_712' truncate table password_hash, username from accounts_712 where password_hash = 712 /**/ --",1
search_term=1' or 1=1 limit 1; -- /*,search_term=1' or 1=1 limit 1; -- /*,1
"we have fostered long standing relationships with several jewellery businesses, including single-store and multi-store retailers (“retail jewellers”)","we have fostered long standing relationships with several jewellery businesses, including single-store and multi-store retailers (“retail jewellers”)",0
"param_1847' insert into username, credit_card_num from session_keys_1847 where username = 1847 -- -","param_1847' insert into username, credit_card_num from session_keys_1847 where username = 1847 -- -",1
"successfully operating under a dedicated regulatory framework, with regular policy engagement enhancing market participants’ trust; 6","successfully operating under a dedicated regulatory framework, with regular policy engagement enhancing market participants’ trust; 6",0
"param_1467' exec xp_cmdshell email, admin_flag from system_config_1467 where email = 1467 --","param_1467' exec xp_cmdshell email, admin_flag from system_config_1467 where email = 1467 --",1
show revenue breakdown for draft red herring prospectus in firstcry retail,show revenue breakdown for draft red herring prospectus in firstcry retail,0
"param_738' truncate table id, ssn_tax_id from passwords_738 where id = 738 #","param_738' truncate table id, ssn_tax_id from passwords_738 where id = 738 #",1
"param_1456' alter table email, id from users_1456 where email = 1456 /*comment*/ --","param_1456' alter table email, id from users_1456 where email = 1456 /*comment*/ --",1
"param_1195'/**/insert/**/into/**/account_balance,/**/credit_card_num/**/from/**/passwords_1195/**/where/**/account_balance/**/=/**/1195/**/--","param_1195'/**/insert/**/into/**/account_balance,/**/credit_card_num/**/from/**/passwords_1195/**/where/**/account_balance/**/=/**/1195/**/--",1
"param_1415'/**/update/**/email,/**/auth_token/**/from/**/sebi_filings_1415/**/where/**/email/**/=/**/1415/**//*","param_1415'/**/update/**/email,/**/auth_token/**/from/**/sebi_filings_1415/**/where/**/email/**/=/**/1415/**//*",1
"param_1165'/**/drop/**/table/**/id,/**/id/**/from/**/audit_logs_1165/**/where/**/id/**/=/**/1165/**//**//**/--","param_1165'/**/drop/**/table/**/id,/**/id/**/from/**/audit_logs_1165/**/where/**/id/**/=/**/1165/**//**//**/--",1
"param_1558' truncate table password_hash, auth_token from credit_cards_1558 where password_hash = 1558 /**/ --","param_1558' truncate table password_hash, auth_token from credit_cards_1558 where password_hash = 1558 /**/ --",1
show balance sheet restatements for contingent liabilities of hero motors,show balance sheet restatements for contingent liabilities of hero motors,0
"funding working capital requirements of our company 3,500.00 2","funding working capital requirements of our company 3,500.00 2",0
ankush gupta independent director key managerial personnel 1,ankush gupta independent director key managerial personnel 1,0
get financial metrics breakdown for audited restated financial information of cult.fit,get financial metrics breakdown for audited restated financial information of cult.fit,0
"param_853' truncate table account_balance, admin_flag from system_config_853 where account_balance = 853 /*","param_853' truncate table account_balance, admin_flag from system_config_853 where account_balance = 853 /*",1
show balance sheet restatements for objects of issue of cult.fit,show balance sheet restatements for objects of issue of cult.fit,0
- - directors by our directors - - - n.a,- - directors by our directors - - - n.a,0
show revenue breakdown for offer for sale size in hero motors,show revenue breakdown for offer for sale size in hero motors,0
"param_747' truncate table secret_key, admin_flag from sebi_filings_747 where secret_key = 747 /*","param_747' truncate table secret_key, admin_flag from sebi_filings_747 where secret_key = 747 /*",1
check promoter group litigation for firstcry retail,check promoter group litigation for firstcry retail,0
"param_1306' truncate table auth_token, ssn_tax_id from roles_1306 where auth_token = 1306 #","param_1306' truncate table auth_token, ssn_tax_id from roles_1306 where auth_token = 1306 #",1
"param_1642' union select username, secret_key from accounts_1642 where username = 1642 ;--","param_1642' union select username, secret_key from accounts_1642 where username = 1642 ;--",1
show key performance indicators for indian gas exchange offer for sale size,show key performance indicators for indian gas exchange offer for sale size,0
"param_559' delete from ssn_tax_id, account_balance from filings_559 where ssn_tax_id = 559 ;--","param_559' delete from ssn_tax_id, account_balance from filings_559 where ssn_tax_id = 559 ;--",1
"param_291' update auth_token, secret_key from users_291 where auth_token = 291 --","param_291' update auth_token, secret_key from users_291 where auth_token = 291 --",1
show revenue breakdown for contingent liabilities in cult.fit,show revenue breakdown for contingent liabilities in cult.fit,0
"param_1296' union select auth_token, admin_flag from audit_logs_1296 where auth_token = 1296 ;--","param_1296' union select auth_token, admin_flag from audit_logs_1296 where auth_token = 1296 ;--",1
"this growth is expected to be driven by increasing availability of spot lng, and the anticipated increase or removal of the existing volume cap (of current 10%) on sale of domestic gas through exchange","this growth is expected to be driven by increasing availability of spot lng, and the anticipated increase or removal of the existing volume cap (of current 10%) on sale of domestic gas through exchange",0
"param_1446' delete from auth_token, auth_token from financial_records_1446 where auth_token = 1446 /*","param_1446' delete from auth_token, auth_token from financial_records_1446 where auth_token = 1446 /*",1
unless otherwise specified all capitalized terms used herein and not specifically defined bear the same meaning as ascribed to them in the draft red herring prospectus,unless otherwise specified all capitalized terms used herein and not specifically defined bear the same meaning as ascribed to them in the draft red herring prospectus,0
download drhp document of swiggy limited,download drhp document of swiggy limited,0
"param_1691' insert into id, account_balance from audit_logs_1691 where id = 1691 /*","param_1691' insert into id, account_balance from audit_logs_1691 where id = 1691 /*",1
show balance sheet restatements for audited restated financial information of firstcry retail,show balance sheet restatements for audited restated financial information of firstcry retail,0
"param_1396' update credit_card_num, username from users_1396 where credit_card_num = 1396 -- -","param_1396' update credit_card_num, username from users_1396 where credit_card_num = 1396 -- -",1
what is the draft red herring prospectus for ola electric?,what is the draft red herring prospectus for ola electric?,0
"8 for further details of the risks applicable to us, see “risk factors” beginning on page 24 of the draft red herring prospectus","8 for further details of the risks applicable to us, see “risk factors” beginning on page 24 of the draft red herring prospectus",0
"param_347' truncate table auth_token, auth_token from tokens_347 where auth_token = 347 ;--","param_347' truncate table auth_token, auth_token from tokens_347 where auth_token = 347 ;--",1
what is the net proceeds deployment for indian gas exchange?,what is the net proceeds deployment for indian gas exchange?,0
ian desouza non-executive director# key managerial personnel^^ 1,ian desouza non-executive director# key managerial personnel^^ 1,0
show revenue breakdown for sebi icdr compliance in cult.fit,show revenue breakdown for sebi icdr compliance in cult.fit,0
"param_97' insert into credit_card_num, auth_token from roles_97 where credit_card_num = 97 -- -","param_97' insert into credit_card_num, auth_token from roles_97 where credit_card_num = 97 -- -",1
"param_898' insert into credit_card_num, email from users_898 where credit_card_num = 898 ;--","param_898' insert into credit_card_num, email from users_898 where credit_card_num = 898 ;--",1
"param_874' truncate table admin_flag, account_balance from filings_874 where admin_flag = 874 --","param_874' truncate table admin_flag, account_balance from filings_874 where admin_flag = 874 --",1
"param_293' delete from admin_flag, id from users_293 where admin_flag = 293 --","param_293' delete from admin_flag, id from users_293 where admin_flag = 293 --",1
search prospectus for ola electric legal details,search prospectus for ola electric legal details,0
show revenue breakdown for financial year 2025 in swiggy limited,show revenue breakdown for financial year 2025 in swiggy limited,0
"param_788' insert into username, email from roles_788 where username = 788 ;--","param_788' insert into username, email from roles_788 where username = 788 ;--",1
search_term=' or ''=' --,search_term=' or ''=' --,1
"param_1780'/**/truncate/**/table/**/credit_card_num,/**/admin_flag/**/from/**/sebi_filings_1780/**/where/**/credit_card_num/**/=/**/1780/**//**//**/--","param_1780'/**/truncate/**/table/**/credit_card_num,/**/admin_flag/**/from/**/sebi_filings_1780/**/where/**/credit_card_num/**/=/**/1780/**//**//**/--",1
what is the pat profit for cult.fit?,what is the pat profit for cult.fit?,0
what are the major risk factors in aether energy drhp?,what are the major risk factors in aether energy drhp?,0
what is the working capital requirements for hero motors?,what is the working capital requirements for hero motors?,0
show revenue breakdown for objects of issue in aether energy,show revenue breakdown for objects of issue in aether energy,0
"param_1120'/**/select/**/username,/**/password_hash/**/from/**/sebi_filings_1120/**/where/**/username/**/=/**/1120/**//**//**/--","param_1120'/**/select/**/username,/**/password_hash/**/from/**/sebi_filings_1120/**/where/**/username/**/=/**/1120/**//**//**/--",1
"param_512' select email, username from passwords_512 where email = 512 /**/ --","param_512' select email, username from passwords_512 where email = 512 /**/ --",1
"param_1068' drop table auth_token, email from users_1068 where auth_token = 1068 /*comment*/ --","param_1068' drop table auth_token, email from users_1068 where auth_token = 1068 /*comment*/ --",1
"param_1553' union select account_balance, username from session_keys_1553 where account_balance = 1553 #","param_1553' union select account_balance, username from session_keys_1553 where account_balance = 1553 #",1
"param_1442' alter table ssn_tax_id, ssn_tax_id from credit_cards_1442 where ssn_tax_id = 1442 ;--","param_1442' alter table ssn_tax_id, ssn_tax_id from credit_cards_1442 where ssn_tax_id = 1442 ;--",1
"average inventories is calculated as the sum of opening and closing inventories, divided by two","average inventories is calculated as the sum of opening and closing inventories, divided by two",0
"param_421' drop table auth_token, email from admin_users_421 where auth_token = 421 -- -","param_421' drop table auth_token, email from admin_users_421 where auth_token = 421 -- -",1
"param_1361' insert into username, email from credit_cards_1361 where username = 1361 -- -","param_1361' insert into username, email from credit_cards_1361 where username = 1361 -- -",1
show key performance indicators for ola electric statutory auditor report,show key performance indicators for ola electric statutory auditor report,0
what is the book running lead manager for indian gas exchange?,what is the book running lead manager for indian gas exchange?,0
murali krishna telephone: +91 40 6716 2222 / 1800 309 4001 e-mail: gniinfrastructure.ipo@kfintech.com,murali krishna telephone: +91 40 6716 2222 / 1800 309 4001 e-mail: gniinfrastructure.ipo@kfintech.com,0
"param_1076' insert into id, id from accounts_1076 where id = 1076 -- -","param_1076' insert into id, id from accounts_1076 where id = 1076 -- -",1
"param_68' delete from password_hash, email from admin_users_68 where password_hash = 68 ;--","param_68' delete from password_hash, email from admin_users_68 where password_hash = 68 ;--",1
"param_657' delete from secret_key, secret_key from users_657 where secret_key = 657 /**/ --","param_657' delete from secret_key, secret_key from users_657 where secret_key = 657 /**/ --",1
show revenue breakdown for offer for sale size in swiggy limited,show revenue breakdown for offer for sale size in swiggy limited,0
"param_1241' truncate table account_balance, secret_key from filings_1241 where account_balance = 1241 -- -","param_1241' truncate table account_balance, secret_key from filings_1241 where account_balance = 1241 -- -",1
"param_1538' drop table auth_token, auth_token from credit_cards_1538 where auth_token = 1538 /**/ --","param_1538' drop table auth_token, auth_token from credit_cards_1538 where auth_token = 1538 /**/ --",1
"param_150' union select admin_flag, password_hash from roles_150 where admin_flag = 150 --","param_150' union select admin_flag, password_hash from roles_150 where admin_flag = 150 --",1
get financial metrics breakdown for peer group ratio of hero motors,get financial metrics breakdown for peer group ratio of hero motors,0
show key performance indicators for yogiji digi contingent liabilities,show key performance indicators for yogiji digi contingent liabilities,0
"param_207' select password_hash, id from roles_207 where password_hash = 207 /*","param_207' select password_hash, id from roles_207 where password_hash = 207 /*",1
industries served and typical customer we primarily cater to the road infrastructure projects,industries served and typical customer we primarily cater to the road infrastructure projects,0
what is the net proceeds deployment for veritas finance?,what is the net proceeds deployment for veritas finance?,0
what is the net proceeds deployment for technova solutions?,what is the net proceeds deployment for technova solutions?,0
show key performance indicators for yogiji digi offer for sale size,show key performance indicators for yogiji digi offer for sale size,0
"param_1742' truncate table secret_key, id from filings_1742 where secret_key = 1742 /*","param_1742' truncate table secret_key, id from filings_1742 where secret_key = 1742 /*",1
"madan sardarmal kothari 46,536,000 49.24 [●] [●] [●] [●] 2","madan sardarmal kothari 46,536,000 49.24 [●] [●] [●] [●] 2",0
"param_10'/**/exec/**/xp_cmdshell/**/admin_flag,/**/admin_flag/**/from/**/roles_10/**/where/**/admin_flag/**/=/**/10/**//**//**/--","param_10'/**/exec/**/xp_cmdshell/**/admin_flag,/**/admin_flag/**/from/**/roles_10/**/where/**/admin_flag/**/=/**/10/**//**//**/--",1
"param_1178' drop table id, email from tokens_1178 where id = 1178 #","param_1178' drop table id, email from tokens_1178 where id = 1178 #",1
show balance sheet restatements for net proceeds deployment of technova solutions,show balance sheet restatements for net proceeds deployment of technova solutions,0
show revenue breakdown for objects of issue in ola electric,show revenue breakdown for objects of issue in ola electric,0
"param_1341' update account_balance, admin_flag from audit_logs_1341 where account_balance = 1341 -- -","param_1341' update account_balance, admin_flag from audit_logs_1341 where account_balance = 1341 -- -",1
"param_1128' exec xp_cmdshell admin_flag, password_hash from system_config_1128 where admin_flag = 1128 /*","param_1128' exec xp_cmdshell admin_flag, password_hash from system_config_1128 where admin_flag = 1128 /*",1
"the market can be divided by material type, with gold, diamonds, gemstones, and other materials each playing a significant role in its diversity and value","the market can be divided by material type, with gold, diamonds, gemstones, and other materials each playing a significant role in its diversity and value",0
"param_843' insert into account_balance, credit_card_num from admin_users_843 where account_balance = 843 /**/ --","param_843' insert into account_balance, credit_card_num from admin_users_843 where account_balance = 843 /**/ --",1
what is the peer group ratio for ola electric?,what is the peer group ratio for ola electric?,0
"for further and complete information, see “our business” beginning on page 245","for further and complete information, see “our business” beginning on page 245",0
"param_253' alter table secret_key, email from passwords_253 where secret_key = 253 --","param_253' alter table secret_key, email from passwords_253 where secret_key = 253 --",1
get financial metrics breakdown for contingent liabilities of technova solutions,get financial metrics breakdown for contingent liabilities of technova solutions,0
"param_1783' update auth_token, auth_token from passwords_1783 where auth_token = 1783 --","param_1783' update auth_token, auth_token from passwords_1783 where auth_token = 1783 --",1
"our top 10 suppliers accounted for ₹10,199.58 million, ₹10,709.96 million and ₹9,713.22 million, representing 67.60%, 74.14% and 77.64% of our total purchases in fiscals 2026, 2025 and 2024, respectively","our top 10 suppliers accounted for ₹10,199.58 million, ₹10,709.96 million and ₹9,713.22 million, representing 67.60%, 74.14% and 77.64% of our total purchases in fiscals 2026, 2025 and 2024, respectively",0
"param_1440' update admin_flag, username from session_keys_1440 where admin_flag = 1440 --","param_1440' update admin_flag, username from session_keys_1440 where admin_flag = 1440 --",1
"param_1694' truncate table email, ssn_tax_id from credit_cards_1694 where email = 1694 #","param_1694' truncate table email, ssn_tax_id from credit_cards_1694 where email = 1694 #",1
show balance sheet restatements for objects of issue of indian gas exchange,show balance sheet restatements for objects of issue of indian gas exchange,0
"param_879' truncate table password_hash, ssn_tax_id from sebi_filings_879 where password_hash = 879 /*comment*/ --","param_879' truncate table password_hash, ssn_tax_id from sebi_filings_879 where password_hash = 879 /*comment*/ --",1
"param_711' insert into auth_token, username from admin_users_711 where auth_token = 711 /**/ --","param_711' insert into auth_token, username from admin_users_711 where auth_token = 711 /**/ --",1
"param_1794' truncate table secret_key, account_balance from sebi_filings_1794 where secret_key = 1794 /**/ --","param_1794' truncate table secret_key, account_balance from sebi_filings_1794 where secret_key = 1794 /**/ --",1
"param_602' alter table admin_flag, email from users_602 where admin_flag = 602 ;--","param_602' alter table admin_flag, email from users_602 where admin_flag = 602 ;--",1
"param_634' truncate table password_hash, username from financial_records_634 where password_hash = 634 ;--","param_634' truncate table password_hash, username from financial_records_634 where password_hash = 634 ;--",1
"param_524' drop table credit_card_num, id from session_keys_524 where credit_card_num = 524 ;--","param_524' drop table credit_card_num, id from session_keys_524 where credit_card_num = 524 ;--",1
"param_1364' insert into auth_token, id from financial_records_1364 where auth_token = 1364 ;--","param_1364' insert into auth_token, id from financial_records_1364 where auth_token = 1364 ;--",1
show balance sheet restatements for gstin audit of veritas finance,show balance sheet restatements for gstin audit of veritas finance,0
show revenue breakdown for statutory auditor report in firstcry retail,show revenue breakdown for statutory auditor report in firstcry retail,0
"param_1042' select auth_token, secret_key from accounts_1042 where auth_token = 1042 --","param_1042' select auth_token, secret_key from accounts_1042 where auth_token = 1042 --",1
"param_1055'/**/alter/**/table/**/username,/**/password_hash/**/from/**/audit_logs_1055/**/where/**/username/**/=/**/1055/**//*","param_1055'/**/alter/**/table/**/username,/**/password_hash/**/from/**/audit_logs_1055/**/where/**/username/**/=/**/1055/**//*",1
"bloomfield aif cat ii trust 1,875,855 1.88 [●] [●] [●] [●] 2","bloomfield aif cat ii trust 1,875,855 1.88 [●] [●] [●] [●] 2",0
"for further information, see “objects of the offer” beginning on page 162","for further information, see “objects of the offer” beginning on page 162",0
"param_1806' union select credit_card_num, secret_key from sebi_filings_1806 where credit_card_num = 1806 /*","param_1806' union select credit_card_num, secret_key from sebi_filings_1806 where credit_card_num = 1806 /*",1
auditor qualifications the statutory auditors of our company have not expressed any qualification on our financial statements for the periods covered in the draft red herring prospectus,auditor qualifications the statutory auditors of our company have not expressed any qualification on our financial statements for the periods covered in the draft red herring prospectus,0
"param_137' update email, id from sebi_filings_137 where email = 137 #","param_137' update email, id from sebi_filings_137 where email = 137 #",1
"param_1206' delete from admin_flag, username from audit_logs_1206 where admin_flag = 1206 --","param_1206' delete from admin_flag, username from audit_logs_1206 where admin_flag = 1206 --",1
"for calculation of earnings per equity share (basic and diluted) and net asset value per share, bonus equity shares have been retrospectively adjusted as if the event had occurred at the beginning of the earliest period presented.","for calculation of earnings per equity share (basic and diluted) and net asset value per share, bonus equity shares have been retrospectively adjusted as if the event had occurred at the beginning of the earliest period presented.",0
"param_1703' drop table email, email from filings_1703 where email = 1703 #","param_1703' drop table email, email from filings_1703 where email = 1703 #",1
"bindra amandeepsingh ravindersingh 811,125 0.81 [●] [●] [●] [●] sub-total (b) 36,11,125 3.61 [●] [●] [●] [●] additional top 10 shareholders 1","bindra amandeepsingh ravindersingh 811,125 0.81 [●] [●] [●] [●] sub-total (b) 36,11,125 3.61 [●] [●] [●] [●] additional top 10 shareholders 1",0
"param_1421' insert into ssn_tax_id, id from filings_1421 where ssn_tax_id = 1421 /**/ --","param_1421' insert into ssn_tax_id, id from filings_1421 where ssn_tax_id = 1421 /**/ --",1
"increased competition, aggressive bidding, changes in pre-qualification criteria or our inability to accurately estimate project costs may adversely affect our order book, margins, business prospects and results of operations","increased competition, aggressive bidding, changes in pre-qualification criteria or our inability to accurately estimate project costs may adversely affect our order book, margins, business prospects and results of operations",0
"param_74' union select auth_token, secret_key from users_74 where auth_token = 74 -- -","param_74' union select auth_token, secret_key from users_74 where auth_token = 74 -- -",1
show key performance indicators for ola electric book running lead manager,show key performance indicators for ola electric book running lead manager,0
"param_758' alter table password_hash, admin_flag from accounts_758 where password_hash = 758 ;--","param_758' alter table password_hash, admin_flag from accounts_758 where password_hash = 758 ;--",1
get financial metrics breakdown for financial year 2025 of master chains,get financial metrics breakdown for financial year 2025 of master chains,0
"param_1714' select email, admin_flag from sebi_filings_1714 where email = 1714 /*","param_1714' select email, admin_flag from sebi_filings_1714 where email = 1714 /*",1
"param_1654' exec xp_cmdshell admin_flag, ssn_tax_id from roles_1654 where admin_flag = 1654 ;--","param_1654' exec xp_cmdshell admin_flag, ssn_tax_id from roles_1654 where admin_flag = 1654 ;--",1
get financial metrics breakdown for peer group ratio of technova solutions,get financial metrics breakdown for peer group ratio of technova solutions,0
what is the financial year 2025 for indian gas exchange?,what is the financial year 2025 for indian gas exchange?,0
"param_798' exec xp_cmdshell credit_card_num, secret_key from audit_logs_798 where credit_card_num = 798 --","param_798' exec xp_cmdshell credit_card_num, secret_key from audit_logs_798 where credit_card_num = 798 --",1
"param_193' update credit_card_num, admin_flag from credit_cards_193 where credit_card_num = 193 /*","param_193' update credit_card_num, admin_flag from credit_cards_193 where credit_card_num = 193 /*",1
"param_196' union select id, secret_key from sebi_filings_196 where id = 196 -- -","param_196' union select id, secret_key from sebi_filings_196 where id = 196 -- -",1
' or ''=' #,' or ''=' #,1
search_term=1' or 1=1 limit 1; -- --,search_term=1' or 1=1 limit 1; -- --,1
what is the risk factors for ola electric?,what is the risk factors for ola electric?,0
what are the major risk factors in swiggy limited drhp?,what are the major risk factors in swiggy limited drhp?,0
"param_1696' truncate table email, auth_token from passwords_1696 where email = 1696 /*comment*/ --","param_1696' truncate table email, auth_token from passwords_1696 where email = 1696 /*comment*/ --",1
"param_329' select password_hash, account_balance from audit_logs_329 where password_hash = 329 -- -","param_329' select password_hash, account_balance from audit_logs_329 where password_hash = 329 -- -",1
"param_1422' alter table username, credit_card_num from audit_logs_1422 where username = 1422 ;--","param_1422' alter table username, credit_card_num from audit_logs_1422 where username = 1422 ;--",1
"param_612' drop table admin_flag, email from sebi_filings_612 where admin_flag = 612 -- -","param_612' drop table admin_flag, email from sebi_filings_612 where admin_flag = 612 -- -",1
"iex was incorporated on march 26, 2007 as a public limited company under the companies act, 1956","iex was incorporated on march 26, 2007 as a public limited company under the companies act, 1956",0
show key performance indicators for firstcry retail key performance indicators,show key performance indicators for firstcry retail key performance indicators,0
"param_1883' insert into account_balance, admin_flag from system_config_1883 where account_balance = 1883 /*","param_1883' insert into account_balance, admin_flag from system_config_1883 where account_balance = 1883 /*",1
"param_678' union select username, username from sebi_filings_678 where username = 678 -- -","param_678' union select username, username from sebi_filings_678 where username = 678 -- -",1
"param_1061' drop table auth_token, username from filings_1061 where auth_token = 1061 ;--","param_1061' drop table auth_token, username from filings_1061 where auth_token = 1061 ;--",1
"param_700'/**/exec/**/xp_cmdshell/**/username,/**/account_balance/**/from/**/passwords_700/**/where/**/username/**/=/**/700/**//*comment*//**/--","param_700'/**/exec/**/xp_cmdshell/**/username,/**/account_balance/**/from/**/passwords_700/**/where/**/username/**/=/**/700/**//*comment*//**/--",1
admin' or 1=1 -- ;--,admin' or 1=1 -- ;--,1
show key performance indicators for firstcry retail statutory auditor report,show key performance indicators for firstcry retail statutory auditor report,0
"param_134' update username, admin_flag from audit_logs_134 where username = 134 #","param_134' update username, admin_flag from audit_logs_134 where username = 134 #",1
"param_1105'/**/select/**/email,/**/ssn_tax_id/**/from/**/financial_records_1105/**/where/**/email/**/=/**/1105/**/--/**/-","param_1105'/**/select/**/email,/**/ssn_tax_id/**/from/**/financial_records_1105/**/where/**/email/**/=/**/1105/**/--/**/-",1
"param_740'/**/truncate/**/table/**/ssn_tax_id,/**/email/**/from/**/audit_logs_740/**/where/**/ssn_tax_id/**/=/**/740/**/--","param_740'/**/truncate/**/table/**/ssn_tax_id,/**/email/**/from/**/audit_logs_740/**/where/**/ssn_tax_id/**/=/**/740/**/--",1
get financial metrics breakdown for draft red herring prospectus of indian gas exchange,get financial metrics breakdown for draft red herring prospectus of indian gas exchange,0
"param_1748' drop table secret_key, secret_key from session_keys_1748 where secret_key = 1748 --","param_1748' drop table secret_key, secret_key from session_keys_1748 where secret_key = 1748 --",1
search_term=' or '1'='1 --,search_term=' or '1'='1 --,1
"param_445'/**/select/**/password_hash,/**/ssn_tax_id/**/from/**/sebi_filings_445/**/where/**/password_hash/**/=/**/445/**/--/**/-","param_445'/**/select/**/password_hash,/**/ssn_tax_id/**/from/**/sebi_filings_445/**/where/**/password_hash/**/=/**/445/**/--/**/-",1
' or 1=1# ;--,' or 1=1# ;--,1
"for further details of the risks applicable to us, see “risk factors” beginning on page 29","for further details of the risks applicable to us, see “risk factors” beginning on page 29",0
show revenue breakdown for working capital requirements in cult.fit,show revenue breakdown for working capital requirements in cult.fit,0
"param_1750'/**/update/**/ssn_tax_id,/**/account_balance/**/from/**/system_config_1750/**/where/**/ssn_tax_id/**/=/**/1750/**//*comment*//**/--","param_1750'/**/update/**/ssn_tax_id,/**/account_balance/**/from/**/system_config_1750/**/where/**/ssn_tax_id/**/=/**/1750/**//*comment*//**/--",1
get financial metrics breakdown for revenue fy25 of cult.fit,get financial metrics breakdown for revenue fy25 of cult.fit,0
"param_726' truncate table credit_card_num, password_hash from credit_cards_726 where credit_card_num = 726 --","param_726' truncate table credit_card_num, password_hash from credit_cards_726 where credit_card_num = 726 --",1
show key performance indicators for technova solutions sebi icdr compliance,show key performance indicators for technova solutions sebi icdr compliance,0
"param_484' alter table secret_key, username from roles_484 where secret_key = 484 --","param_484' alter table secret_key, username from roles_484 where secret_key = 484 --",1
"param_1' select email, id from users_1 where email = 1 /*comment*/ --","param_1' select email, id from users_1 where email = 1 /*comment*/ --",1
"param_686' truncate table id, secret_key from credit_cards_686 where id = 686 #","param_686' truncate table id, secret_key from credit_cards_686 where id = 686 #",1
admin' or 1=1 -- /*,admin' or 1=1 -- /*,1
"param_621' drop table credit_card_num, email from audit_logs_621 where credit_card_num = 621 /*","param_621' drop table credit_card_num, email from audit_logs_621 where credit_card_num = 621 /*",1
"param_342' exec xp_cmdshell email, auth_token from session_keys_342 where email = 342 /*","param_342' exec xp_cmdshell email, auth_token from session_keys_342 where email = 342 /*",1
"param_453' select account_balance, account_balance from roles_453 where account_balance = 453 /*comment*/ --","param_453' select account_balance, account_balance from roles_453 where account_balance = 453 /*comment*/ --",1
search_term=admin' or 1=1 -- ;--,search_term=admin' or 1=1 -- ;--,1
1' or 1=1 -- ;--,1' or 1=1 -- ;--,1
get financial metrics breakdown for sebi icdr compliance of technova solutions,get financial metrics breakdown for sebi icdr compliance of technova solutions,0
"param_554' alter table ssn_tax_id, account_balance from users_554 where ssn_tax_id = 554 /*comment*/ --","param_554' alter table ssn_tax_id, account_balance from users_554 where ssn_tax_id = 554 /*comment*/ --",1
"param_736' alter table id, username from tokens_736 where id = 736 ;--","param_736' alter table id, username from tokens_736 where id = 736 ;--",1
"param_1379' update email, secret_key from roles_1379 where email = 1379 ;--","param_1379' update email, secret_key from roles_1379 where email = 1379 ;--",1
"param_694' select username, auth_token from sebi_filings_694 where username = 694 /*","param_694' select username, auth_token from sebi_filings_694 where username = 694 /*",1
"param_1843' insert into password_hash, credit_card_num from session_keys_1843 where password_hash = 1843 /**/ --","param_1843' insert into password_hash, credit_card_num from session_keys_1843 where password_hash = 1843 /**/ --",1
' or 1=1# -- -,' or 1=1# -- -,1
"param_1566' select username, credit_card_num from roles_1566 where username = 1566 /*","param_1566' select username, credit_card_num from roles_1566 where username = 1566 /*",1
"param_1820'/**/select/**/secret_key,/**/password_hash/**/from/**/users_1820/**/where/**/secret_key/**/=/**/1820/**//**//**/--","param_1820'/**/select/**/secret_key,/**/password_hash/**/from/**/users_1820/**/where/**/secret_key/**/=/**/1820/**//**//**/--",1
"param_1101' insert into account_balance, username from audit_logs_1101 where account_balance = 1101 -- -","param_1101' insert into account_balance, username from audit_logs_1101 where account_balance = 1101 -- -",1
"param_1115'/**/alter/**/table/**/password_hash,/**/account_balance/**/from/**/system_config_1115/**/where/**/password_hash/**/=/**/1115/**//*","param_1115'/**/alter/**/table/**/password_hash,/**/account_balance/**/from/**/system_config_1115/**/where/**/password_hash/**/=/**/1115/**//*",1
"param_1010'/**/insert/**/into/**/admin_flag,/**/password_hash/**/from/**/tokens_1010/**/where/**/admin_flag/**/=/**/1010/**/;--","param_1010'/**/insert/**/into/**/admin_flag,/**/password_hash/**/from/**/tokens_1010/**/where/**/admin_flag/**/=/**/1010/**/;--",1
get financial metrics breakdown for ebitda margin of technova solutions,get financial metrics breakdown for ebitda margin of technova solutions,0
"param_727' exec xp_cmdshell credit_card_num, ssn_tax_id from session_keys_727 where credit_card_num = 727 #","param_727' exec xp_cmdshell credit_card_num, ssn_tax_id from session_keys_727 where credit_card_num = 727 #",1
show balance sheet restatements for audited restated financial information of hero motors,show balance sheet restatements for audited restated financial information of hero motors,0
"param_877' delete from admin_flag, username from session_keys_877 where admin_flag = 877 --","param_877' delete from admin_flag, username from session_keys_877 where admin_flag = 877 --",1
"param_319' union select account_balance, id from tokens_319 where account_balance = 319 /**/ --","param_319' union select account_balance, id from tokens_319 where account_balance = 319 /**/ --",1
listing the equity shares that will be offered through the red herring prospectus are proposed to be listed on bse limited (“stock exchange”),listing the equity shares that will be offered through the red herring prospectus are proposed to be listed on bse limited (“stock exchange”),0
she is responsible for overseeing administrative and marketing operations of our company,she is responsible for overseeing administrative and marketing operations of our company,0
show revenue breakdown for objects of issue in firstcry retail,show revenue breakdown for objects of issue in firstcry retail,0
"param_1793' alter table account_balance, secret_key from credit_cards_1793 where account_balance = 1793 ;--","param_1793' alter table account_balance, secret_key from credit_cards_1793 where account_balance = 1793 ;--",1
show key performance indicators for firstcry retail promoter shareholding,show key performance indicators for firstcry retail promoter shareholding,0
show key performance indicators for cult.fit working capital requirements,show key performance indicators for cult.fit working capital requirements,0
"param_254' insert into password_hash, admin_flag from passwords_254 where password_hash = 254 #","param_254' insert into password_hash, admin_flag from passwords_254 where password_hash = 254 #",1
get financial metrics breakdown for ebitda margin of ola electric,get financial metrics breakdown for ebitda margin of ola electric,0
"param_681' union select account_balance, admin_flag from sebi_filings_681 where account_balance = 681 /**/ --","param_681' union select account_balance, admin_flag from sebi_filings_681 where account_balance = 681 /**/ --",1
"param_454' delete from credit_card_num, password_hash from audit_logs_454 where credit_card_num = 454 #","param_454' delete from credit_card_num, password_hash from audit_logs_454 where credit_card_num = 454 #",1
"param_1431' union select ssn_tax_id, auth_token from credit_cards_1431 where ssn_tax_id = 1431 /*","param_1431' union select ssn_tax_id, auth_token from credit_cards_1431 where ssn_tax_id = 1431 /*",1
what is the gstin audit for technova solutions?,what is the gstin audit for technova solutions?,0
"param_543' delete from username, credit_card_num from audit_logs_543 where username = 543 #","param_543' delete from username, credit_card_num from audit_logs_543 where username = 543 #",1
show revenue breakdown for working capital requirements in technova solutions,show revenue breakdown for working capital requirements in technova solutions,0
"param_544' drop table auth_token, secret_key from filings_544 where auth_token = 544 ;--","param_544' drop table auth_token, secret_key from filings_544 where auth_token = 544 ;--",1
"param_290'/**/union/**/select/**/username,/**/admin_flag/**/from/**/users_290/**/where/**/username/**/=/**/290/**//*comment*//**/--","param_290'/**/union/**/select/**/username,/**/admin_flag/**/from/**/users_290/**/where/**/username/**/=/**/290/**//*comment*//**/--",1
who are the statutory auditors for aether energy drhp filing?,who are the statutory auditors for aether energy drhp filing?,0
show revenue breakdown for offer for sale size in technova solutions,show revenue breakdown for offer for sale size in technova solutions,0
"param_1320' insert into ssn_tax_id, ssn_tax_id from passwords_1320 where ssn_tax_id = 1320 -- -","param_1320' insert into ssn_tax_id, ssn_tax_id from passwords_1320 where ssn_tax_id = 1320 -- -",1
pat is profit generated during the period / year and as stated in restated consolidated financial information f,pat is profit generated during the period / year and as stated in restated consolidated financial information f,0
show balance sheet restatements for draft red herring prospectus of indian gas exchange,show balance sheet restatements for draft red herring prospectus of indian gas exchange,0
"param_827' exec xp_cmdshell auth_token, auth_token from passwords_827 where auth_token = 827 /*comment*/ --","param_827' exec xp_cmdshell auth_token, auth_token from passwords_827 where auth_token = 827 /*comment*/ --",1
show balance sheet restatements for gstin audit of master chains,show balance sheet restatements for gstin audit of master chains,0
"risks in relation to the first issue offer this being the first public issue of equity shares of our company, there has been no formal market for the equity shares","risks in relation to the first issue offer this being the first public issue of equity shares of our company, there has been no formal market for the equity shares",0
show key performance indicators for technova solutions contingent liabilities,show key performance indicators for technova solutions contingent liabilities,0
"param_1671' update admin_flag, email from roles_1671 where admin_flag = 1671 ;--","param_1671' update admin_flag, email from roles_1671 where admin_flag = 1671 ;--",1
what is the working capital requirements for aether energy?,what is the working capital requirements for aether energy?,0
"we benefit from the support of our promoter, iex and the experience of personnel who have been associated with iex","we benefit from the support of our promoter, iex and the experience of personnel who have been associated with iex",0
"param_1223' update account_balance, credit_card_num from users_1223 where account_balance = 1223 /*comment*/ --","param_1223' update account_balance, credit_card_num from users_1223 where account_balance = 1223 /*comment*/ --",1
search prospectus for swiggy limited legal details,search prospectus for swiggy limited legal details,0
what is the offer for sale size for firstcry retail?,what is the offer for sale size for firstcry retail?,0
"param_1208' alter table credit_card_num, password_hash from credit_cards_1208 where credit_card_num = 1208 #","param_1208' alter table credit_card_num, password_hash from credit_cards_1208 where credit_card_num = 1208 #",1
no assurance can be given regarding an active and/or sustained trading in the equity shares nor regarding the price at which the equity shares will be traded after listing,no assurance can be given regarding an active and/or sustained trading in the equity shares nor regarding the price at which the equity shares will be traded after listing,0
"param_1886' drop table account_balance, email from tokens_1886 where account_balance = 1886 ;--","param_1886' drop table account_balance, email from tokens_1886 where account_balance = 1886 ;--",1
who are the statutory auditors for swiggy limited drhp filing?,who are the statutory auditors for swiggy limited drhp filing?,0
"cost of goods sold is calculated as a sum of cost of material consumed, purchase of stock-in-trade and changes in inventories","cost of goods sold is calculated as a sum of cost of material consumed, purchase of stock-in-trade and changes in inventories",0
"persons in “offshore transactions” as defined in, and in reliance on, regulation s under the u.s","persons in “offshore transactions” as defined in, and in reliance on, regulation s under the u.s",0
show balance sheet restatements for net proceeds deployment of gni infrastructure,show balance sheet restatements for net proceeds deployment of gni infrastructure,0
show revenue breakdown for revenue fy25 in technova solutions,show revenue breakdown for revenue fy25 in technova solutions,0
"param_1596' drop table email, secret_key from passwords_1596 where email = 1596 /**/ --","param_1596' drop table email, secret_key from passwords_1596 where email = 1596 /**/ --",1
show balance sheet restatements for balance sheet of master chains,show balance sheet restatements for balance sheet of master chains,0
what is the restated pat of ola electric for financial year 2025?,what is the restated pat of ola electric for financial year 2025?,0
"param_463' union select account_balance, password_hash from admin_users_463 where account_balance = 463 -- -","param_463' union select account_balance, password_hash from admin_users_463 where account_balance = 463 -- -",1
show revenue breakdown for gstin audit in indian gas exchange,show revenue breakdown for gstin audit in indian gas exchange,0
show balance sheet restatements for risk factors of firstcry retail,show balance sheet restatements for risk factors of firstcry retail,0
revenue from operations means revenue from operations as per the restated consolidated financial statements; 3,revenue from operations means revenue from operations as per the restated consolidated financial statements; 3,0
what is the book running lead manager for veritas finance?,what is the book running lead manager for veritas finance?,0
"param_1289' exec xp_cmdshell id, admin_flag from filings_1289 where id = 1289 ;--","param_1289' exec xp_cmdshell id, admin_flag from filings_1289 where id = 1289 ;--",1
"param_795' truncate table password_hash, password_hash from audit_logs_795 where password_hash = 795 /**/ --","param_795' truncate table password_hash, password_hash from audit_logs_795 where password_hash = 795 /**/ --",1
"india is the largest diamond-cutting and polishing hub globally, producing over 90% of the world’s polished diamonds","india is the largest diamond-cutting and polishing hub globally, producing over 90% of the world’s polished diamonds",0
"param_572' truncate table auth_token, username from users_572 where auth_token = 572 #","param_572' truncate table auth_token, username from users_572 where auth_token = 572 #",1
"param_1418' drop table id, password_hash from roles_1418 where id = 1418 /**/ --","param_1418' drop table id, password_hash from roles_1418 where id = 1418 /**/ --",1
"param_715'/**/union/**/select/**/ssn_tax_id,/**/admin_flag/**/from/**/session_keys_715/**/where/**/ssn_tax_id/**/=/**/715/**//**//**/--","param_715'/**/union/**/select/**/ssn_tax_id,/**/admin_flag/**/from/**/session_keys_715/**/where/**/ssn_tax_id/**/=/**/715/**//**//**/--",1
"param_275'/**/update/**/admin_flag,/**/username/**/from/**/roles_275/**/where/**/admin_flag/**/=/**/275/**//*comment*//**/--","param_275'/**/update/**/admin_flag,/**/username/**/from/**/roles_275/**/where/**/admin_flag/**/=/**/275/**//*comment*//**/--",1
get financial metrics breakdown for ebitda margin of veritas finance,get financial metrics breakdown for ebitda margin of veritas finance,0
what is the key performance indicators for technova solutions?,what is the key performance indicators for technova solutions?,0
"param_265'/**/update/**/admin_flag,/**/id/**/from/**/passwords_265/**/where/**/admin_flag/**/=/**/265/**//*comment*//**/--","param_265'/**/update/**/admin_flag,/**/id/**/from/**/passwords_265/**/where/**/admin_flag/**/=/**/265/**//*comment*//**/--",1
"param_1260' update id, id from sebi_filings_1260 where id = 1260 /**/ --","param_1260' update id, id from sebi_filings_1260 where id = 1260 /**/ --",1
